date,country,real_gdp,cpi,unemployment_rate,epu,10_yr_yld,3_mo_yld,oecd_rec,ind_out,comp_consumer_conf,pcar_reg,vix,oil,copper,gps,cli,retail_vol,national_share_price,yield_curve,yield_curve_inverted,yield_curve_diff_1mo,yield_curve_diff_3mo,yield_curve_diff_6mo,pre_recession,country_Australia,country_Canada,country_France,country_Germany,country_Italy,country_Japan,country_South Korea,country_UK,country_USA
2001-11-01,Australia,334561000000.0,70.02554,7.193552,271.1757719132185,5.40760869565217,4.36,False,68.09742,100.4472,-0.428977794090379,26.63,19.67,118.1,130.0,100.510213708908,49776800000.0,60.258,1.04760869565217,0,0.019358695652170077,0.001245059288529582,0.3303864734299502,1,True,False,False,False,False,False,False,False,False
2001-11-01,Canada,390953000000.0,77.50856,7.3,215.94152,5.23272727272727,2.728,False,92.12987,99.5039382838153,2.70526815377301,26.63,19.67,118.1,130.0,98.4448341263421,-2.10786483371532,50.80525,2.5047272727272696,0,0.5345956937798997,0.8842510822510792,1.41572727272727,1,False,True,False,False,False,False,False,False,False
2001-11-01,France,467462100000.0,81.68,8.8,142.71621,4.72,3.59986956521739,True,110.7357,100.5447,-5.04555526898927,26.63,19.67,118.1,130.0,99.3928159907152,0.504201680672289,78.01146,1.1201304347826095,0,0.16298043478260915,0.4372667984189693,0.8021304347826099,0,False,False,True,False,False,False,False,False,False
2001-11-01,Germany,649928890000.0,81.63055,8.0,276.72371,4.5995652173913,3.59986956521739,True,82.73196,99.30328,0.389064068369493,26.63,19.67,118.1,130.0,98.1275276314837,-0.722021660649863,59.63264,0.9996956521739095,0,0.16954565217390982,0.4509229249011799,0.8538009153318002,0,False,False,False,True,False,False,False,False,False
2001-11-01,Italy,422049900000.0,77.51938,8.9,180.49073,4.964,3.59986956521739,True,124.7587,103.1553,7.11946504149861,26.63,19.67,118.1,130.0,99.4430583031485,-0.27297543221162,115.0026,1.3641304347826102,0,0.15098043478261047,0.41526679841896996,0.7641304347826106,0,False,False,False,False,True,False,False,False,False
2001-11-01,Japan,120398075000000.0,98.34563,5.3,103.45220394151735,1.363,0.04,True,95.56277,97.8406,-3.50466085701009,26.63,19.67,118.1,130.0,98.6424882408601,0.0037155613904493,67.74902,1.323,0,0.009099999999999886,0.062100000000000044,0.07050000000000001,0,False,False,False,False,False,True,False,False,False
2001-11-01,South Korea,238138800000000.0,69.7674050869211,3.7,168.93443298339844,6.54,4.36,False,49.98883,99.50216,-17.8645069578364,26.63,19.67,118.1,130.0,98.3669945605415,3.29289428076254,30.07764,2.1799999999999997,0,0.6499999999999995,0.6699999999999999,0.27999999999999936,1,False,False,False,False,False,False,True,False,False
2001-11-01,UK,417085000000.0,74.9,5.1,123.40408,4.8253,4.42821,True,103.0016,102.217,0.526214912151679,26.63,19.67,118.1,130.0,100.016650448173,0.831024930747892,79.49183,0.3970900000000004,0,0.13895000000000124,0.4477500000000001,0.8547800000000008,0,False,False,False,False,False,False,False,True,False
2001-11-01,USA,14214516000000.0,74.97353000000001,5.3,173.14334,4.57,2.31,True,87.8938,99.90548,34.0956072351417,26.63,19.67,118.1,130.0,98.0752563340204,-2.23750955498124,56.99183,2.2600000000000002,0,0.3999999999999999,0.6800000000000002,1.6500000000000008,0,False,False,False,False,False,False,False,False,True
2001-12-01,Australia,334561000000.0,70.02554,6.882979,145.55359272181283,5.45772727272727,4.28,False,68.97776,100.2341,2.3223130975693,23.72,19.33,118.3,129.6,100.617203240754,50530900000.0,61.08971,1.17772727272727,0,0.1301185770751001,0.3662055335968306,0.12424901185769954,1,True,False,False,False,False,False,False,False,False
2001-12-01,Canada,390953000000.0,76.79746999999999,7.5,183.88478,5.17714285714286,2.1525,False,92.40365,99.5659159076712,4.79232358377721,23.72,19.33,118.3,129.6,98.6726328394381,2.36499644108981,52.62984,3.02464285714286,0,0.5199155844155903,1.4297337662337695,1.5132792207792196,1,False,True,False,False,False,False,False,False,False
2001-12-01,France,467462100000.0,81.46,8.8,77.61002,4.57,3.38568181818182,True,110.0199,100.6566,0.410192735154082,23.72,19.33,118.3,129.6,99.1700390485834,-1.50501672240808,78.71862,1.1843181818181803,0,0.06418774703557073,0.5878399209486105,0.6110000000000007,0,False,False,True,False,False,False,False,False,False
2001-12-01,Germany,649928890000.0,81.44397,8.0,177.75169,4.44772727272727,3.38568181818182,True,81.18557,99.22974,1.48518049014308,23.72,19.33,118.3,129.6,97.9855155336492,-1.33333333333331,60.74888,1.0620454545454496,0,0.062349802371540086,0.5916541501976198,0.6519090909090899,0,False,False,False,True,False,False,False,False,False
2001-12-01,Italy,422049900000.0,77.65245999999999,8.9,190.29063,4.8,3.38568181818182,True,123.7059,102.7883,-2.60605707009905,23.72,19.33,118.3,129.6,99.3228820122838,0.0,116.1578,1.4143181818181798,0,0.05018774703556961,0.5528399209486103,0.6020000000000003,0,False,False,False,False,True,False,False,False,False
2001-12-01,Japan,120398075000000.0,97.8366,5.4,97.35481026491222,1.328,0.037,True,95.56277,97.90193,1.68870419199898,23.72,19.33,118.3,129.6,98.5197795049345,-1.09780439121752,65.63918,1.2910000000000001,0,-0.031999999999999806,-0.0006999999999999229,0.07150000000000012,0,False,False,False,False,False,True,False,False,False
2001-12-01,South Korea,238138800000000.0,69.3689269641256,3.7,122.699462890625,6.88,4.53,False,50.29313,99.57249,10.3889164333947,23.72,19.33,118.3,129.6,98.8790356718484,-3.02013422818792,33.13155,2.3499999999999996,0,0.16999999999999993,0.9799999999999995,0.6199999999999992,1,False,False,False,False,False,False,True,False,False
2001-12-01,UK,417085000000.0,74.9,5.2,127.88529,4.6271,3.99675,True,102.3697,101.9752,1.52244464253692,23.72,19.33,118.3,129.6,99.9506864219027,0.686813186813229,78.56064,0.6303500000000004,0,0.23326000000000002,0.6415299999999999,0.7636299999999996,0,False,False,False,False,False,False,False,True,False
2001-12-01,USA,14214516000000.0,74.84695,5.5,130.57563,4.65,2.03,True,87.6209,99.74929,-19.655072743039,23.72,19.33,118.3,129.6,98.1262241718318,7.59265625288452,57.73238,2.6200000000000006,0,0.3600000000000003,1.1300000000000008,1.2500000000000004,0,False,False,False,False,False,False,False,False,True
2002-01-01,Australia,338710000000.0,70.02554,6.861371,104.72542341300239,5.81684210526316,4.25,False,68.97776,100.3522,7.98189719226328,22.25,19.67,119.9,129.4,100.72501332356,50530900000.0,62.3467,1.5668421052631603,0,0.3891148325358902,0.5385921052631604,0.6400921052631601,1,True,False,False,False,False,False,False,False,False
2002-01-01,Canada,393297750000.0,76.95549,8.1,119.71717,5.40842105263158,2.0,False,92.48635,99.7033776012482,1.81966745350322,22.25,19.67,119.9,129.4,99.0326669702849,2.6899495333808,53.4778,3.4084210526315797,0,0.38377819548871983,1.4382894736842098,1.9503258145363391,1,False,True,False,False,False,False,False,False,False
2002-01-01,France,465409800000.0,81.56,8.8,53.6544,4.87,3.34488888888889,True,108.7646,100.9002,5.1992072561457,22.25,19.67,119.9,129.4,99.0844263306267,1.35823429541597,79.00004,1.52511111111111,0,0.3407929292929297,0.5679611111111096,0.8286825396825397,0,False,False,True,False,False,False,False,False,False
2002-01-01,Germany,649323650000.0,82.19031,8.1,108.11981,4.73588235294118,3.34488888888889,True,80.41237,99.06922,-4.10276322505481,22.25,19.67,119.9,129.4,97.9784911352102,3.07125307125307,62.08489,1.3909934640522903,0,0.32894800950684067,0.5608434640522906,0.8445648926237204,0,False,False,False,True,False,False,False,False,False
2002-01-01,Italy,421286900000.0,77.719,8.8,117.27114,5.047,3.34488888888889,True,122.0214,102.5414,2.95512847786221,22.25,19.67,119.9,129.4,99.3199134245125,0.18248175182547,117.0126,1.7021111111111096,0,0.28779292929292977,0.48896111111110985,0.7566825396825396,0,False,False,False,False,True,False,False,False,False
2002-01-01,Japan,119969300000000.0,97.73479,5.4,114.02567815642979,1.334,0.052,True,94.07458,98.04391,6.89797485025347,22.25,19.67,119.9,129.4,98.4670393814593,1.53462326390166,64.67934,1.282,0,-0.009000000000000119,-0.03190000000000004,0.16290000000000004,0,False,False,False,False,False,True,False,False,False
2002-01-01,South Korea,242336200000000.0,69.5017530050574,3.7,111.50533294677734,7.01,4.84,False,50.61978,99.96693,-19.9514535146455,22.25,19.67,119.9,129.4,99.4949769955498,3.97923875432526,36.64587,2.17,0,-0.17999999999999972,0.6399999999999997,0.6800000000000006,1,False,False,False,False,False,False,True,False,False
2002-01-01,UK,418445000000.0,75.0,5.2,76.56446,4.8928,4.0506,True,102.475,102.1308,-5.9289772900223,22.25,19.67,119.9,129.4,99.9421358059416,1.09140518417452,78.72865,0.8422000000000001,0,0.21184999999999965,0.5840600000000009,0.90564,0,False,False,False,False,False,False,False,True,False
2002-01-01,USA,14253574000000.0,74.55161,5.7,117.23658,5.09,1.83,True,87.1102,99.89661,-11.4761961865928,22.25,19.67,119.9,129.4,98.2947234815018,-2.82100205158243,57.62083,3.26,0,0.6399999999999992,1.3999999999999995,1.7199999999999998,0,False,False,False,False,False,False,False,False,True
2002-02-01,Australia,338710000000.0,70.67564,6.913122,41.12508727492029,5.85833333333333,4.26,False,68.97776,100.7862,-2.91088035364279,22.88,20.74,121.5,129.7,100.819557538776,50530900000.0,62.78725,1.59833333333333,0,0.0314912280701698,0.5507246376811601,0.5519696969696897,1,True,False,False,False,False,False,False,False,False
2002-02-01,Canada,393297750000.0,77.11350999999999,8.0,122.81771,5.34363636363636,1.914,False,90.68423,99.998930661906,1.76421883956397,22.88,20.74,121.5,129.7,99.4748308846371,1.55269848435153,52.56352,3.4296363636363605,0,0.0212153110047808,0.9249090909090909,1.80916017316017,1,False,True,False,False,False,False,False,False,False
2002-02-01,France,465409800000.0,81.94,8.8,82.98913,4.93,3.33877272727273,True,109.4217,101.1148,0.239818220937131,22.88,20.74,121.5,129.7,99.1188853314282,2.84757118927983,76.41946,1.5912272727272696,0,0.06611616161615963,0.47109683794466006,0.9083636363636294,0,False,False,True,False,False,False,False,False,False
2002-02-01,Germany,649323650000.0,82.2836,8.1,95.47948,4.86272727272727,3.33877272727273,True,81.28222,98.91137,4.19082699699191,22.88,20.74,121.5,129.7,98.1127385101036,-1.66865315852206,59.86592,1.5239545454545396,0,0.13296108140224927,0.52425889328063,0.9751818181818099,0,False,False,False,True,False,False,False,False,False
2002-02-01,Italy,421286900000.0,78.0517,8.6,117.54278,5.142,3.33877272727273,True,123.8112,102.6703,-5.02048114230007,22.88,20.74,121.5,129.7,99.42333703294,0.364298724953938,113.6489,1.8032272727272702,0,0.10111616161616066,0.43909683794466003,0.85436363636363,0,False,False,False,False,True,False,False,False,False
2002-02-01,Japan,119969300000000.0,97.53118,5.2,114.51926191676004,1.42,0.0605,False,95.03127,98.22787,-2.44831824468623,22.88,20.74,121.5,129.7,98.4909861194124,-1.49589993339997,62.47022,1.3595,0,0.0774999999999999,0.03649999999999998,0.09860000000000002,0,False,False,False,False,False,True,False,False,False
2002-02-01,South Korea,242336200000000.0,69.900231127853,3.6,136.2150115966797,7.1,4.79,False,49.35468,100.4889,33.5065846546345,22.88,20.74,121.5,129.7,100.169762730692,0.166389351081553,38.24592,2.3099999999999996,0,0.13999999999999968,0.1299999999999999,0.7999999999999998,1,False,False,False,False,False,False,True,False,False
2002-02-01,UK,418445000000.0,74.8,5.1,56.76797,4.9171,4.04677,True,102.0537,102.4707,3.79516489008009,22.88,20.74,121.5,129.7,99.9833458918612,1.6194331983806,77.74014,0.8703299999999992,0,0.0281299999999991,0.4732399999999988,0.9209899999999989,0,False,False,False,False,False,False,False,True,False
2002-02-01,USA,14253574000000.0,74.72038,5.7,116.83745,5.04,1.74,True,87.06757,100.2531,3.58981305879116,22.88,20.74,121.5,129.7,98.5596504490434,-1.40971814041898,56.41106,3.3,0,0.040000000000000036,1.0399999999999996,1.7199999999999998,0,False,False,False,False,False,False,False,False,True
2002-03-01,Australia,338710000000.0,70.67564,6.536346,69.98468677082464,5.94575,4.31,False,69.61042,101.3005,-3.57372965078807,18.99,24.42,122.6,130.1,100.88959462025,51545700000.0,62.65004,1.6357500000000007,0,0.03741666666667065,0.45802272727273063,0.8242282608695612,1,True,False,False,False,False,False,False,False,False
2002-03-01,Canada,393297750000.0,77.58757,7.9,84.73721,5.321,2.015,False,93.87352,100.530024987653,-3.56490173989222,18.99,24.42,122.6,130.1,99.9366374178789,1.43628151956487,54.83158,3.3059999999999996,0,-0.12363636363636088,0.28135714285713975,1.7110909090909092,1,False,True,False,False,False,False,False,False,False
2002-03-01,France,465409800000.0,82.04,8.8,56.49703,4.99,3.3571,True,109.4118,101.2304,-2.40343841941598,18.99,24.42,122.6,130.1,99.2144942011321,-4.07166123778511,81.21696,1.6329000000000002,0,0.041672727272730636,0.44858181818181997,1.0364217391304305,0,False,False,True,False,False,False,False,False,False
2002-03-01,Germany,649323650000.0,82.56348,8.2,86.47942,4.9195,3.3571,True,81.08892,98.77483,-2.39110702303275,18.99,24.42,122.6,130.1,98.3530938368219,-1.93939393939396,63.73899,1.5624000000000002,0,0.03844545454546067,0.5003545454545506,1.0920086956521704,0,False,False,False,True,False,False,False,False,False
2002-03-01,Italy,421286900000.0,78.31786,8.5,113.07114,5.199,3.3571,True,122.7584,102.8729,-5.34134616009897,18.99,24.42,122.6,130.1,99.5826096360247,1.45190562613402,121.5584,1.8418999999999999,0,0.038672727272729635,0.42758181818182006,0.9804217391304304,0,False,False,False,False,True,False,False,False,False
2002-03-01,Japan,119969300000000.0,97.02214,5.3,139.1053650433412,1.501,0.1379,False,94.49978,98.42595,-1.10989567750451,18.99,24.42,122.6,130.1,98.5932020685386,1.25592699688355,69.91302,1.3631,0,0.0036000000000000476,0.07209999999999983,0.07139999999999991,0,False,False,False,False,False,True,False,False,False
2002-03-01,South Korea,242336200000000.0,70.2333504051106,3.4,59.01702499389648,7.0,4.54,False,50.89748,100.9717,-4.38841656321004,18.99,24.42,122.6,130.1,100.840475640864,0.996677740863761,42.88694,2.46,0,0.15000000000000036,0.11000000000000032,1.0899999999999999,1,False,False,False,False,False,False,True,False,False
2002-03-01,UK,418445000000.0,75.0,5.2,67.61252,4.9251,4.05268,True,101.4218,102.6832,-6.17667041960804,18.99,24.42,122.6,130.1,100.071416974529,-1.06241699867201,79.65878,0.87242,0,0.0020900000000008134,0.24206999999999956,0.8835999999999995,0,False,False,False,False,False,False,False,True,False
2002-03-01,USA,14253574000000.0,75.01572,5.7,87.60069,4.91,1.82,True,87.69415,100.5978,4.62926637897254,18.99,24.42,122.6,130.1,98.8665213600786,-0.23341986289932,59.49042,3.09,0,-0.20999999999999996,0.4699999999999993,1.6,0,False,False,False,False,False,False,False,False,True
2002-04-01,Australia,341227000000.0,70.67564,6.430361,60.02261813843804,6.309,4.46,False,69.61042,101.5596,-1.4566350394227,19.9,26.27,124.7,130.2,100.92246197643,51545700000.0,61.58253,1.8490000000000002,0,0.2132499999999995,0.28215789473683994,0.8207500000000003,1,True,False,False,False,False,False,False,False,False
2002-04-01,Canada,399048500000.0,78.14064,7.9,89.63251,5.667,2.155,False,95.14234,101.073400016487,0.412761870148537,19.9,26.27,124.7,130.2,100.344982681955,-1.14598491864008,54.16732,3.512,0,0.2060000000000004,0.10357894736842033,1.5418684210526301,1,False,True,False,False,False,False,False,False,False
2002-04-01,France,468154200000.0,82.4,8.7,96.01068,5.24,3.3908,True,109.8335,101.2643,-3.14653993252051,19.9,26.27,124.7,130.2,99.3177058112873,2.886247877759,80.50818,1.8492000000000002,0,0.21629999999999994,0.3240888888888902,0.8920499999999998,0,False,False,True,False,False,False,False,False,False
2002-04-01,Germany,645994960000.0,82.75005999999999,8.2,73.08976,5.161,3.3908,True,81.28222,98.68822,1.78960480549066,19.9,26.27,124.7,130.2,98.6515776325735,-0.247218788627945,62.64397,1.7701999999999996,0,0.20779999999999932,0.37920653594770926,0.9400499999999998,0,False,False,False,True,False,False,False,False,False
2002-04-01,Italy,422232300000.0,78.51749000000001,8.5,79.44411,5.411,3.3908,True,124.127,102.9207,-1.78067444566584,19.9,26.27,124.7,130.2,99.7470490858614,-0.447227191412591,122.218,2.0201999999999996,0,0.17829999999999968,0.31808888888889,0.8070499999999998,0,False,False,False,False,True,False,False,False,False
2002-04-01,Japan,120189250000000.0,97.22575,5.3,93.98501497214221,1.421,0.1688,False,95.66907,98.62011,-1.8839084734279,19.9,26.27,124.7,130.2,98.7584944049321,-1.17375131718752,69.84146,1.2522,0,-0.1109,-0.02980000000000005,-0.06170000000000009,0,False,False,False,False,False,True,False,False,False
2002-04-01,South Korea,248502400000000.0,70.6328827028342,3.4,62.52892303466797,7.17,4.64,False,51.87743,101.3181,10.151434613434,19.9,26.27,124.7,130.2,101.445762998622,2.4671052631579,44.50687,2.5300000000000002,0,0.07000000000000028,0.3600000000000003,1.0,1,False,False,False,False,False,False,True,False,False
2002-04-01,UK,419534000000.0,75.2,5.2,60.03964,5.2202,4.13055,True,101.5271,102.7986,-0.818382784297367,19.9,26.27,124.7,130.2,100.188663719394,1.47651006711411,78.99113,1.0896499999999998,0,0.2172299999999998,0.24744999999999973,0.8315100000000006,0,False,False,False,False,False,False,False,True,False
2002-04-01,USA,14372785000000.0,75.43763,5.7,83.44043,5.28,1.91,True,87.69376,100.8044,0.812398450193452,19.9,26.27,124.7,130.2,99.1574221233138,0.335715035122752,58.18821,3.37,0,0.28000000000000025,0.11000000000000032,1.5099999999999998,0,False,False,False,False,False,False,False,False,True
2002-05-01,Australia,341227000000.0,71.14001,6.345461,53.528661658704046,6.294,4.59,False,69.61042,101.6113,1.86691980833567,20.09,27.02,124.5,129.3,100.91256004466,51545700000.0,61.26985,1.7039999999999997,0,-0.14500000000000046,0.10566666666666968,0.6563913043478298,1,True,False,False,False,False,False,False,False,False
2002-05-01,Canada,399048500000.0,78.61469,7.7,82.18275,5.65863636363636,2.325,False,94.98776,101.458577300004,0.305067218201316,20.09,27.02,124.5,129.3,100.633925227797,-0.464628046638438,53.43659,3.3336363636363595,0,-0.1783636363636405,-0.09600000000000097,0.8289090909090899,1,False,True,False,False,False,False,False,False,False
2002-05-01,France,468154200000.0,82.71,8.7,100.06084,5.24,3.40690476190476,True,110.3141,101.2584,5.24199577981956,20.09,27.02,124.5,129.3,99.3955637799622,-0.330033003300312,78.11144,1.83309523809524,0,-0.016104761904760068,0.2418679653679705,0.7129648033126306,0,False,False,True,False,False,False,False,False,False
2002-05-01,Germany,645994960000.0,82.65677,8.3,106.96279,5.1552380952381,3.40690476190476,True,81.76546,98.65378,-3.51582817350219,20.09,27.02,124.5,129.3,98.9314402653605,0.123915737298641,59.85628,1.7483333333333397,0,-0.021866666666659818,0.22437878787880017,0.7486376811594302,0,False,False,False,True,False,False,False,False,False
2002-05-01,Italy,422232300000.0,78.7171,8.9,106.71124,5.404,3.40690476190476,True,125.1799,102.7549,0.446975361579427,20.09,27.02,124.5,129.3,99.8807391522179,0.269541778975335,117.0485,1.9970952380952398,0,-0.02310476190475974,0.19386796536796957,0.6329648033126296,0,False,False,False,False,True,False,False,False,False
2002-05-01,Japan,120189250000000.0,97.53118,5.3,82.16967235599006,1.394,0.0477,False,96.09426,98.78705,6.5148379625064,20.09,27.02,124.5,129.3,98.9446677327673,0.326508117713864,71.17776,1.3462999999999998,0,0.09409999999999985,-0.0132000000000001,0.023299999999999876,0,False,False,False,False,False,True,False,False,False
2002-05-01,South Korea,248502400000000.0,71.0324150005578,3.4,75.5360107421875,7.3,4.79,False,53.17764,101.5213,3.49003370893233,20.09,27.02,124.5,129.3,101.926378560991,1.4446227929374,41.87709,2.51,0,-0.020000000000000462,0.20000000000000018,0.33000000000000007,1,False,False,False,False,False,False,True,False,False
2002-05-01,UK,419534000000.0,75.6,5.2,67.45938,5.2331,4.17319,False,103.4229,102.8764,8.53901522246152,20.09,27.02,124.5,129.3,100.316877277416,-0.132275132275161,78.38474,1.0599100000000004,0,-0.029739999999999434,0.1895800000000012,0.66282,0,False,False,False,False,False,False,False,True,False
2002-05-01,USA,14372785000000.0,75.85954,5.9,88.5661,5.21,1.87,True,88.34473,100.9911,4.48797421274512,20.09,27.02,124.5,129.3,99.3759521672767,-0.521210358582969,57.0232,3.34,0,-0.03000000000000025,0.040000000000000036,1.0799999999999996,0,False,False,False,False,False,False,False,False,True
2002-06-01,Australia,341227000000.0,71.14001,6.372356,55.37496258880491,6.21521739130435,4.84,False,69.57216,101.4052,0.6567561570892,25.27,25.52,125.3,129.7,100.848992400115,52568800000.0,59.95642,1.37521739130435,0,-0.3287826086956498,-0.26053260869565076,0.19749011857707988,1,True,False,False,False,False,False,False,False,False
2002-06-01,Canada,399048500000.0,78.77271,7.8,70.72486,5.59590909090909,2.514,False,96.34328,101.636113379275,0.947213773905498,25.27,25.52,125.3,129.7,100.764663712427,0.386546501123908,50.9911,3.08190909090909,0,-0.25172727272726947,-0.22409090909090956,0.05726623376623019,1,False,True,False,False,False,False,False,False,False
2002-06-01,France,468154200000.0,82.81,8.6,102.20846,5.26,3.46713636363636,True,111.0103,101.2715,-2.16180943660341,25.27,25.52,125.3,129.7,99.4115482943023,0.0,70.79169,1.7928636363636397,0,-0.04023160173160045,0.15996363636363942,0.6085454545454594,0,False,False,True,False,False,False,False,False,False
2002-06-01,Germany,645994960000.0,82.75005999999999,8.4,80.44455,5.16772727272727,3.46713636363636,True,81.95876,98.59946,-9.03981714750922,25.27,25.52,125.3,129.7,99.1342213869671,1.23762376237631,54.31367,1.7005909090909102,0,-0.04774242424242958,0.13819090909090992,0.6385454545454605,0,False,False,False,True,False,False,False,False,False
2002-06-01,Italy,422232300000.0,78.91673,8.8,121.63529,5.406,3.46713636363636,True,121.0739,102.4382,1.37323042763016,25.27,25.52,125.3,129.7,99.9577489734937,-0.179211469533791,106.5378,1.9388636363636396,0,-0.05823160173160025,0.0969636363636397,0.5245454545454598,0,False,False,False,False,True,False,False,False,False
2002-06-01,Japan,120189250000000.0,97.8366,5.4,92.1943643706128,1.365,0.047,False,95.98796,98.88696,2.82545618094336,25.27,25.52,125.3,129.7,99.1217362821129,-0.419655443141942,68.10614,1.318,0,-0.02829999999999977,-0.04509999999999992,0.026999999999999913,0,False,False,False,False,False,True,False,False,False
2002-06-01,South Korea,248502400000000.0,71.2980670824216,3.3,104.50341796875,7.09,4.81,False,53.63409,101.5694,10.8314444350273,25.27,25.52,125.3,129.7,102.212193274414,0.0,39.15583,2.2800000000000002,0,-0.22999999999999954,-0.17999999999999972,-0.0699999999999994,1,False,False,False,False,False,False,True,False,False
2002-06-01,UK,419534000000.0,75.8,5.2,57.54758,5.2689,4.1537,False,101.2112,102.9147,-4.69120040801577,25.27,25.52,125.3,129.7,100.415398331323,1.85430463576171,72.29372,1.1152000000000006,0,0.05529000000000028,0.24278000000000066,0.4848500000000002,0,False,False,False,False,False,False,False,True,False
2002-06-01,USA,14372785000000.0,75.85954,5.8,86.29886,5.16,1.82,True,88.77137,101.0437,-7.15472235405771,25.27,25.52,125.3,129.7,99.4664703048971,1.20870022249733,53.90807,3.34,0,0.0,0.25,0.7199999999999993,0,False,False,False,False,False,False,False,False,True
2002-07-01,Australia,347237000000.0,71.14001,6.495732,71.87314097435667,6.00763157894737,5.07,True,69.57216,101.1852,-2.68923863686465,34.05,26.94,127.7,130.1,100.730867828654,52568800000.0,57.24738,0.9376315789473697,0,-0.43758581235698024,-0.9113684210526305,-0.6292105263157906,0,True,False,False,False,False,False,False,False,False
2002-07-01,Canada,401406250000.0,78.93073000000001,7.6,92.48937,5.424,2.69,False,96.2851,101.685072518307,-1.51408765367478,34.05,26.94,127.7,130.1,100.738855712104,-0.775557183216369,46.83861,2.7340000000000004,0,-0.3479090909090896,-0.7779999999999996,-0.6744210526315793,1,False,True,False,False,False,False,False,False,False
2002-07-01,France,470088000000.0,82.8,8.6,113.78112,5.11,3.464,True,110.0199,101.4114,-10.8709215890877,34.05,26.94,127.7,130.1,99.3450117542787,1.65562913907285,62.83196,1.6460000000000004,0,-0.1468636363636393,-0.20319999999999983,0.12088888888889038,0,False,False,True,False,False,False,False,False,False
2002-07-01,Germany,648794070000.0,82.75005999999999,8.5,120.43538,5.0175,3.464,True,81.28222,98.56711,20.77986703052,34.05,26.94,127.7,130.1,99.2383640819576,-0.61124694376532,49.32436,1.5535,0,-0.14709090909091005,-0.21669999999999945,0.1625065359477098,0,False,False,False,True,False,False,False,False,False
2002-07-01,Italy,423723400000.0,78.98326999999999,8.8,158.26321,5.255,3.464,True,125.601,102.1584,-0.529638670645904,34.05,26.94,127.7,130.1,99.9905378932039,-0.089766606822117,98.24298,1.791,0,-0.14786363636363964,-0.22919999999999963,0.08888888888889035,0,False,False,False,False,True,False,False,False,False
2002-07-01,Japan,121149175000000.0,97.73479,5.5,98.9193517079566,1.328,0.03,False,99.81473,98.87953,-3.31141242692081,34.05,26.94,127.7,130.1,99.2595804897495,0.220915156337931,64.66644,1.298,0,-0.020000000000000018,0.04580000000000006,0.016000000000000014,0,False,False,False,False,False,True,False,False,False
2002-07-01,South Korea,253005600000000.0,71.2316540619556,3.1,79.95369720458984,6.76,4.85,False,53.04676,101.6419,-16.631967233187,34.05,26.94,127.7,130.1,102.296001336212,-1.26582278481012,37.48866,1.9100000000000001,0,-0.3700000000000001,-0.6200000000000001,-0.2599999999999998,1,False,False,False,False,False,False,True,False,False
2002-07-01,UK,421587000000.0,75.8,5.2,84.52009,5.099,4.17758,False,104.3707,102.8229,-8.07658205150758,34.05,26.94,127.7,130.1,100.431964637365,-0.650195058517611,64.26421,0.9214200000000003,0,-0.19378000000000029,-0.16822999999999944,0.07922000000000029,0,False,False,False,False,False,False,False,True,False
2002-07-01,USA,14460848000000.0,75.90173,5.8,93.61022,4.93,1.81,True,89.14884,101.0177,2.64536741213999,34.05,26.94,127.7,130.1,99.4093953000277,-1.53257395005586,48.25622,3.1199999999999997,0,-0.2200000000000002,-0.25000000000000044,-0.14000000000000012,0,False,False,False,False,False,False,False,False,True
2002-08-01,Australia,347237000000.0,71.69724000000001,6.179702,98.97004226965778,5.85978260869565,4.98,True,69.57216,101.0299,0.894758301997856,33.74,28.38,125.4,130.0,100.578853820116,52568800000.0,56.7129,0.87978260869565,0,-0.057848970251719756,-0.8242173913043498,-0.7185507246376801,0,True,False,False,False,False,False,False,False,False
2002-08-01,Canada,401406250000.0,79.40479,7.6,94.11073,5.29045454545455,2.782,True,95.59865,101.575082927993,-0.944973750729172,33.74,28.38,125.4,130.0,100.576009813078,1.55269285280417,45.99965,2.5084545454545504,0,-0.22554545454545005,-0.8251818181818091,-0.9211818181818101,0,False,True,False,False,False,False,False,False,False
2002-08-01,France,470088000000.0,82.8,8.6,129.7766,4.96,3.41,True,109.9022,101.3736,8.0986319226104,33.74,28.38,125.4,130.0,99.1934478523301,-0.814332247557004,61.03434,1.5499999999999998,0,-0.09600000000000053,-0.2830952380952403,-0.04122727272726978,0,False,False,True,False,False,False,False,False,False
2002-08-01,Germany,648794070000.0,82.84335,8.6,124.33026,4.86739130434783,3.41,True,82.92525,98.57458,-9.076989850437,33.74,28.38,125.4,130.0,99.2419676749129,-1.10701107011068,45.62287,1.45739130434783,0,-0.09610869565217017,-0.2909420289855098,-0.06656324110670964,0,False,False,False,True,False,False,False,False,False
2002-08-01,Italy,423723400000.0,79.11635,8.6,117.7055,5.109,3.41,True,124.4429,101.9469,0.463244245077155,33.74,28.38,125.4,130.0,99.9880815546405,0.359389038633795,96.79765,1.6989999999999998,0,-0.09200000000000008,-0.29809523809523997,-0.10422727272727039,0,False,False,False,False,True,False,False,False,False
2002-08-01,Japan,121149175000000.0,97.32757,5.4,92.14303723407282,1.296,0.0404,False,98.64544,98.80704,-1.22505338103627,33.74,28.38,125.4,130.0,99.3326038779853,-0.641289893617136,61.65348,1.2556,0,-0.04239999999999999,-0.09069999999999978,-0.10389999999999988,0,False,False,False,False,False,True,False,False,False
2002-08-01,South Korea,253005600000000.0,71.0324150005578,3.1,70.11953735351562,6.54,4.91,False,52.64989,101.7362,-0.0257876466427165,33.74,28.38,125.4,130.0,102.217294605183,-0.16025641025641,35.45852,1.63,0,-0.28000000000000025,-0.8799999999999999,-0.6799999999999997,1,False,False,False,False,False,False,True,False,False
2002-08-01,UK,421587000000.0,75.6,5.2,77.99051,5.0027,4.06054,False,98.99947,102.7361,11.5531643223394,33.74,28.38,125.4,130.0,100.375444349656,-0.916230366492143,64.6251,0.9421600000000003,0,0.02073999999999998,-0.11775000000000002,0.07183000000000117,0,False,False,False,False,False,False,False,True,False
2002-08-01,USA,14460848000000.0,75.98611,5.8,110.30517,4.65,1.79,True,89.88526,100.7677,7.04681274900407,33.74,28.38,125.4,130.0,99.2134603181177,0.800180451648891,48.70765,2.8600000000000003,0,-0.25999999999999934,-0.47999999999999954,-0.4399999999999995,0,False,False,False,False,False,False,False,False,True
2002-09-01,Australia,347237000000.0,71.69724000000001,6.349016,105.57748721657288,5.64840909090909,4.96,True,69.92009,100.8515,1.07990390875818,37.65,29.67,119.2,129.9,100.430859394962,52959500000.0,56.20504,0.6884090909090901,0,-0.19137351778655987,-0.6868083003952599,-0.9473409090909106,0,True,False,False,False,False,False,False,False,False
2002-09-01,Canada,401406250000.0,79.72083,7.4,120.20204,5.12047619047619,2.83,True,96.59054,101.306151678503,3.13154313232857,37.65,29.67,119.2,129.9,100.314042929439,-0.559909949200976,44.37339,2.2904761904761903,0,-0.21797835497836004,-0.7914329004328997,-1.0155238095238093,0,False,True,False,False,False,False,False,False,False
2002-09-01,France,470088000000.0,82.99,8.6,132.48049,4.67,3.35190909090909,True,108.7548,101.1721,8.70388048702875,37.65,29.67,119.2,129.9,98.9966630072229,0.985221674876757,55.69793,1.3180909090909099,0,-0.23190909090908995,-0.4747727272727298,-0.31480909090909037,0,False,False,True,False,False,False,False,False,False
2002-09-01,Germany,648794070000.0,82.75005999999999,8.7,107.22741,4.58954545454545,3.35190909090909,True,81.66882,98.62899,4.57859329647785,37.65,29.67,119.2,129.9,99.1681773286697,1.61691542288558,40.29811,1.2376363636363603,0,-0.21975494071146962,-0.46295454545454984,-0.3247636363636399,0,False,False,False,True,False,False,False,False,False
2002-09-01,Italy,423723400000.0,79.24943,8.6,161.01408,4.828,3.35190909090909,True,123.7059,101.7964,10.4038522189297,37.65,29.67,119.2,129.9,99.9483295080843,0.268576544315646,90.55453,1.4760909090909102,0,-0.2229090909090896,-0.46277272727272933,-0.36580909090908964,0,False,False,False,False,True,False,False,False,False
2002-09-01,Japan,121149175000000.0,97.63299,5.5,113.79523806598958,1.255,0.0318,False,99.38953,98.71026,7.58824422726874,37.65,29.67,119.2,129.9,99.3538977587769,-0.980774663993822,59.0576,1.2231999999999998,0,-0.032400000000000206,-0.09480000000000022,-0.13990000000000014,0,False,False,False,False,False,True,False,False,False
2002-09-01,South Korea,253005600000000.0,71.4983603187474,3.3,88.36773681640625,6.24,4.8,True,53.96287,101.6539,9.92482623695374,37.65,29.67,119.2,129.9,102.028709331199,2.56821829855538,34.95683,1.4400000000000004,0,-0.1899999999999995,-0.8399999999999999,-1.0199999999999996,0,False,False,False,False,False,False,True,False,False
2002-09-01,UK,421587000000.0,75.8,5.3,81.16083,4.746,3.98654,False,105.5292,102.7795,-57.2525374980179,37.65,29.67,119.2,129.9,100.284599396761,1.98150594451785,59.99751,0.7594600000000002,0,-0.18270000000000008,-0.3557400000000004,-0.11295999999999973,0,False,False,False,False,False,False,False,True,False
2002-09-01,USA,14460848000000.0,76.23926,5.7,116.01482,4.26,1.73,True,89.85413,100.433,-0.721097929750347,37.65,29.67,119.2,129.9,98.9313413041807,0.928343458058967,46.76304,2.53,0,-0.3300000000000005,-0.81,-0.56,0,False,False,False,False,False,False,False,False,True
2002-10-01,Australia,348103000000.0,71.69724000000001,6.312098,120.23759328491658,5.43571428571429,4.92,True,69.92009,100.6619,-0.348718404336035,35.24,28.85,119.3,130.1,100.32383608974,52959500000.0,54.38261,0.5157142857142905,0,-0.17269480519479963,-0.42191729323307925,-1.3332857142857097,0,True,False,False,False,False,False,False,False,False
2002-10-01,Canada,404877250000.0,79.72083,7.6,119.03202,4.8855,2.805,True,96.39119,101.063960056146,0.208098059865969,35.24,28.85,119.3,130.1,100.019009091785,0.163321568053876,42.88111,2.0805000000000002,0,-0.2099761904761901,-0.6535000000000002,-1.4314999999999998,0,False,True,False,False,False,False,False,False,False
2002-10-01,France,472409200000.0,83.14,8.6,192.17466,4.46,3.31014285714286,True,110.7259,100.9398,-11.9177477172116,35.24,28.85,119.3,130.1,98.7817841536752,0.0,53.45279,1.1498571428571398,0,-0.16823376623377007,-0.49614285714286055,-0.6993428571428604,0,False,False,True,False,False,False,False,False,False
2002-10-01,Germany,651971480000.0,82.75005999999999,8.9,115.53995,4.38523809523809,3.31014285714286,True,83.40851,98.56541,-3.76667179681027,35.24,28.85,119.3,130.1,99.0468439075254,-0.489596083231358,37.23088,1.0750952380952294,0,-0.16254112554113087,-0.47840476190477066,-0.6951047619047701,0,False,False,False,True,False,False,False,False,False
2002-10-01,Italy,424483700000.0,79.38251,8.6,203.6631,4.618,3.31014285714286,True,122.0214,101.6002,-6.43121975719468,35.24,28.85,119.3,130.1,99.866546245777,0.0,86.27762,1.3078571428571402,0,-0.16823376623377007,-0.48314285714285976,-0.7123428571428594,0,False,False,False,False,True,False,False,False,False
2002-10-01,Japan,121542725000000.0,97.63299,5.4,119.37163680977667,1.129,0.033,False,99.81473,98.60949,-2.5059637352624,35.24,28.85,119.3,130.1,99.3385190387414,1.42086412476765,56.11748,1.096,0,-0.12719999999999976,-0.20199999999999996,-0.1561999999999999,0,False,False,False,False,False,True,False,False,False
2002-10-01,South Korea,258120900000000.0,71.898946791399,3.0,136.93740844726562,6.16,4.81,True,54.46507,101.3657,-8.69293192960072,35.24,28.85,119.3,130.1,101.752624114869,1.87793427230045,31.94519,1.3500000000000005,0,-0.08999999999999986,-0.5599999999999996,-1.1799999999999997,0,False,False,False,False,False,False,True,False,False
2002-10-01,UK,424425000000.0,76.0,5.2,114.33851,4.5006,3.98872,False,105.3186,102.9285,126.776634997034,35.24,28.85,119.3,130.1,100.169096564858,-0.25906735751301,60.18265,0.5118800000000006,0,-0.2475799999999997,-0.4095399999999998,-0.5777699999999992,0,False,False,False,False,False,False,False,True,False
2002-10-01,USA,14519633000000.0,76.36583,5.7,124.04315,3.87,1.76,True,89.75699,100.1572,-7.36879100281165,35.24,28.85,119.3,130.1,98.6300677879764,0.548290124463113,45.54277,2.1100000000000003,0,-0.4199999999999995,-1.0099999999999993,-1.2599999999999998,0,False,False,False,False,False,False,False,False,True
2002-11-01,Australia,348103000000.0,72.1616,6.128282,100.88172699625318,5.65913043478261,4.9,True,69.92009,100.5292,2.77722055054093,28.18,26.27,118.3,130.1,100.26104874207,52959500000.0,54.92751,0.7591304347826098,0,0.24341614906831932,-0.12065217391304017,-0.94486956521739,0,True,False,False,False,False,False,False,False,False
2002-11-01,Canada,404877250000.0,79.95786,7.6,167.83219,5.12727272727273,2.768,True,95.51366,100.92247267469,-0.462183277828854,28.18,26.27,118.3,130.1,99.7300509928281,-0.476655156883121,44.99958,2.35927272727273,0,0.2787727272727296,-0.14918181818182052,-0.9743636363636297,0,False,True,False,False,False,False,False,False,False
2002-11-01,France,472409200000.0,83.27,8.6,160.02908,4.55,3.26126086956522,True,109.3922,100.8133,0.314846774569715,28.18,26.27,118.3,130.1,98.5679844341854,0.0,57.48641,1.28873913043478,0,0.13888198757764014,-0.2612608695652199,-0.5443561076604602,0,False,False,True,False,False,False,False,False,False
2002-11-01,Germany,651971480000.0,82.65677,9.0,96.34649,4.46391304347826,3.26126086956522,True,82.63531,98.3576,0.262471883133664,28.18,26.27,118.3,130.1,98.905006586825,0.861008610086156,40.22485,1.20265217391304,0,0.12755693581781058,-0.2547391304347899,-0.5456811594202997,0,False,False,False,True,False,False,False,False,False
2002-11-01,Italy,424483700000.0,79.58213,8.5,153.39406,4.757,3.26126086956522,True,124.7587,101.3848,3.451256936873,28.18,26.27,118.3,130.1,99.7457869272182,-0.535714285714406,92.76529,1.4957391304347798,0,0.18788198757763963,-0.20326086956522005,-0.50135610766046,0,False,False,False,False,True,False,False,False,False
2002-11-01,Japan,121542725000000.0,97.42937,5.4,148.65615817413195,1.095,0.034,False,100.4525,98.50987,1.48376832432167,28.18,26.27,118.3,130.1,99.2995522045344,-0.106837606837562,55.21952,1.061,0,-0.03500000000000014,-0.1946000000000001,-0.2852999999999999,0,False,False,False,False,False,True,False,False,False
2002-11-01,South Korea,258120900000000.0,71.6975993801452,3.1,195.0533905029297,6.11,4.91,True,53.49683,100.8564,3.51245672019624,28.18,26.27,118.3,130.1,101.416069969544,-1.53609831029186,33.79732,1.2000000000000002,0,-0.15000000000000036,-0.4299999999999997,-1.3099999999999996,0,False,False,False,False,False,False,True,False,False
2002-11-01,UK,424425000000.0,76.1,5.2,114.01021,4.616,3.96401,False,106.8984,103.0911,2.62067805566482,28.18,26.27,118.3,130.1,100.021167012144,0.0,62.20182,0.6519899999999996,0,0.14010999999999907,-0.2901700000000007,-0.4079200000000007,0,False,False,False,False,False,False,False,True,False
2002-11-01,USA,14519633000000.0,76.4924,5.7,111.88598,3.94,1.73,True,89.84679,99.91587,-4.59086885038582,28.18,26.27,118.3,130.1,98.3504332369206,-1.80178745793165,47.87475,2.21,0,0.09999999999999964,-0.6500000000000004,-1.13,0,False,False,False,False,False,False,False,False,True
2002-12-01,Australia,348103000000.0,72.1616,6.162537,129.5139517794396,5.49952380952381,4.84,True,70.62518,100.4352,-0.175663073887056,28.21,29.42,122.3,130.1,100.221910624378,53691000000.0,54.85002,0.6595238095238098,0,-0.09960662525879993,-0.028885281385280237,-0.7156935817805401,0,True,False,False,False,False,False,False,False,False
2002-12-01,Canada,404877250000.0,80.19489,7.5,137.45603,5.0895,2.7,True,96.15961,100.753886777518,-6.74104416853234,28.21,29.42,122.3,130.1,99.4622478400319,1.05425031321633,46.06395,2.3895,0,0.030227272727270105,0.09902380952380962,-0.6924090909090901,0,False,True,False,False,False,False,False,False,False
2002-12-01,France,472409200000.0,83.27,8.6,143.57958,4.53,3.12414285714286,True,108.4998,100.8743,3.19670797200846,28.21,29.42,122.3,130.1,98.3831806170191,0.0,56.35672,1.40585714285714,0,0.11711801242236008,0.08776623376623016,-0.3870064935064996,0,False,False,True,False,False,False,False,False,False
2002-12-01,Germany,651971480000.0,82.37689,9.1,103.23679,4.47761904761905,3.12414285714286,True,81.95876,97.85496,-1.89000406431282,28.21,29.42,122.3,130.1,98.7639498747513,-0.121951219512206,38.59581,1.3534761904761896,0,0.1508240165631496,0.1158398268398293,-0.34711471861472054,0,False,False,False,True,False,False,False,False,False
2002-12-01,Italy,424483700000.0,79.84829,8.5,156.21796,4.735,3.12414285714286,True,123.0742,101.2344,3.37349361052894,28.21,29.42,122.3,130.1,99.5965077936431,1.07719928186738,92.50199,1.61085714285714,0,0.1151180124223603,0.13476623376622987,-0.32800649350649946,0,False,False,False,False,True,False,False,False,False
2002-12-01,Japan,121542725000000.0,97.42937,5.2,115.42238841352439,0.979,0.047,False,100.4525,98.41066,1.5305795386598,28.21,29.42,122.3,130.1,99.2586466079491,-0.862767449527579,54.53042,0.9319999999999999,0,-0.129,-0.2911999999999999,-0.3860000000000001,0,False,False,False,False,False,True,False,False,False
2002-12-01,South Korea,258120900000000.0,71.7650665755391,3.1,142.3193359375,5.8,4.91,True,54.44486,100.2209,-6.91930361973769,28.21,29.42,122.3,130.1,101.016651988697,0.156006240249629,34.6053,0.8899999999999997,0,-0.3100000000000005,-0.5500000000000007,-1.3900000000000006,0,False,False,False,False,False,False,True,False,False
2002-12-01,UK,424425000000.0,76.1,5.1,167.0678,4.6378,3.97142,False,105.5292,102.9842,-3.17320425763998,28.21,29.42,122.3,130.1,99.8251122787841,0.519480519480542,59.87089,0.6663800000000002,0,0.014390000000000569,-0.09308000000000005,-0.44882000000000044,0,False,False,False,False,False,False,False,True,False
2002-12-01,USA,14519633000000.0,76.4924,5.9,123.28439,4.05,1.39,True,89.61484,99.7337,3.9634146341456,28.21,29.42,122.3,130.1,98.1302309892445,0.307155653480318,47.52485,2.66,0,0.4500000000000002,0.13000000000000034,-0.6799999999999997,0,False,False,False,False,False,False,False,False,True
2003-01-01,Australia,350960000000.0,72.1616,6.182146,103.22027036745651,5.395,4.83,True,70.62518,100.5186,-0.992830762545716,27.42,32.94,123.5,130.2,100.181879338229,53691000000.0,55.27016,0.5649999999999995,0,-0.09452380952381034,0.04928571428570905,-0.3726315789473702,0,True,False,False,False,False,False,False,False,False
2003-01-01,Canada,407101000000.0,79.87885,7.6,94.86824,4.9675,2.6775,True,95.55415,100.694810978194,10.7981284699014,27.42,32.94,123.5,130.2,99.2335554665438,-0.786999987560633,46.8285,2.29,0,-0.09949999999999992,0.2094999999999998,-0.4440000000000004,0,False,True,False,False,False,False,False,False,False
2003-01-01,France,472363200000.0,83.41,8.5,108.72427,4.38,2.94105,True,109.5491,100.9335,-3.84281787870596,27.42,32.94,123.5,130.2,98.2161852634724,0.813008130081272,54.84589,1.4389499999999997,0,0.0330928571428597,0.2890928571428599,-0.20705000000000062,0,False,False,True,False,False,False,False,False,False
2003-01-01,Germany,651063660000.0,83.12323,9.2,128.24145,4.33555555555556,2.94105,True,83.0219,97.22082,-1.7033077437952,27.42,32.94,123.5,130.2,98.6460894890414,-0.97680097680104,36.67373,1.3945055555555599,0,0.04102936507937027,0.31941031746033044,-0.15899444444444022,0,False,False,False,True,False,False,False,False,False
2003-01-01,Italy,425887300000.0,79.91483000000001,8.4,133.92781,4.548,2.94105,True,125.3904,101.0442,41.9827137086866,27.42,32.94,123.5,130.2,99.4418856221099,-0.710479573712985,90.022,1.6069499999999999,0,-0.003907142857140222,0.2990928571428597,-0.18405000000000005,0,False,False,False,False,True,False,False,False,False
2003-01-01,Japan,121870275000000.0,97.42937,5.4,103.14911497783967,0.975,0.045,False,100.3462,98.31338,-2.47558385924137,27.42,32.94,123.5,130.2,99.233304779923,1.40540540540548,54.5878,0.9299999999999999,0,-0.0020000000000000018,-0.16600000000000015,-0.3680000000000001,0,False,False,False,False,False,True,False,False,False
2003-01-01,South Korea,260953400000000.0,72.0960775029407,3.1,162.25584411621094,5.77,4.9,True,55.23009,99.70058,-14.5870186706355,27.42,32.94,123.5,130.2,100.55266128131,-0.623052959501558,31.2814,0.8699999999999992,0,-0.020000000000000462,-0.4800000000000013,-1.040000000000001,0,False,False,False,False,False,False,True,False,False
2003-01-01,UK,427725000000.0,76.3,5.0,166.51313,4.5644,4.01777,False,105.8452,102.6509,5.14129516791746,27.42,32.94,123.5,130.2,99.5757145990142,0.904392764857875,57.52252,0.5466300000000004,0,-0.1197499999999998,0.03474999999999984,-0.37478999999999996,0,False,False,False,False,False,False,False,True,False
2003-01-01,USA,14537580000000.0,76.32364,6.0,122.22166,4.03,1.34,True,90.10493,99.74871,3.00905265842177,27.42,32.94,123.5,130.2,97.9845060213847,0.419949885794724,47.3499,2.6900000000000004,0,0.03000000000000025,0.5800000000000001,-0.42999999999999927,0,False,False,False,False,False,False,False,False,True
2003-02-01,Australia,350960000000.0,73.09031999999999,6.080903,123.80208722675563,5.275,4.8,True,70.62518,100.6154,1.6084084874818,32.22,35.87,125.7,132.0,100.138410950816,53691000000.0,52.05179,0.47500000000000053,0,-0.08999999999999897,-0.28413043478260924,-0.4047826086956494,0,True,False,False,False,False,False,False,False,False
2003-02-01,Canada,407101000000.0,80.58994,7.5,162.84675,4.96181818181818,2.716,True,94.48725,100.725876136195,-6.51031086488153,32.22,35.87,125.7,132.0,99.0418567727279,0.64194992289075,45.48057,2.24581818181818,0,-0.0441818181818201,-0.11345454545454992,-0.26263636363637044,0,False,True,False,False,False,False,False,False,False
2003-02-01,France,472363200000.0,83.57,8.2,196.7914,4.22,2.83181818181818,True,106.9798,100.8387,2.30950805077052,32.22,35.87,125.7,132.0,98.0342975063822,-1.77419354838699,50.73352,1.38818181818182,0,-0.05076818181817977,0.09944268774704002,-0.16181818181817986,0,False,False,True,False,False,False,False,False,False
2003-02-01,Germany,651063660000.0,83.12323,9.4,84.12832,4.18,2.83181818181818,True,81.66882,96.878,6.51449732573577,32.22,35.87,125.7,132.0,98.5656787342131,-0.369913686806433,33.06863,1.34818181818182,0,-0.04632373737373996,0.1455296442687799,-0.10920948616601,0,False,False,False,True,False,False,False,False,False
2003-02-01,Italy,425887300000.0,80.24753,8.8,126.1083,4.375,2.83181818181818,True,124.127,100.7531,-41.5941831906767,32.22,35.87,125.7,132.0,99.2801361736234,0.268336314848439,86.63869,1.5431818181818202,0,-0.06376818181817967,0.04744268774704041,-0.15581818181817964,0,False,False,False,False,True,False,False,False,False
2003-02-01,Japan,121870275000000.0,97.12395,5.4,93.13164432669578,0.836,0.0435,False,100.2399,98.22955,-1.90493631583357,32.22,35.87,125.7,132.0,99.2345328346213,-1.81236673773993,54.26355,0.7925,0,-0.13749999999999996,-0.26849999999999996,-0.46310000000000007,0,False,False,False,False,False,True,False,False,False
2003-02-01,South Korea,260953400000000.0,72.5641311709863,3.3,224.40335083007807,5.43,4.7,True,55.84615,99.44533,30.1866679768192,32.22,35.87,125.7,132.0,100.015764429769,-2.19435736677116,29.41336,0.7299999999999995,0,-0.13999999999999968,-0.47000000000000064,-0.9000000000000004,0,False,False,False,False,False,False,True,False,False
2003-02-01,UK,427725000000.0,75.9,5.1,194.32833,4.3899,3.98263,False,106.6877,102.0387,-7.15839332069732,32.22,35.87,125.7,132.0,99.2875672469257,-2.17669654289371,55.25437,0.40727,0,-0.13936000000000037,-0.2447199999999996,-0.5348900000000003,0,False,False,False,False,False,False,False,True,False
2003-02-01,USA,14537580000000.0,76.66117,5.8,138.9534,4.05,1.29,True,89.59987,99.74618,-0.235177620992033,32.22,35.87,125.7,132.0,97.8865254590818,0.68197040868998,44.37599,2.76,0,0.0699999999999994,0.5499999999999998,-0.10000000000000053,0,False,False,False,False,False,False,False,False,True
2003-03-01,Australia,350960000000.0,73.09031999999999,5.954873,226.2244347461932,5.16775,4.75,True,70.6981,100.6182,-1.66501101369183,30.63,33.55,126.8,132.3,100.08893041989,53943000000.0,51.14973,0.41774999999999984,0,-0.05725000000000069,-0.24177380952381,-0.27065909090909024,0,True,False,False,False,False,False,False,False,False
2003-03-01,Canada,407101000000.0,81.22202,7.5,175.13614,5.012,2.8125,True,95.52393,100.776116922778,6.45535114634506,30.63,33.55,126.8,132.3,98.8734738645957,0.510367223544073,44.45478,2.1994999999999996,0,-0.04631818181818037,-0.1900000000000004,-0.09097619047619077,0,False,True,False,False,False,False,False,False,False
2003-03-01,France,472363200000.0,84.15,8.3,210.70569,4.01,2.68745,True,109.2157,100.4686,-1.7329623522946,30.63,33.55,126.8,132.3,97.8209096005136,0.492610837438301,48.53165,1.3225499999999997,0,-0.06563181818182029,-0.08330714285714036,0.004459090909089802,0,False,False,True,False,False,False,False,False,False
2003-03-01,Germany,651063660000.0,83.58969,9.5,230.90957,3.955,2.68745,True,82.44201,96.85558,-1.55242389909142,30.63,33.55,126.8,132.3,98.5278600701505,-0.866336633663323,31.58996,1.26755,0,-0.08063181818181997,-0.08592619047618966,0.02991363636363964,0,False,False,False,True,False,False,False,False,False
2003-03-01,Italy,425887300000.0,80.38061,8.7,125.58944,4.157,2.68745,True,125.3904,100.5878,18.2421689286483,30.63,33.55,126.8,132.3,99.1240887121272,-0.178412132024719,83.93863,1.46955,0,-0.0736318181818203,-0.1413071428571402,-0.0065409090909103185,0,False,False,False,False,True,False,False,False,False
2003-03-01,Japan,121870275000000.0,96.81853,5.2,94.98182427859115,0.828,0.044,False,101.6218,98.18649,1.9857367492595,30.63,33.55,126.8,132.3,99.2630734772318,1.62149427406628,51.72439,0.7839999999999999,0,-0.008500000000000063,-0.14800000000000002,-0.4391999999999999,0,False,False,False,False,False,True,False,False,False
2003-03-01,South Korea,260953400000000.0,72.9626092937819,3.2,298.8014831542969,5.15,4.54,True,54.53849,99.26508,-10.2081088048461,30.63,33.55,126.8,132.3,99.4294200620848,4.48717948717949,27.38422,0.6100000000000003,0,-0.11999999999999922,-0.27999999999999936,-0.8300000000000001,0,False,False,False,False,False,False,True,False,False
2003-03-01,UK,427725000000.0,76.1,5.2,220.16108,4.2131,3.75425,False,106.1611,101.383,0.70376972990247,30.63,33.55,126.8,132.3,99.010570222958,0.130890052356047,55.16339,0.45885,0,0.05157999999999996,-0.20753000000000021,-0.30061000000000027,0,False,False,False,False,False,False,False,True,False
2003-03-01,USA,14537580000000.0,77.25185,5.9,126.72774,3.9,1.27,False,90.33985,99.56802,-7.64267990074488,30.63,33.55,126.8,132.3,97.8149548519232,0.119635719718758,44.24553,2.63,0,-0.1299999999999999,-0.03000000000000025,0.10000000000000009,0,False,False,False,False,False,False,False,False,True
2003-04-01,Australia,351593000000.0,73.09031999999999,6.13129,230.92506816881965,5.27166666666667,4.76,True,70.6981,100.3799,5.96244646974833,23.99,28.25,125.9,132.1,100.017083306118,53943000000.0,53.90989,0.5116666666666703,0,0.09391666666667042,-0.053333333333329236,-0.004047619047620188,0,True,False,False,False,False,False,False,False,False
2003-04-01,Canada,409366000000.0,81.45905,7.4,195.87243,4.99714285714286,3.0375,True,95.6765,100.631498974257,-7.00033399720446,23.99,28.25,125.9,132.1,98.7183588131003,1.3130278140441,45.23342,1.95964285714286,0,-0.23985714285713966,-0.33035714285714013,-0.12085714285714033,0,False,True,False,False,False,False,False,False,False
2003-04-01,France,472823900000.0,84.49,8.4,227.44424,4.1,2.52995238095238,True,110.1768,99.98627,-0.850010195461555,23.99,28.25,125.9,132.1,97.5986546583743,0.653594771241894,51.73661,1.5700476190476196,0,0.2474976190476199,0.13109761904761985,0.4201904761904798,0,False,False,True,False,False,False,False,False,False
2003-04-01,Germany,641398850000.0,83.68298,9.6,230.06301,4.00047619047619,2.52995238095238,True,82.73196,96.92044,-2.41743244185629,23.99,28.25,125.9,132.1,98.5249207747444,0.49937578027468,35.17,1.4705238095238102,0,0.20297380952381028,0.07601825396825035,0.3954285714285808,0,False,False,False,True,False,False,False,False,False
2003-04-01,Italy,424612500000.0,80.64676999999999,8.7,142.61327,4.185,2.52995238095238,True,122.8637,100.5118,16.5248432839673,23.99,28.25,125.9,132.1,98.9673060558322,1.16175156389644,89.03839,1.6550476190476195,0,0.18549761904761963,0.048097619047619666,0.3471904761904794,0,False,False,False,False,True,False,False,False,False
2003-04-01,Japan,121952700000000.0,97.12395,5.4,122.13785566681774,0.724,0.0452,False,101.1871,98.2197,1.74629469036445,23.99,28.25,125.9,132.1,99.3143548698743,0.960572895006506,50.97083,0.6788,0,-0.10519999999999996,-0.2512,-0.4172000000000001,0,False,False,False,False,False,True,False,False,False
2003-04-01,South Korea,259233300000000.0,73.828086909695,3.3,319.0037841796875,5.2,4.76,True,54.80555,99.07724,-0.528848149942474,23.99,28.25,125.9,132.1,98.8941789310518,-7.66871165644171,29.13094,0.4400000000000004,0,-0.16999999999999993,-0.4299999999999988,-0.9100000000000001,0,False,False,False,False,False,False,True,False,False
2003-04-01,UK,430832000000.0,76.4,5.1,273.18543,4.3243,3.65503,False,107.3196,100.9881,0.0856103464831115,23.99,28.25,125.9,132.1,98.8206790475675,-0.130718954248399,58.61187,0.66927,0,0.21042000000000005,0.12263999999999964,0.15738999999999947,0,False,False,False,False,False,False,False,True,False
2003-04-01,USA,14614141000000.0,77.71594,5.9,163.52381,3.81,1.23,False,90.45355,99.41,1.75980655561514,23.99,28.25,125.9,132.1,97.7804248433811,-2.06095397325109,46.62976,2.58,0,-0.04999999999999982,-0.11000000000000032,0.46999999999999975,0,False,False,False,False,False,False,False,False,True
2003-05-01,Australia,351593000000.0,72.99744,6.029491,202.9883142496781,5.34605263157895,4.79,False,70.6981,100.3752,1.17927461139893,20.24,28.14,123.8,131.4,99.9285624168443,53943000000.0,54.17116,0.5560526315789502,0,0.044385964912279974,0.08105263157894971,-0.20307780320365953,0,True,False,False,False,False,False,False,False,False
2003-05-01,Canada,409366000000.0,80.90598,7.6,138.47827,5.05190476190476,3.196,True,95.32201,100.624672364772,-7.78797552540564,20.24,28.14,123.8,131.4,98.6140995411423,-0.694903227385124,46.93018,1.85590476190476,0,-0.10373809523809996,-0.38991341991342,-0.5033679653679699,0,False,True,False,False,False,False,False,False,False
2003-05-01,France,472823900000.0,84.37,8.5,163.98829,4.22,2.53335,True,109.3432,99.62807,-3.03902788713525,20.24,28.14,123.8,131.4,97.4180168432184,-0.487012987013002,53.55896,1.6866499999999998,0,0.11660238095238018,0.2984681818181798,0.3979108695652198,0,False,False,True,False,False,False,False,False,False
2003-05-01,Germany,641398850000.0,83.40311,9.7,155.81582,4.147,2.53335,True,82.73196,97.09912,-1.12099965279431,20.24,28.14,123.8,131.4,98.5592903950215,-0.49689440993792,36.39034,1.6136500000000003,0,0.14312619047619002,0.2654681818181803,0.4109978260869602,0,False,False,False,True,False,False,False,False,False
2003-05-01,Italy,424612500000.0,80.84639,8.4,110.27615,4.312,2.53335,True,123.0742,100.3917,-25.2085556963427,20.24,28.14,123.8,131.4,98.8268370802157,-0.706713780919466,91.99181,1.7786500000000003,0,0.12360238095238074,0.23546818181818008,0.2829108695652205,0,False,False,False,False,True,False,False,False,False
2003-05-01,Japan,121952700000000.0,97.42937,5.5,112.81206389354537,0.663,0.0375,False,101.9479,98.3244,-11.3643032727329,20.24,28.14,123.8,131.4,99.3849001065446,-0.314465408805065,52.84023,0.6255000000000001,0,-0.0532999999999999,-0.16699999999999993,-0.4354999999999999,0,False,False,False,False,False,True,False,False,False
2003-05-01,South Korea,259233300000000.0,73.6952608687631,3.4,208.0635528564453,5.03,4.62,True,55.96106,98.86503,-7.2507172574739,20.24,28.14,123.8,131.4,98.5020069236979,0.498338870431869,30.44558,0.41000000000000014,0,-0.03000000000000025,-0.3199999999999994,-0.79,0,False,False,False,False,False,False,True,False,False
2003-05-01,UK,430832000000.0,76.8,5.0,226.82065,4.4663,3.64598,False,107.0037,100.9764,0.793818882586406,20.24,28.14,123.8,131.4,98.7523569791526,0.654450261780171,60.44756,0.8203200000000002,0,0.15105000000000013,0.41305000000000014,0.16833000000000053,0,False,False,False,False,False,False,False,True,False
2003-05-01,USA,14614141000000.0,77.54718000000001,6.0,135.62755,3.96,1.24,False,90.21139,99.49301,-2.42904290429024,20.24,28.14,123.8,131.4,97.815299907295,1.59609111577736,49.36493,2.7199999999999998,0,0.13999999999999968,-0.040000000000000036,0.5099999999999998,0,False,False,False,False,False,False,False,False,True
2003-06-01,Australia,351593000000.0,72.99744,6.068952,140.88017144412495,5.02818181818182,4.78,False,69.70224,100.7206,2.82062311804869,20.36,30.72,125.9,131.5,99.8421189189366,55046900000.0,55.79207,0.24818181818181984,0,-0.3078708133971304,-0.16956818181818,-0.41134199134199,0,True,False,False,False,False,False,False,False,False
2003-06-01,Canada,409366000000.0,80.98499,7.8,125.34247,4.67190476190476,3.1775,True,94.97864,100.820617399674,7.70717634331051,20.36,30.72,125.9,131.5,98.5976788123909,-0.133875405527439,49.01316,1.49440476190476,0,-0.36149999999999993,-0.7050952380952396,-0.8950952380952399,0,False,True,False,False,False,False,False,False,False
2003-06-01,France,472823900000.0,84.27,8.5,112.24478,3.89,2.40052380952381,True,109.353,99.55245,-1.92892724253699,20.36,30.72,125.9,131.5,97.3264893416018,1.14192495921692,56.33199,1.4894761904761902,0,-0.19717380952380958,0.1669261904761905,0.08361904761905015,0,False,False,True,False,False,False,False,False,False
2003-06-01,Germany,641398850000.0,83.21651999999999,9.7,120.43969,3.8152380952381,2.40052380952381,True,82.44201,97.36331,4.04164996707377,20.36,30.72,125.9,131.5,98.6434098177681,0.49937578027468,39.18766,1.41471428571429,0,-0.19893571428571022,0.14716428571429008,0.06123809523810042,0,False,False,False,True,False,False,False,False,False
2003-06-01,Italy,424612500000.0,81.04601,8.5,150.1394,4.035,2.40052380952381,True,124.7587,100.3711,-3.31245122209016,20.36,30.72,125.9,131.5,98.7306429532538,0.0889679715301295,96.39812,1.6344761904761902,0,-0.1441738095238101,0.16492619047619028,0.023619047619050093,0,False,False,False,False,True,False,False,False,False
2003-06-01,Japan,121952700000000.0,97.63299,5.4,128.51304770098952,0.577,0.0346,False,100.5349,98.51387,15.1195948165724,20.36,30.72,125.9,131.5,99.481291992505,-1.69359119452765,56.67443,0.5424,0,-0.08310000000000006,-0.24159999999999993,-0.38959999999999995,0,False,False,False,False,False,True,False,False,False
2003-06-01,South Korea,259233300000000.0,73.5624348278313,3.6,141.1686248779297,4.68,4.39,True,54.98856,98.88013,-2.76806550232368,20.36,30.72,125.9,131.5,98.2926698071736,-0.330578512396695,32.92471,0.29000000000000004,0,-0.1200000000000001,-0.3200000000000003,-0.5999999999999996,0,False,False,False,False,False,False,True,False,False
2003-06-01,UK,430832000000.0,76.8,4.9,124.13571,4.2197,3.63252,False,106.4771,101.1794,-0.668887265439166,20.36,30.72,125.9,131.5,98.7983121822157,0.390117035110493,62.46885,0.5871799999999996,0,-0.23314000000000057,0.1283299999999996,-0.0792000000000006,0,False,False,False,False,False,False,False,True,False
2003-06-01,USA,14614141000000.0,77.42061,6.1,102.61982,3.57,1.22,False,89.63863,99.92635,-1.84007576782589,20.36,30.72,125.9,131.5,97.9471168573696,0.159480303907356,52.29276,2.3499999999999996,0,-0.3700000000000001,-0.28000000000000025,-0.3100000000000005,0,False,False,False,False,False,False,False,False,True
2003-07-01,Australia,353166000000.0,72.99744,6.054609,65.23032367206889,4.80275,4.67,False,69.70224,101.068,-1.26902542035255,19.16,30.76,127.0,131.9,99.7842816460898,55046900000.0,55.90426,0.1327499999999997,0,-0.11543181818182013,-0.37891666666667057,-0.4322499999999998,0,True,False,False,False,False,False,False,False,False
2003-07-01,Canada,408772250000.0,80.98499,7.6,98.47302,4.28809523809524,3.0975,True,95.04024,100.8573500649,-6.81550329458446,19.16,30.76,127.0,131.9,98.6745856120262,0.908365681952783,49.70874,1.1905952380952396,0,-0.3038095238095204,-0.7690476190476203,-1.0994047619047604,0,False,True,False,False,False,False,False,False,False
2003-07-01,France,471623300000.0,84.43,8.5,110.51319,3.69,2.15185714285714,False,106.8033,99.59089,3.71498662184626,19.16,30.76,127.0,131.9,97.3275965549048,-0.967741935483768,56.91606,1.53814285714286,0,0.048666666666669745,-0.03190476190475966,0.09919285714286019,0,False,False,True,False,False,False,False,False,False
2003-07-01,Germany,642079740000.0,83.4964,9.8,78.66608,3.61666666666667,2.15185714285714,True,81.95876,97.66243,-1.10372199949114,19.16,30.76,127.0,131.9,98.7928869544758,0.124223602484386,40.98829,1.4648095238095298,0,0.05009523809523975,-0.005714285714280454,0.0703039682539699,0,False,False,False,True,False,False,False,False,False
2003-07-01,Italy,424162100000.0,81.11256,8.5,82.60993,3.822,2.15185714285714,True,120.5475,100.4476,12.1529257205973,19.16,30.76,127.0,131.9,98.6738372148021,0.0,95.32357,1.67014285714286,0,0.035666666666669844,0.015095238095240493,0.06319285714286016,0,False,False,False,False,True,False,False,False,False
2003-07-01,Japan,122784200000000.0,97.32757,5.4,108.71143429107788,0.529,0.0393,False,101.8392,98.80611,-8.02926486456406,19.16,30.76,127.0,131.9,99.604442101768,0.653578579198633,61.15713,0.4897,0,-0.05269999999999997,-0.18909999999999993,-0.4402999999999999,0,False,False,False,False,False,True,False,False,False
2003-07-01,South Korea,258833700000000.0,73.3621415915055,3.6,155.37652587890625,4.46,4.28,True,54.75448,98.93774,-8.13045796774795,19.16,30.76,127.0,131.9,98.2735800952194,1.99004975124377,35.00854,0.17999999999999972,0,-0.11000000000000032,-0.2600000000000007,-0.6899999999999995,0,False,False,False,False,False,False,True,False,False
2003-07-01,UK,434837000000.0,76.7,5.1,125.28983,4.1127,3.63966,False,105.1079,101.2252,4.65053176350994,19.16,30.76,127.0,131.9,98.913511049099,-0.25906735751301,61.85336,0.4730400000000001,0,-0.11413999999999946,-0.1962299999999999,-0.07359000000000027,0,False,False,False,False,False,False,False,True,False
2003-07-01,USA,14743567000000.0,77.50499,6.3,95.82729,3.33,1.04,False,89.61801,100.3536,5.23776705720231,19.16,30.76,127.0,131.9,98.1703021532507,0.205251068892531,52.14394,2.29,0,-0.05999999999999961,-0.29000000000000004,-0.40000000000000036,0,False,False,False,False,False,False,False,False,True
2003-08-01,Australia,353166000000.0,73.46181,6.127893,60.7430924018898,5.23282608695652,4.72,False,69.70224,101.3671,1.43868923908845,19.27,31.59,128.9,131.8,99.7601968541357,55046900000.0,57.53238,0.5128260869565207,0,0.38007608695652095,-0.043226544622429586,0.03782608695652012,0,True,False,False,False,False,False,False,False,False
2003-08-01,Canada,408772250000.0,81.064,7.7,76.99554,4.68318181818182,2.912,True,94.59335,100.693847225043,3.41482343810635,19.27,31.59,128.9,131.8,98.8384337994163,0.443370430289591,51.40766,1.7711818181818204,0,0.5805865800865808,-0.08472294372293954,-0.4746363636363595,0,False,True,False,False,False,False,False,False,False
2003-08-01,France,471623300000.0,84.34,8.5,90.50467,4.01,2.13004347826087,False,106.4895,99.64032,5.28827535256159,19.27,31.59,128.9,131.8,97.4098839539364,-0.651465798045681,58.97385,1.8799565217391296,0,0.3418136645962697,0.19330652173912988,0.4917747035573097,0,False,False,True,False,False,False,False,False,False
2003-08-01,Germany,642079740000.0,83.68298,9.8,59.33775,3.97260869565217,2.13004347826087,True,81.47552,97.9861,1.39804034709017,19.27,31.59,128.9,131.8,99.0225402289214,-0.248138957816291,42.4631,1.8425652173912996,0,0.37775569358176986,0.22891521739129939,0.4943833992094797,0,False,False,False,True,False,False,False,False,False
2003-08-01,Italy,424162100000.0,81.24564000000001,8.4,95.04331,4.132,2.13004347826087,False,122.1267,100.5755,5.46809362311804,19.27,31.59,128.9,131.8,98.6597314888951,-0.711111111110974,96.58044,2.0019565217391295,0,0.3318136645962695,0.22330652173912924,0.4587747035573093,0,False,False,False,False,True,False,False,False,False
2003-08-01,Japan,122784200000000.0,97.12395,5.2,82.39778353238447,0.956,0.0357,False,100.9697,99.12596,0.144413336289673,19.27,31.59,128.9,131.8,99.7480263808942,0.313807531380639,62.25556,0.9203,0,0.4306,0.29479999999999995,0.12780000000000002,0,False,False,False,False,False,True,False,False,False
2003-08-01,South Korea,258833700000000.0,73.2967827459676,3.7,109.27848815917967,4.95,4.15,True,56.43347,98.93398,0.493994581766177,19.27,31.59,128.9,131.8,98.4278302144092,-0.813008130081305,36.36793,0.7999999999999998,0,0.6200000000000001,0.3899999999999997,0.07000000000000028,0,False,False,False,False,False,False,True,False,False
2003-08-01,UK,434837000000.0,76.6,5.1,73.56979,4.4078,3.49022,False,105.7399,101.2669,-1.01271071635881,19.27,31.59,128.9,131.8,99.0674338007025,1.42857142857145,63.41202,0.9175800000000001,0,0.44453999999999994,0.0972599999999999,0.51031,0,False,False,False,False,False,False,False,True,False
2003-08-01,USA,14743567000000.0,77.58937,6.2,91.74151,3.98,1.05,False,89.73151,100.5095,-0.943025540275744,19.27,31.59,128.9,131.8,98.4581982966731,1.04374530107649,52.26897,2.9299999999999997,0,0.6399999999999997,0.20999999999999996,0.16999999999999993,0,False,False,False,False,False,False,False,False,True
2003-09-01,Australia,353166000000.0,73.46181,5.81776,39.28984114174261,5.52404761904762,4.82,False,69.16216,101.5186,1.26710693825622,19.53,28.29,130.3,132.1,99.7601467648919,56744400000.0,58.29767,0.7040476190476195,0,0.19122153209109882,0.45586580086579964,0.28629761904761963,0,True,False,False,False,False,False,False,False,False
2003-09-01,Canada,408772250000.0,81.30103000000001,7.8,61.8999,4.902,2.7775,True,95.62859,100.62617068576,-1.31749009797757,19.53,28.29,130.3,132.1,99.0866297839788,0.717296667897283,52.77692,2.1245000000000003,0,0.35331818181817987,0.6300952380952403,-0.07499999999999929,0,False,True,False,False,False,False,False,False,False
2003-09-01,France,471623300000.0,84.54,8.3,30.62037,4.16,2.14042857142857,False,108.4116,99.65112,-3.47614008680445,19.53,28.29,130.3,132.1,97.5572424793814,0.327868852458968,60.80991,2.0195714285714303,0,0.1396149068323007,0.5300952380952402,0.6970214285714307,0,False,False,True,False,False,False,False,False,False
2003-09-01,Germany,642079740000.0,83.68298,9.8,59.89029,4.13,2.14042857142857,True,83.0219,98.21873,-0.330352879871842,19.53,28.29,130.3,132.1,99.3053793876738,-0.12437810945275,43.39233,1.98957142857143,0,0.14700621118013046,0.5748571428571401,0.7220214285714301,0,False,False,False,True,False,False,False,False,False
2003-09-01,Italy,424162100000.0,81.44525,8.4,79.42847,4.293,2.14042857142857,False,123.8112,100.5617,-4.77774948992115,19.53,28.29,130.3,132.1,98.689473767893,0.179051029544053,98.29542,2.1525714285714304,0,0.15061490683230083,0.5180952380952402,0.6830214285714304,0,False,False,False,False,True,False,False,False,False
2003-09-01,Japan,122784200000000.0,97.32757,5.1,66.91367154592251,1.406,0.0378,False,101.4044,99.37868,1.14585299776688,19.53,28.29,130.3,132.1,99.900949887788,-1.61430065676359,66.95549,1.3681999999999999,0,0.44789999999999985,0.8257999999999999,0.5841999999999999,0,False,False,False,False,False,True,False,False,False
2003-09-01,South Korea,258833700000000.0,73.6288478482972,3.6,94.9653778076172,5.26,3.9,True,53.80433,98.98062,-9.67711178292427,19.53,28.29,130.3,132.1,98.7052677701379,1.31147540983607,37.07845,1.3599999999999999,0,0.56,1.0699999999999998,0.7499999999999996,0,False,False,False,False,False,False,True,False,False
2003-09-01,UK,434837000000.0,76.8,5.0,90.74357,4.604,3.52249,False,106.3718,101.2826,-45.8752102695435,19.53,28.29,130.3,132.1,99.2289208782495,0.384122919334162,64.21674,1.0815100000000002,0,0.16393000000000013,0.4943300000000006,0.6226600000000002,0,False,False,False,False,False,False,False,True,False
2003-09-01,USA,14743567000000.0,77.88471,6.1,95.67182,4.45,1.08,False,90.19523,100.5117,3.21301071003597,19.53,28.29,130.3,132.1,98.7961815398619,0.770547274322153,53.80064,3.37,0,0.4400000000000004,1.0200000000000005,0.7400000000000002,0,False,False,False,False,False,False,False,False,True
2003-10-01,Australia,359071000000.0,73.46181,5.775371,49.0920698696631,5.51295454545455,4.91,False,69.16216,101.518,0.803394291775206,18.02,30.33,131.8,132.8,99.7706904627278,56744400000.0,59.28762,0.6029545454545495,0,-0.10109307359306996,0.4702045454545498,0.09128787878787925,0,True,False,False,False,False,False,False,False,False
2003-10-01,Canada,410300500000.0,81.45905,7.9,71.95838,4.75714285714286,2.6325,True,94.34466,100.688322890992,1.75475657329578,18.02,30.33,131.8,132.8,99.3853763459113,-0.21228685714737,53.44719,2.12464285714286,0,0.00014285714285966478,0.9340476190476203,0.16500000000000004,0,False,True,False,False,False,False,False,False,False
2003-10-01,France,476186400000.0,84.86,8.6,95.08572,4.23,2.14731818181818,False,107.9311,99.60408,-1.76519557264797,18.02,30.33,131.8,132.8,97.742350864993,1.14379084967331,60.81502,2.0826818181818205,0,0.06311038961039017,0.5445389610389606,0.5126341991342009,0,False,False,True,False,False,False,False,False,False
2003-10-01,Germany,646997280000.0,83.58969,9.8,89.45636,4.17136363636364,2.14731818181818,True,81.37887,98.21931,0.47132872423048,18.02,30.33,131.8,132.8,99.6108984417581,-0.249066002490672,43.40968,2.0240454545454605,0,0.034474025974030376,0.5592359307359307,0.5535216450216502,0,False,False,False,True,False,False,False,False,False
2003-10-01,Italy,423873600000.0,81.57833000000001,8.4,88.49613,4.314,2.14731818181818,False,120.6527,100.5081,4.68108779697092,18.02,30.33,131.8,132.8,98.7768665359434,-0.446827524575755,98.22433,2.16668181818182,0,0.014110389610389795,0.4965389610389601,0.5116341991342006,0,False,False,False,False,True,False,False,False,False
2003-10-01,Japan,123154400000000.0,97.42937,5.2,88.16269162954228,1.42,0.0392,False,100.4263,99.49607,0.725711602089629,18.02,30.33,131.8,132.8,100.065566031753,1.64078790671782,68.54835,1.3808,0,0.012600000000000167,0.8911,0.7020000000000001,0,False,False,False,False,False,True,False,False,False
2003-10-01,South Korea,263836100000000.0,74.2950864028126,3.7,77.55467987060547,4.77,3.83,True,56.65372,99.06861,-1.87382171844324,18.02,30.33,131.8,132.8,99.0477914937647,0.323624595469263,37.52296,0.9399999999999995,0,-0.4200000000000004,0.7599999999999998,0.4999999999999991,0,False,False,False,False,False,False,True,False,False
2003-10-01,UK,438710000000.0,77.0,5.0,58.72573,4.7132,3.6967,False,106.5824,101.2848,81.066107415449,18.02,30.33,131.8,132.8,99.3891458573946,-0.25510204081628,65.05786,1.0164999999999997,0,-0.06501000000000046,0.5434599999999996,0.3472299999999997,0,False,False,False,False,False,False,False,True,False
2003-10-01,USA,14988782000000.0,78.13786,6.1,106.11577,4.27,1.08,False,89.99321,100.4225,-2.90801947220043,18.02,30.33,131.8,132.8,99.1729581088562,1.20431469029811,55.20531,3.1899999999999995,0,-0.1800000000000006,0.8999999999999995,0.6099999999999994,0,False,False,False,False,False,False,False,False,True
2003-11-01,Australia,359071000000.0,73.92617,5.783503,37.67953455338157,5.60869565217391,4.97,False,69.16216,101.5256,-2.1493433103392,17.4,31.09,136.8,132.9,99.7839571058228,56744400000.0,58.36786,0.6386956521739107,0,0.03574110671936115,0.12586956521739,0.08264302059496043,0,True,False,False,False,False,False,False,False,False
2003-11-01,Canada,410300500000.0,81.22202,7.6,85.79252,4.81545454545455,2.618,False,96.22236,100.886044622355,-5.05307738087049,17.4,31.09,136.8,132.9,99.7140038359851,-0.985782449681571,54.52989,2.19745454545455,0,0.07281168831169005,0.4262727272727296,0.34154978354979004,0,False,True,False,False,False,False,False,False,False
2003-11-01,France,476186400000.0,85.04,8.7,80.04883,4.28,2.1435652173913,False,107.5486,99.57878,0.823561006176705,17.4,31.09,136.8,132.9,97.955344345406,0.646203554119484,62.63467,2.1364347826087005,0,0.053752964426879934,0.2564782608695708,0.4497847826087007,0,False,False,True,False,False,False,False,False,False
2003-11-01,Germany,646997280000.0,83.58969,9.8,87.1267,4.22130434782609,2.1435652173913,True,80.89562,98.18441,-7.43461937807302,17.4,31.09,136.8,132.9,99.9025580749939,0.74906367041192,46.01037,2.07773913043479,0,0.053693675889329384,0.23517391304349022,0.4640891304347896,0,False,False,False,True,False,False,False,False,False
2003-11-01,Italy,423873600000.0,81.64487,8.2,102.5853,4.382,2.1435652173913,False,121.3897,100.5267,-1.9726329932337,17.4,31.09,136.8,132.9,98.924252536734,0.269299820466395,101.7257,2.2384347826087,0,0.07175296442687973,0.23647826086957036,0.4597847826086996,0,False,False,False,False,True,False,False,False,False
2003-11-01,Japan,123154400000000.0,97.42937,5.1,99.63056670789402,1.437,0.0338,False,103.4695,99.54961,1.90404947556619,17.4,31.09,136.8,132.9,100.230450060477,0.430279312358728,64.92816,1.4032,0,0.022399999999999975,0.4829,0.7777,0,False,False,False,False,False,True,False,False,False
2003-11-01,South Korea,263836100000000.0,74.3604452483504,3.8,153.17120361328125,4.87,3.93,True,57.37086,99.15455,5.91297854954964,17.4,31.09,136.8,132.9,99.3822074316053,0.322580645161286,39.2324,0.94,0,4.440892098500626e-16,0.14000000000000012,0.5299999999999998,0,False,False,False,False,False,False,True,False,False
2003-11-01,UK,438710000000.0,77.1,4.9,73.45627,4.9071,3.80338,False,106.7931,101.3307,2.1561140630685,17.4,31.09,136.8,132.9,99.5513296459569,1.15089514066491,65.95235,1.1037199999999996,0,0.08721999999999985,0.18613999999999953,0.28339999999999943,0,False,False,False,False,False,False,False,True,False
2003-11-01,USA,14988782000000.0,78.05346999999999,6.0,88.04379,4.29,1.1,False,90.58509,100.3871,-5.0402427760921,17.4,31.09,136.8,132.9,99.5763895642207,-0.854942632428257,56.13243,3.19,0,4.440892098500626e-16,0.26000000000000023,0.4700000000000002,0,False,False,False,False,False,False,False,False,True
2003-12-01,Australia,359071000000.0,73.92617,5.661609,58.201036346538146,5.874,5.31,False,69.25262,101.5348,-2.14876033057875,16.83,32.15,144.4,133.5,99.7874879137782,58436400000.0,58.915,0.5640000000000001,0,-0.07469565217391061,-0.14004761904761942,0.3158181818181802,0,True,False,False,False,False,False,False,False,False
2003-12-01,Canada,410300500000.0,81.45905,7.4,82.73162,4.85684210526316,2.7,False,96.76593,101.059153174942,0.915425206262555,16.83,32.15,144.4,133.5,100.038648500655,0.248695368558338,56.14394,2.15684210526316,0,-0.040612440191389876,0.03234210526315984,0.6624373433584001,0,False,True,False,False,False,False,False,False,False
2003-12-01,France,476186400000.0,85.14,8.8,78.83218,4.41,2.15905,False,110.1572,99.66866,-5.24312646127438,16.83,32.15,144.4,133.5,98.1904996735994,1.60513643659708,63.89473,2.25095,0,0.11451521739129955,0.23137857142856966,0.7614738095238098,0,False,False,True,False,False,False,False,False,False
2003-12-01,Germany,646997280000.0,83.40311,9.8,106.28779,4.353,2.15905,True,83.11855,98.20568,6.37728826928512,16.83,32.15,144.4,133.5,100.158906670467,0.743494423791868,47.69532,2.1939499999999996,0,0.11621086956520976,0.20437857142856952,0.7792357142857096,0,False,False,False,True,False,False,False,False,False
2003-12-01,Italy,423873600000.0,81.8445,8.2,82.61743,4.511,2.15905,False,122.9689,100.549,1.12208913560956,16.83,32.15,144.4,133.5,99.0951008445264,0.0,104.0496,2.35195,0,0.1135152173913001,0.19937857142856963,0.7174738095238098,0,False,False,False,False,True,False,False,False,False
2003-12-01,Japan,123154400000000.0,96.92033,5.1,83.87400202609237,1.333,0.0282,False,104.665,99.6331,-3.57656948515856,16.83,32.15,144.4,133.5,100.364991465505,1.06496272630452,65.23371,1.3048,0,-0.09840000000000004,-0.0633999999999999,0.7624,0,False,False,False,False,False,True,False,False,False
2003-12-01,South Korea,263836100000000.0,74.2276192074186,3.9,111.3070831298828,5.35,4.23,True,58.96579,99.36859,8.07312427164768,16.83,32.15,144.4,133.5,99.6669505052499,0.321543408360125,39.83801,1.1199999999999992,0,0.17999999999999927,-0.24000000000000066,0.8299999999999992,0,False,False,False,False,False,False,True,False,False
2003-12-01,UK,438710000000.0,77.1,4.9,75.54928,5.065,3.98043,False,108.6888,101.2674,-3.41691277178546,16.83,32.15,144.4,133.5,99.713172816754,0.0,66.67201,1.0845700000000003,0,-0.019149999999999334,0.0030600000000000627,0.49739000000000066,0,False,False,False,False,False,False,False,True,False
2003-12-01,USA,14988782000000.0,77.84251,5.8,84.91824,4.3,1.11,False,90.70167,100.5351,7.62817840767029,16.83,32.15,144.4,133.5,99.9847157891689,-0.482826636755584,58.51985,3.1899999999999995,0,-4.440892098500626e-16,-0.1800000000000006,0.8399999999999999,0,False,False,False,False,False,False,False,False,True
2004-01-01,Australia,365360000000.0,73.92617,5.681336,55.35951752013718,5.75738095238095,5.47,False,69.25262,101.4753,0.12821556496303,16.1,34.27,148.8,134.4,99.7791684727739,58436400000.0,60.12669,0.28738095238094985,0,-0.2766190476190502,-0.31557359307359967,0.15463095238095015,0,True,False,False,False,False,False,False,False,False
2004-01-01,Canada,413121000000.0,81.53806,7.3,55.94576,4.72904761904762,2.624,False,96.84579,101.174633145172,-3.36559295103308,16.1,34.27,148.8,134.4,100.338982103442,-0.262719102037434,59.04029,2.1050476190476197,0,-0.05179448621554039,-0.01959523809524022,0.9144523809523801,0,False,True,False,False,False,False,False,False,False
2004-01-01,France,478226700000.0,85.23,9.0,75.70653,4.34,2.14633333333333,False,107.9997,99.84783,3.07957548083229,16.1,34.27,148.8,134.4,98.4362103025779,-4.42338072669824,66.3772,2.1936666666666698,0,-0.057283333333330244,0.11098484848484924,0.6555238095238098,0,False,False,True,False,False,False,False,False,False
2004-01-01,Germany,648812980000.0,84.05615,9.8,61.57172,4.29105263157895,2.14633333333333,True,83.69846,98.24712,-6.882709319345,16.1,34.27,148.8,134.4,100.349903085204,-1.10701107011068,50.06466,2.1447192982456196,0,-0.049230701754380046,0.1206738437001591,0.6799097744360898,0,False,False,False,True,False,False,False,False,False
2004-01-01,Italy,427812200000.0,81.91103000000001,8.2,94.45006,4.459,2.14633333333333,False,124.5482,100.4699,-0.199543773438071,16.1,34.27,148.8,134.4,99.2459485546545,-0.716204118173547,105.7908,2.3126666666666695,0,-0.03928333333333045,0.14598484848484938,0.6425238095238095,0,False,False,False,False,True,False,False,False,False
2004-01-01,Japan,124491850000000.0,97.02214,4.9,65.38044413938692,1.33,0.0283,False,104.8824,99.80911,-0.0034045524954562,16.1,34.27,148.8,134.4,100.463843938475,-2.01705023421388,68.32854,1.3017,0,-0.0030999999999998806,-0.07909999999999995,0.812,0,False,False,False,False,False,True,False,False,False
2004-01-01,South Korea,270800000000000.0,74.5617926596043,3.7,96.78128051757812,5.43,4.34,True,59.04346,99.61781,-27.5500040417566,16.1,34.27,148.8,134.4,99.8949516399846,0.16025641025641,42.07001,1.0899999999999999,0,-0.02999999999999936,0.15000000000000036,0.9100000000000001,0,False,False,False,False,False,False,True,False,False
2004-01-01,UK,442172000000.0,77.3,4.8,80.86126,4.896,4.01864,False,107.2143,101.2153,8.3442961080628,16.1,34.27,148.8,134.4,99.8753169496775,0.126422250316094,67.79669,0.8773599999999995,0,-0.20721000000000078,-0.13914000000000026,0.40431999999999935,0,False,False,False,False,False,False,False,True,False
2004-01-01,USA,15162760000000.0,77.75813000000001,5.7,91.73699,4.27,1.1,False,91.3222,100.827,-4.26026336173548,16.1,34.27,148.8,134.4,100.364627294716,1.2355851331878,61.47464,3.1699999999999995,0,-0.020000000000000018,-0.020000000000000018,0.8799999999999994,0,False,False,False,False,False,False,False,False,True
2004-02-01,Australia,365360000000.0,74.4834,5.530748,54.24925103146079,5.7005,5.55,False,69.25262,101.5365,-2.93908412772604,16.0,34.74,159.0,134.9,99.7660718750883,58436400000.0,60.33166,0.15050000000000008,0,-0.13688095238094977,-0.4881956521739106,-0.3623260869565206,0,True,False,False,False,False,False,False,False,False
2004-02-01,Canada,413121000000.0,81.61707,7.3,56.39822,4.58619047619048,2.3725,False,97.04057,101.198833652801,2.90582959641288,16.0,34.74,159.0,134.9,100.593032505949,-1.13315718223489,60.53781,2.21369047619048,0,0.10864285714286037,0.016235930735930104,0.4425086580086597,0,False,True,False,False,False,False,False,False,False
2004-02-01,France,478226700000.0,85.23,8.9,76.2637,4.2,2.08947619047619,False,108.6764,100.1189,-2.29491506935649,16.0,34.74,159.0,134.9,98.6623735019203,2.31404958677692,67.63,2.1105238095238104,0,-0.0831428571428594,-0.0259109730848901,0.23056728778468072,0,False,False,True,False,False,False,False,False,False
2004-02-01,Germany,648812980000.0,84.05615,9.8,59.47799,4.17095238095238,2.08947619047619,True,84.08505,98.18146,1.5929709629714,16.0,34.74,159.0,134.9,100.459760632296,-0.995024875621953,50.18226,2.08147619047619,0,-0.06324310776942976,0.0037370600413999533,0.23891097308489018,0,False,False,False,True,False,False,False,False,False
2004-02-01,Italy,427812200000.0,82.04411,8.3,92.18944,4.317,2.08947619047619,False,124.5482,100.3159,-5.45772094611289,16.0,34.74,159.0,134.9,99.3546383680687,-0.180342651036702,106.323,2.2275238095238103,0,-0.08514285714285919,-0.01091097308488953,0.22556728778468083,0,False,False,False,False,True,False,False,False,False
2004-02-01,Japan,124491850000000.0,96.81853,4.9,71.34607762886576,1.33,0.0291,False,104.5563,100.0255,14.0767945895613,16.0,34.74,159.0,134.9,100.534101815013,1.83897223561451,67.34226,1.3009000000000002,0,-0.0007999999999999119,-0.10229999999999984,0.38060000000000016,0,False,False,False,False,False,True,False,False,False
2004-02-01,South Korea,270800000000000.0,75.0277379777938,3.5,145.821533203125,5.42,4.26,True,60.10853,99.74202,25.2903360875664,16.0,34.74,159.0,134.9,100.066033875761,-2.08,43.13107,1.1600000000000001,0,0.07000000000000028,0.2200000000000002,0.3600000000000003,0,False,False,False,False,False,False,True,False,False
2004-02-01,UK,442172000000.0,77.0,4.8,65.19389,4.7875,4.05531,False,107.2143,101.2286,-1.86486944170178,16.0,34.74,159.0,134.9,100.032096651318,0.126262626262652,67.37318,0.7321899999999992,0,-0.14517000000000024,-0.37153000000000036,-0.18539000000000083,0,False,False,False,False,False,False,False,True,False
2004-02-01,USA,15162760000000.0,78.13786,5.7,96.56646,4.15,1.06,False,91.3675,101.1297,-4.97572815533984,16.0,34.74,159.0,134.9,100.682893983859,-0.545060076894055,62.40279,3.0900000000000003,0,-0.07999999999999918,-0.09999999999999964,0.1600000000000006,0,False,False,False,False,False,False,False,False,True
2004-03-01,Australia,365360000000.0,74.4834,5.642932,62.65328070389133,5.6205,5.57,False,70.30264,101.7835,2.94431763449394,17.69,36.76,172.9,134.8,99.7644199958398,59075800000.0,62.07179,0.050499999999999545,0,-0.10000000000000053,-0.5135000000000005,-0.6535476190476199,0,True,False,False,False,False,False,False,False,False
2004-03-01,Canada,413121000000.0,81.77509,7.3,77.56686,4.4515,2.195,False,96.63817,101.284026838474,-2.90802393817915,17.69,36.76,172.9,134.8,100.789945417092,1.35318499577262,60.08792,2.2565000000000004,0,0.0428095238095203,0.09965789473684028,0.13200000000000012,0,False,True,False,False,False,False,False,False,False
2004-03-01,France,478226700000.0,85.59,8.9,51.82108,4.14,2.07055,False,109.3432,100.3867,0.990510450908644,17.69,36.76,172.9,134.8,98.8568647871661,1.77705977382865,67.38299,2.06945,0,-0.04107380952381057,-0.18150000000000022,0.04987857142856944,0,False,False,True,False,False,False,False,False,False
2004-03-01,Germany,648812980000.0,84.24274,10.1,83.92587,4.11,2.07055,True,84.1817,98.13295,4.91077463369813,17.69,36.76,172.9,134.8,100.506922599481,1.63316582914572,48.62262,2.0394500000000004,0,-0.042026190476189385,-0.1544999999999992,0.04987857142857033,0,False,False,False,True,False,False,False,False,False
2004-03-01,Italy,427812200000.0,82.24374,8.0,73.69561,4.343,2.07055,False,124.6535,100.1611,3.80284591276285,17.69,36.76,172.9,134.8,99.4051610062381,0.903342366756599,105.3738,2.27245,0,0.04492619047618973,-0.0794999999999999,0.11987857142856972,0,False,False,False,False,True,False,False,False,False
2004-03-01,Japan,124491850000000.0,96.81853,5.0,63.36253063957373,1.211,0.0322,False,106.404,100.2138,-6.56807491993295,17.69,36.76,172.9,134.8,100.587824013398,1.59178316512281,73.33595,1.1788,0,-0.1221000000000001,-0.1259999999999999,-0.1893999999999998,0,False,False,False,False,False,True,False,False,False
2004-03-01,South Korea,270800000000000.0,75.3598030801234,3.5,77.06148529052734,5.43,4.08,True,59.86913,99.70837,14.0756113369204,17.69,36.76,172.9,134.8,100.181938671692,3.43137254901962,43.55222,1.3499999999999996,0,0.1899999999999995,0.23000000000000043,-0.010000000000000231,0,False,False,False,False,False,False,True,False,False
2004-03-01,UK,442172000000.0,77.2,4.8,68.73472,4.8056,4.16654,False,108.5835,101.2966,0.0203135922667297,17.69,36.76,172.9,134.8,100.151367880599,2.14375788146277,67.42761,0.6390599999999997,0,-0.09312999999999949,-0.4455100000000005,-0.44245000000000045,0,False,False,False,False,False,False,False,True,False
2004-03-01,USA,15162760000000.0,78.55977,5.6,99.4573,4.08,1.05,False,91.52095,101.4088,7.46416914999308,17.69,36.76,172.9,134.8,100.922495112164,0.0498054419812322,61.57739,3.0300000000000002,0,-0.06000000000000005,-0.15999999999999925,-0.33999999999999986,0,False,False,False,False,False,False,False,False,True
2004-04-01,Australia,368052000000.0,74.4834,5.437469,45.4590949023093,5.4154347826087,5.51,False,70.30264,101.8742,-0.6082304359325,15.7,36.69,184.4,134.7,99.7790003674559,59075800000.0,62.62614,-0.09456521739129986,1,-0.1450652173912994,-0.3819461697722497,-0.6975197628458494,0,True,False,False,False,False,False,False,False,False
2004-04-01,Canada,416125000000.0,82.09113,7.3,68.03522,4.2604347826087,2.038,False,96.30535,101.245843875798,3.93465186559303,15.7,36.69,184.4,134.7,100.913472761269,2.21646143875553,60.33731,2.2224347826087,0,-0.03406521739130053,0.11738716356108014,0.09779192546583992,0,False,True,False,False,False,False,False,False,False
2004-04-01,France,482977300000.0,85.93,8.9,156.44856,3.98,2.02882608695652,False,110.471,100.4244,1.69505057515031,15.7,36.69,184.4,134.7,99.0186802941262,-2.06349206349208,68.79276,1.9511739130434802,0,-0.11827608695651959,-0.24249275362318956,-0.13150790513834032,0,False,False,True,False,False,False,False,False,False
2004-04-01,Germany,647678140000.0,84.52261,10.3,117.33881,3.91347826086957,2.02882608695652,True,84.375,98.21647,-3.41242373392173,15.7,36.69,184.4,134.7,100.520255033601,0.741656365883858,49.86609,1.8846521739130502,0,-0.15479782608695025,-0.2600671243325694,-0.1393932806324103,0,False,False,False,True,False,False,False,False,False
2004-04-01,Italy,428822500000.0,82.5099,8.3,134.71388,4.169,2.02882608695652,False,124.2323,100.0096,4.60201780107121,15.7,36.69,184.4,134.7,99.4166036977172,-1.07430617725986,108.4726,2.14017391304348,0,-0.13227608695652027,-0.17249275362318972,-0.026507905138340337,0,False,False,False,False,True,False,False,False,False
2004-04-01,Japan,125404450000000.0,97.02214,4.8,67.07975112943323,1.418,0.0349,False,106.0779,100.3472,1.75863709976496,15.7,36.69,184.4,134.7,100.634248815604,-1.35983263598329,77.43574,1.3831,0,0.20429999999999993,0.08139999999999992,0.0022999999999999687,0,False,False,False,False,False,True,False,False,False
2004-04-01,South Korea,274198000000000.0,76.0914004801767,3.5,180.11639404296875,5.26,3.93,True,62.91749,99.59066,-18.74856299247,15.7,36.69,184.4,134.7,100.242261760775,-0.473933649289104,45.07221,1.3299999999999996,0,-0.020000000000000018,0.23999999999999977,0.3900000000000001,0,False,False,False,False,False,False,True,False,False
2004-04-01,UK,443853000000.0,77.3,4.8,77.10777,4.7088,4.29673,False,108.2675,101.3559,-3.10028473625572,15.7,36.69,184.4,134.7,100.214797606768,-0.61728395061722,68.43538,0.41206999999999994,0,-0.2269899999999998,-0.46528999999999954,-0.6044299999999998,0,False,False,False,False,False,False,False,True,False
2004-04-01,USA,15248680000000.0,79.06606,5.8,96.78947,3.83,1.05,False,92.07636,101.2953,1.70342004489592,15.7,36.69,184.4,134.7,101.066382233287,0.522004507031437,61.8445,2.7800000000000002,0,-0.25,-0.38999999999999924,-0.40999999999999925,0,False,False,False,False,False,False,False,False,True
2004-05-01,Australia,368052000000.0,74.85489,5.507072,42.78044597849545,5.803,5.54,False,70.30264,101.8099,0.0695865738847612,17.71,40.28,187.8,135.5,99.8059387914353,59075800000.0,61.77567,0.2629999999999999,0,0.35756521739129976,0.11249999999999982,-0.37569565217391077,0,True,False,False,False,False,False,False,False,False
2004-05-01,Canada,416125000000.0,82.24915,7.2,55.97213,4.61285714285714,1.9625,False,97.48262,101.180321239573,1.13283049286106,17.71,40.28,187.8,135.5,100.961847235146,-0.123636824752582,57.64899,2.6503571428571404,0,0.42792236024844055,0.4366666666666603,0.4529025974025904,0,False,True,False,False,False,False,False,False,False
2004-05-01,France,482977300000.0,86.15,8.8,169.84111,4.18,2.04875,False,110.1179,100.2928,-4.37413565074554,17.71,40.28,187.8,135.5,99.1556521257508,1.62074554294989,66.46671,2.1312499999999996,0,0.18007608695651944,0.020726190476189288,-0.005184782608700811,0,False,False,True,False,False,False,False,False,False
2004-05-01,Germany,647678140000.0,84.80248,10.3,104.8796,4.097,2.04875,True,83.69846,98.22088,4.59149008977175,17.71,40.28,187.8,135.5,100.517436522162,0.490797546012312,47.48711,2.0482500000000003,0,0.16359782608695017,-0.033226190476189466,-0.029489130434789512,0,False,False,False,True,False,False,False,False,False
2004-05-01,Italy,428822500000.0,82.70952,8.2,107.23698,4.351,2.04875,False,121.8108,99.97756,-0.786517173715917,17.71,40.28,187.8,135.5,99.4078111749862,0.0,106.0786,2.30225,0,0.1620760869565201,0.07472619047618956,0.06381521739130003,0,False,False,False,False,True,False,False,False,False
2004-05-01,Japan,125404450000000.0,97.02214,4.8,73.4510527393513,1.52,0.0234,False,105.5345,100.5272,-10.2845896527851,17.71,40.28,187.8,135.5,100.690133864271,0.21342437065961,72.46829,1.4966,0,0.11349999999999993,0.19569999999999976,0.09339999999999993,0,False,False,False,False,False,True,False,False,False
2004-05-01,South Korea,274198000000000.0,76.0914004801767,3.6,141.32057189941406,5.25,3.91,True,61.82263,99.51422,4.04414589646254,17.71,40.28,187.8,135.5,100.261633735359,-3.17460317460317,39.84497,1.3399999999999999,0,0.010000000000000231,0.17999999999999972,0.3999999999999999,0,False,False,False,False,False,False,True,False,False
2004-05-01,UK,443853000000.0,77.6,4.8,78.17436,4.957,4.39472,False,108.3728,101.3983,-4.50894211119986,17.71,40.28,187.8,135.5,100.221383381233,0.248447204968905,67.53452,0.5622799999999994,0,0.1502099999999995,-0.16990999999999978,-0.5414400000000001,0,False,False,False,False,False,False,False,True,False
2004-05-01,USA,15248680000000.0,79.31921,5.6,94.11529,4.35,1.08,False,91.72466,101.1277,-5.49207997922592,17.71,40.28,187.8,135.5,101.13345763666,1.66344126606757,59.72372,3.2699999999999996,0,0.4899999999999993,0.17999999999999927,0.07999999999999963,0,False,False,False,False,False,False,False,False,True
2004-06-01,Australia,368052000000.0,74.85489,5.336695,89.22011210170349,5.95809523809524,5.51,False,70.28152,101.7335,-2.25999100094052,15.34,38.02,176.2,134.5,99.8369211225841,59958100000.0,63.73055,0.4480952380952399,0,0.18509523809523998,0.39759523809524033,-0.11590476190476018,0,True,False,False,False,False,False,False,False,False
2004-06-01,Canada,416125000000.0,82.96023000000001,7.1,80.09578,4.773,1.97,False,97.3038,101.003720188171,-0.582131826528232,15.34,38.02,176.2,134.5,100.934830385533,-1.48865259482625,58.80555,2.803,0,0.15264285714285952,0.5464999999999995,0.6461578947368398,0,False,True,False,False,False,False,False,False,False
2004-06-01,France,482977300000.0,86.47,8.8,170.88304,4.34,2.08585714285714,False,110.1375,100.0907,5.97433436063257,15.34,38.02,176.2,134.5,99.2713582363851,0.318979266347652,67.85228,2.2541428571428597,0,0.12289285714286002,0.18469285714285988,0.003192857142859662,0,False,False,True,False,False,False,False,False,False
2004-06-01,Germany,647678140000.0,84.98907,10.3,126.78747,4.25333333333333,2.08585714285714,True,84.9549,98.17886,-2.24788925628483,15.34,38.02,176.2,134.5,100.510259113063,0.732600732600663,48.68238,2.16747619047619,0,0.11922619047618976,0.12802619047618968,-0.02647380952380951,0,False,False,False,True,False,False,False,False,False
2004-06-01,Italy,428822500000.0,82.90914000000001,8.1,91.05515,4.493,2.08585714285714,False,124.2323,99.98335,-3.59370531665285,15.34,38.02,176.2,134.5,99.4081640792038,0.0,107.89,2.40714285714286,0,0.10489285714286023,0.13469285714286006,0.05519285714286015,0,False,False,False,False,True,False,False,False,False
2004-06-01,Japan,125404450000000.0,97.12395,4.7,75.51629183823333,1.505,0.0237,False,107.3822,100.8492,9.14046663268484,15.34,38.02,176.2,134.5,100.746799113325,-1.05596620908119,74.69481,1.4812999999999998,0,-0.015300000000000091,0.30249999999999977,0.17649999999999988,0,False,False,False,False,False,True,False,False,False
2004-06-01,South Korea,274198000000000.0,76.0260416346388,3.7,205.35894775390625,5.16,3.9,True,62.49082,99.52216,-1.2499225245463,15.34,38.02,176.2,134.5,100.264443600929,0.655737704918025,38.36575,1.2600000000000002,0,-0.07999999999999963,-0.08999999999999941,0.140000000000001,0,False,False,False,False,False,False,True,False,False
2004-06-01,UK,443853000000.0,77.9,4.8,87.14658,5.1118,4.52872,False,108.8994,101.261,-1.28748612246314,15.34,38.02,176.2,134.5,100.182622457014,0.74349442379178,67.90693,0.5830799999999998,0,0.020800000000000374,-0.05597999999999992,-0.5014900000000004,0,False,False,False,False,False,False,False,True,False
2004-06-01,USA,15248680000000.0,79.78331,5.6,92.32118,4.72,1.2,False,92.09846,100.9568,8.02308009341912,15.34,38.02,176.2,134.5,101.135742414184,-1.2970513851944,61.33126,3.5199999999999996,0,0.25,0.4899999999999993,0.33000000000000007,0,False,False,False,False,False,False,False,False,True
2004-07-01,Australia,370641000000.0,74.85489,5.463171,46.38174853158644,5.84547619047619,5.49,False,70.28152,101.6613,1.62380464123471,15.5,40.69,177.1,134.9,99.8676079195461,59958100000.0,64.23252,0.35547619047618984,0,-0.09261904761905004,0.4500414078674897,0.06809523809523998,0,True,False,False,False,False,False,False,False,False
2004-07-01,Canada,421055500000.0,83.03924,7.2,71.94154,4.93272727272727,2.008,False,96.88714,100.7294763264,-4.4595561918393,15.5,40.69,177.1,134.9,100.841654601833,-0.0354427116897482,58.76984,2.92472727272727,0,0.12172727272727002,0.7022924901185701,0.8196796536796502,0,False,True,False,False,False,False,False,False,False
2004-07-01,France,485739100000.0,86.5,8.8,128.39176,4.39,2.11268181818182,False,109.5197,100.0609,-1.88910872208053,15.5,40.69,177.1,134.9,99.3781515136481,0.0,66.76049,2.27731818181818,0,0.02317532467532013,0.3261442687746996,0.08365151515151004,0,False,False,True,False,False,False,False,False,False
2004-07-01,Germany,651006940000.0,84.98907,10.3,104.78895,4.31272727272727,2.11268181818182,True,85.63145,98.15106,0.645951118810406,15.5,40.69,177.1,134.9,100.490828921788,-2.42424242424237,47.50061,2.20004545454545,0,0.03256926406925986,0.3153932806323998,0.0553261562998304,0,False,False,False,True,False,False,False,False,False
2004-07-01,Italy,430239500000.0,83.04222,7.8,104.18458,4.544,2.11268181818182,False,123.9165,100.0507,-1.23864313253332,15.5,40.69,177.1,134.9,99.4360537060607,-1.44796380090559,106.9152,2.4313181818181797,0,0.024175324675319576,0.2911442687746999,0.11865151515151018,0,False,False,False,False,True,False,False,False,False
2004-07-01,Japan,125424750000000.0,97.32757,4.7,83.2593093270936,1.807,0.028,False,107.4909,101.1412,-3.07869285858606,15.5,40.69,177.1,134.9,100.805069118843,-0.957715533539782,73.91869,1.779,0,0.2977000000000001,0.3958999999999999,0.47729999999999984,0,False,False,False,False,False,True,False,False,False
2004-07-01,South Korea,276291500000000.0,76.0260416346388,3.5,95.58273315429688,5.01,3.91,True,63.40267,99.31157,-4.40289725704961,15.5,40.69,177.1,134.9,100.247812328803,-0.651465798045603,37.09586,1.0999999999999996,0,-0.1600000000000006,-0.22999999999999998,0.009999999999999787,0,False,False,False,False,False,False,True,False,False
2004-07-01,UK,446443000000.0,77.9,4.8,69.11718,5.2,4.78974,False,107.3196,101.0372,3.48185880599234,15.5,40.69,177.1,134.9,100.124067717625,0.492004920049216,66.15358,0.41026000000000007,0,-0.17281999999999975,-0.0018099999999998673,-0.4670999999999994,0,False,False,False,False,False,False,False,True,False
2004-07-01,USA,15366850000000.0,80.03645,5.6,85.34598,4.73,1.46,False,92.76678,100.8785,-8.03764466488595,15.5,40.69,177.1,134.9,101.093058952171,1.43300662728874,60.38981,3.2700000000000005,0,-0.2499999999999991,0.4900000000000002,0.10000000000000098,0,False,False,False,False,False,False,False,False,True
2004-08-01,Australia,370641000000.0,75.13351,5.550467,41.22739399824134,5.71772727272727,5.46,False,70.28152,101.6706,-3.08040770101901,16.68,44.94,184.0,134.6,99.8946249854918,59958100000.0,64.03181,0.25772727272727014,0,-0.0977489177489197,-0.00527272727272976,0.10722727272727006,0,True,False,False,False,False,False,False,False,False
2004-08-01,Canada,421055500000.0,82.96023000000001,7.1,60.72385,4.75,2.035,False,98.30312,100.63724969582,0.521465497864981,16.68,44.94,184.0,134.6,100.714899662406,0.0064464141820819,57.78826,2.715,0,-0.2097272727272701,0.06464285714285944,0.5013095238095198,0,False,True,False,False,False,False,False,False,False
2004-08-01,France,485739100000.0,86.36,8.8,99.18596,4.27,2.11604545454546,False,110.6083,100.105,1.18566031317952,16.68,44.94,184.0,134.6,99.4755894328874,1.27186009538951,65.60526,2.1539545454545395,0,-0.12336363636364034,0.022704545454539815,0.0434307359307291,0,False,False,True,False,False,False,False,False,False
2004-08-01,Germany,651006940000.0,85.17565,10.3,57.15773,4.23681818181818,2.11604545454546,True,84.9549,98.17213,-0.109364474265983,16.68,44.94,184.0,134.6,100.45777099377,1.49068322981365,45.9294,2.1207727272727195,0,-0.07927272727273049,0.07252272727271913,0.03929653679652967,0,False,False,False,True,False,False,False,False,False
2004-08-01,Italy,430239500000.0,83.10876,7.8,168.23733,4.44,2.11604545454546,False,123.1795,100.2217,2.95178930270092,16.68,44.94,184.0,134.6,99.5056783755392,1.37741046831941,104.1712,2.3239545454545403,0,-0.10736363636363944,0.02170454545454037,0.09643073593072993,0,False,False,False,False,True,False,False,False,False
2004-08-01,Japan,125424750000000.0,97.02214,4.9,79.33858643965192,1.808,0.0263,False,107.8169,101.2997,8.42507236157517,16.68,44.94,184.0,134.6,100.858895815501,-0.209205020920422,71.86106,1.7817,0,0.0027000000000001467,0.28510000000000013,0.4807999999999999,0,False,False,False,False,False,True,False,False,False
2004-08-01,South Korea,276291500000000.0,76.4919869528283,3.8,103.6414031982422,4.88,3.91,True,61.60345,99.02436,-3.47226392585328,16.68,44.94,184.0,134.6,100.221988265131,3.77049180327869,38.30111,0.9699999999999998,0,-0.1299999999999999,-0.3700000000000001,-0.1900000000000004,0,False,False,False,False,False,False,True,False,False
2004-08-01,UK,446443000000.0,77.7,4.7,80.4566,5.1083,4.85702,False,107.109,100.8859,-2.44857820565868,16.68,44.94,184.0,134.6,100.069553530399,0.489596083231336,66.53008,0.2512799999999995,0,-0.15898000000000057,-0.31099999999999994,-0.4809099999999997,0,False,False,False,False,False,False,False,True,False
2004-08-01,USA,15366850000000.0,79.90988,5.5,87.54419,4.5,1.57,False,92.05138,101.0162,2.0605725349192,16.68,44.94,184.0,134.6,101.01499077479,-1.78678419973003,59.49894,2.9299999999999997,0,-0.34000000000000075,-0.33999999999999986,-0.1600000000000006,0,False,False,False,False,False,False,False,False,True
2004-09-01,Australia,370641000000.0,75.13351,5.517089,70.7429881015723,5.58318181818182,5.44,False,70.64447,101.8609,2.63655484501437,14.08,45.95,184.7,134.7,99.9266067610967,60740800000.0,65.817,0.1431818181818194,0,-0.11454545454545073,-0.30491341991342047,0.09268181818181986,1,True,False,False,False,False,False,False,False,False
2004-09-01,Canada,421055500000.0,82.80221999999999,7.0,72.17057,4.63095238095238,2.0625,False,97.63833,100.77697053279,0.970439604668139,14.08,45.95,184.7,134.7,100.574107541775,0.35452992554883,59.22698,2.5684523809523796,0,-0.14654761904762026,-0.23454761904762034,0.3119523809523792,0,False,True,False,False,False,False,False,False,False
2004-09-01,France,485739100000.0,86.55,8.9,99.52499,4.11,2.11427272727273,False,111.0495,100.21,-3.51590169642104,14.08,45.95,184.7,134.7,99.5683436207941,-1.56985871271583,67.48566,1.9957272727272701,0,-0.15822727272726933,-0.25841558441558954,-0.07372272727272966,0,False,False,True,False,False,False,False,False,False
2004-09-01,Germany,651006940000.0,85.26894,10.4,60.64184,4.08045454545455,2.11427272727273,True,86.11469,98.18243,-3.73094929003542,14.08,45.95,184.7,134.7,100.420023541086,0.0,47.64905,1.9661818181818203,0,-0.15459090909089923,-0.20129437229436986,-0.07326818181818018,0,False,False,False,True,False,False,False,False,False
2004-09-01,Italy,430239500000.0,83.30838,7.7,76.95779,4.277,2.11427272727273,False,123.4954,100.2993,-8.19315236512477,14.08,45.95,184.7,134.7,99.599200725585,-0.815217391304068,107.8987,2.16272727272727,0,-0.16122727272727033,-0.2444155844155902,-0.10972272727273014,0,False,False,False,False,True,False,False,False,False
2004-09-01,Japan,125424750000000.0,97.12395,4.8,70.10194699377209,1.588,0.0262,False,109.3385,101.6019,-0.516793566101703,14.08,45.95,184.7,134.7,100.884550385098,1.71855462948005,72.31616,1.5618,0,-0.21989999999999998,0.08050000000000024,0.383,0,False,False,False,False,False,True,False,False,False
2004-09-01,South Korea,276291500000000.0,77.1561171574876,3.7,132.95126342773438,4.33,3.7,True,60.82566,98.76265,2.35963447507566,14.08,45.95,184.7,134.7,100.190268724392,-1.26382306477093,41.53749,0.6299999999999999,0,-0.33999999999999986,-0.6300000000000003,-0.7199999999999998,0,False,False,False,False,False,False,True,False,False
2004-09-01,UK,446443000000.0,77.9,4.7,80.71109,5.0071,4.96284,False,106.6877,100.853,-34.6377483628275,14.08,45.95,184.7,134.7,100.039221421776,-0.121802679658978,69.15671,0.04426000000000041,0,-0.2070199999999991,-0.5388199999999994,-0.5947999999999993,0,False,False,False,False,False,False,False,True,False
2004-09-01,USA,15366850000000.0,79.95206999999999,5.4,85.92587,4.28,1.68,False,92.73437,101.1275,-1.82926829268292,14.08,45.95,184.7,134.7,100.908011032787,1.02045028540287,61.34568,2.6000000000000005,0,-0.3299999999999992,-0.919999999999999,-0.4299999999999997,0,False,False,False,False,False,False,False,False,True
2004-10-01,Australia,373248000000.0,75.13351,5.370536,61.053219710204054,5.41204545454546,5.42,False,70.64447,102.0123,2.18588283999244,14.97,53.13,187.3,135.1,99.9758355406423,60740800000.0,67.5732,-0.007954545454539996,1,-0.1511363636363594,-0.36343073593072983,0.08661067193675986,1,True,False,False,False,False,False,False,False,False
2004-10-01,Canada,426033750000.0,82.96023000000001,6.9,73.89449,4.60238095238095,2.346,False,98.16451,100.910046661131,-2.89662503321815,14.97,53.13,187.3,135.1,100.431138996269,0.941002665638879,61.3274,2.25638095238095,0,-0.31207142857142944,-0.6683463203463198,0.03394616977225029,0,False,True,False,False,False,False,False,False,False
2004-10-01,France,487557200000.0,86.63,8.9,143.28976,4.09,2.11859090909091,False,107.1171,100.3247,3.57931673811196,14.97,53.13,187.3,135.1,99.655231046272,0.159489633173759,68.06032,1.97140909090909,0,-0.02431818181818013,-0.3059090909090898,0.0202351778656098,0,False,False,True,False,False,False,False,False,False
2004-10-01,Germany,649645200000.0,85.08236,10.4,65.45806,4.01636363636364,2.11859090909091,True,85.24484,98.23745,2.17597360543735,14.97,53.13,187.3,135.1,100.374376744759,-0.489596083231358,48.32766,1.8977727272727303,0,-0.06840909090908998,-0.3022727272727197,0.013120553359680098,0,False,False,False,True,False,False,False,False,False
2004-10-01,Italy,430022100000.0,83.30838,8.1,92.83444,4.251,2.11859090909091,False,120.5475,100.3823,8.50600975973628,14.97,53.13,187.3,135.1,99.7191242134562,-0.182648401826235,110.7677,2.1324090909090905,0,-0.030318181818179468,-0.29890909090908924,-0.0077648221343893375,0,False,False,False,False,True,False,False,False,False
2004-10-01,Japan,126191950000000.0,97.42937,4.6,65.93325730437786,1.393,0.0353,False,107.8169,101.7235,-1.25526861330952,14.97,53.13,187.3,135.1,100.872969178112,-0.953188496752921,71.55228,1.3577,0,-0.20410000000000017,-0.4213,-0.02540000000000009,0,False,False,False,False,False,True,False,False,False
2004-10-01,South Korea,277412100000000.0,77.1561171574876,3.7,120.3370361328125,4.14,3.52,True,61.79177,98.59483,15.5711088881651,14.97,53.13,187.3,135.1,100.141305888516,-2.4,42.21918,0.6199999999999997,0,-0.010000000000000231,-0.48,-0.71,0,False,False,False,False,False,False,True,False,False
2004-10-01,UK,448171000000.0,77.9,4.7,78.46118,4.9109,4.9469,False,105.1079,100.8458,52.1592954836098,14.97,53.13,187.3,135.1,100.053097315359,0.0,70.43696,-0.036000000000000476,1,-0.08026000000000089,-0.44626000000000055,-0.4480700000000004,0,False,False,False,False,False,False,False,True,False
2004-10-01,USA,15512619000000.0,80.12083,5.4,100.01189,4.13,1.86,False,92.81535,101.1028,1.62870945479634,14.97,53.13,187.3,135.1,100.788884917237,0.143634824408712,61.89985,2.2699999999999996,0,-0.33000000000000096,-1.0000000000000009,-0.5100000000000007,0,False,False,False,False,False,False,False,False,True
2004-11-01,Australia,373248000000.0,75.87648,5.122732,88.7646582681021,5.40142857142857,5.41,False,70.64447,102.0598,8.43698091804031,13.58,48.46,194.1,135.7,100.037807365347,60740800000.0,70.31734,-0.008571428571429784,1,-0.0006168831168897881,-0.2662987012986999,-0.2715714285714297,1,True,False,False,False,False,False,False,False,False
2004-11-01,Canada,426033750000.0,83.11825,7.1,62.54638,4.55,2.5325,False,98.65989,100.996372490104,5.77753451316712,13.58,48.46,194.1,135.7,100.305260217185,1.26948775055671,62.30326,2.0174999999999996,0,-0.23888095238095053,-0.6975000000000002,-0.6328571428571408,0,False,True,False,False,False,False,False,False,False
2004-11-01,France,487557200000.0,86.85,8.9,122.15467,3.98,2.14733333333333,False,110.8534,100.4128,1.12865054480364,13.58,48.46,194.1,135.7,99.7379353834432,1.27388535031849,69.65716,1.83266666666667,0,-0.13874242424242,-0.32128787878786946,-0.29858333333332965,0,False,False,True,False,False,False,False,False,False
2004-11-01,Germany,649645200000.0,85.17565,10.5,115.98437,3.8947619047619,2.14733333333333,True,85.05154,98.3055,8.83428591574433,13.58,48.46,194.1,135.7,100.316171599745,0.246002460024619,49.97405,1.74742857142857,0,-0.15034415584416028,-0.3733441558441495,-0.30082142857143035,0,False,False,False,True,False,False,False,False,False
2004-11-01,Italy,430022100000.0,83.30838,8.0,96.10472,4.129,2.14733333333333,False,122.4425,100.5161,-2.94062548174464,13.58,48.46,194.1,135.7,99.8490580190507,-0.182982616651151,114.8174,1.9816666666666696,0,-0.1507424242424209,-0.3422878787878707,-0.32058333333333033,0,False,False,False,False,True,False,False,False,False
2004-11-01,Japan,126191950000000.0,97.93841,4.6,64.11921651844916,1.483,0.0257,False,108.143,101.6444,0.65350311469019,13.58,48.46,194.1,135.7,100.842067453628,0.967289374584612,70.96761,1.4573,0,0.09960000000000013,-0.3244,-0.03929999999999989,0,False,False,False,False,False,True,False,False,False
2004-11-01,South Korea,277412100000000.0,77.1561171574876,3.7,137.29852294921875,4.05,3.52,True,62.49401,98.53627,-8.20707457924048,13.58,48.46,194.1,135.7,100.067813511993,3.93442622950819,42.91478,0.5299999999999998,0,-0.08999999999999986,-0.43999999999999995,-0.81,0,False,False,False,False,False,False,True,False,False
2004-11-01,UK,448171000000.0,78.1,4.7,94.68281,4.7683,4.90071,False,104.792,100.8932,1.28772052088892,13.58,48.46,194.1,135.7,100.110795883494,0.73170731707326,71.93784,-0.13241000000000014,1,-0.09640999999999966,-0.38368999999999964,-0.6946899999999996,0,False,False,False,False,False,False,False,True,False
2004-11-01,USA,15512619000000.0,80.54275,5.5,105.69511,4.1,2.04,False,92.9234,100.9841,2.92000543256872,13.58,48.46,194.1,135.7,100.684889011372,1.51062452334423,64.97321,2.0599999999999996,0,-0.20999999999999996,-0.8700000000000001,-1.21,0,False,False,False,False,False,False,False,False,True
2004-12-01,Australia,373248000000.0,75.87648,5.161133,43.54796473861997,5.4,5.43,False,70.56544,102.0526,-5.30346901795216,12.46,43.33,194.6,136.7,100.096203658762,60555500000.0,72.38765,-0.02999999999999936,1,-0.021428571428569576,-0.17318181818181877,-0.47809523809523924,1,True,False,False,False,False,False,False,False,False
2004-12-01,Canada,426033750000.0,83.43429,7.2,89.412,4.48476190476191,2.64,False,98.56549,100.993294228194,-0.718679928706867,12.46,43.33,194.6,136.7,100.20812722394,0.248201325835029,63.72378,1.8447619047619095,0,-0.17273809523809014,-0.7236904761904701,-0.9582380952380904,0,False,True,False,False,False,False,False,False,False
2004-12-01,France,487557200000.0,86.9,9.0,195.93342,3.86,2.17031818181818,False,111.7066,100.4443,8.62194926378438,12.46,43.33,194.6,136.7,99.8078722874948,-0.157232704402566,70.15225,1.6896818181818198,0,-0.14298484848485016,-0.3060454545454503,-0.5644610389610398,0,False,False,True,False,False,False,False,False,False
2004-12-01,Germany,649645200000.0,84.98907,10.6,68.12167,3.78045454545455,2.17031818181818,True,86.11469,98.28944,-3.92770425389243,12.46,43.33,194.6,136.7,100.237811449286,-0.368098159509223,51.29464,1.6101363636363701,0,-0.13729220779219986,-0.3560454545454501,-0.55733982683982,0,False,False,False,True,False,False,False,False,False
2004-12-01,Italy,430022100000.0,83.37491999999999,8.1,133.16458,4.0,2.17031818181818,False,123.7059,100.6913,-1.02200249686316,12.46,43.33,194.6,136.7,99.961174869457,0.0916590284141705,119.1043,1.82968181818182,0,-0.1519848484848496,-0.33304545454545,-0.5774610389610402,0,False,False,False,False,True,False,False,False,False
2004-12-01,Japan,126191950000000.0,97.73479,4.5,69.21774159915815,1.452,0.0281,False,106.0779,101.6369,3.41990840016024,12.46,43.33,194.6,136.7,100.795377914641,-0.730068171928644,71.72182,1.4239,0,-0.033400000000000096,-0.13790000000000013,-0.057399999999999896,0,False,False,False,False,False,True,False,False,False
2004-12-01,South Korea,277412100000000.0,76.6912260142261,3.8,145.2265167236328,3.96,3.42,True,62.5004,98.46556,2.7366556170259,12.46,43.33,194.6,136.7,99.9690300792572,-2.99684542586751,43.45974,0.54,0,0.010000000000000231,-0.08999999999999986,-0.7200000000000002,0,False,False,False,False,False,False,True,False,False
2004-12-01,UK,448171000000.0,78.3,4.7,128.97976,4.6903,4.88359,False,104.792,101.0769,2.07002944320083,12.46,43.33,194.6,136.7,100.198203887815,-0.847457627118642,72.03959,-0.19329000000000018,1,-0.060880000000000045,-0.2375500000000006,-0.77637,0,False,False,False,False,False,False,False,True,False
2004-12-01,USA,15512619000000.0,80.58494,5.4,95.24086,4.19,2.26,False,93.74149,100.895,-0.607020321985108,12.46,43.33,194.6,136.7,100.614652179509,0.107881330729298,66.84936,1.9300000000000006,0,-0.129999999999999,-0.6699999999999999,-1.589999999999999,0,False,False,False,False,False,False,False,False,True
2005-01-01,Australia,376142000000.0,75.87648,5.068512,43.847222358995964,5.23190476190476,5.41,False,70.56544,102.1071,-3.77179831137078,13.44,46.84,202.3,137.1,100.124715801358,60555500000.0,73.98145,-0.1780952380952403,1,-0.14809523809524094,-0.1701406926407003,-0.5335714285714301,1,True,False,False,False,False,False,False,False,False
2005-01-01,Canada,429108500000.0,83.27627,7.1,47.26328,4.32047619047619,2.466,False,98.57661,101.048669638656,-0.295343988880981,13.44,46.84,202.3,137.1,100.145893968429,0.749028456813483,63.42913,1.8544761904761895,0,0.009714285714280013,-0.40190476190476065,-1.0702510822510805,0,False,True,False,False,False,False,False,False,False
2005-01-01,France,490634400000.0,87.0,8.9,110.08413,3.64,2.17317391304348,False,109.8531,100.3863,-7.96819720358493,13.44,46.84,202.3,137.1,99.8557370976894,-0.314960629921235,71.6784,1.46682608695652,0,-0.2228557312252999,-0.50458300395257,-0.8104920948616599,0,False,False,True,False,False,False,False,False,False
2005-01-01,Germany,649115610000.0,85.92199000000001,10.7,54.96221,3.57952380952381,2.17317391304348,True,84.66495,98.32377,10.2289184152098,13.44,46.84,202.3,137.1,100.143786204774,1.23152709359602,51.82673,1.40634989648033,0,-0.2037864671560401,-0.49142283079240023,-0.7936955580651199,0,False,False,False,True,False,False,False,False,False
2005-01-01,Italy,431433300000.0,83.57454,7.9,103.27153,3.792,2.17317391304348,False,121.6003,100.7371,7.79267592498623,13.44,46.84,202.3,137.1,100.016777724059,0.183150183149916,122.7159,1.6188260869565196,0,-0.21085573122530032,-0.5135830039525708,-0.8124920948616601,0,False,False,False,False,True,False,False,False,False
2005-01-01,Japan,125954075000000.0,97.22575,4.5,78.1964580089053,1.397,0.0345,False,107.3822,101.5483,-0.615948695171975,13.44,46.84,202.3,137.1,100.745889769502,-0.110125353107338,73.77236,1.3625,0,-0.0613999999999999,0.0048000000000001375,-0.41649999999999987,0,False,False,False,False,False,True,False,False,False
2005-01-01,South Korea,279514700000000.0,76.825106230086,3.8,93.93433380126952,3.85,3.39,True,63.57397,98.36069,4.96339653471134,13.44,46.84,202.3,137.1,99.8716787725605,0.487804878048781,44.91608,0.45999999999999996,0,-0.08000000000000007,-0.1599999999999997,-0.6399999999999997,0,False,False,False,False,False,False,True,False,False
2005-01-01,UK,450464000000.0,78.6,4.7,76.16022,4.5316,4.87103,False,105.5292,101.2829,-2.68071593470992,13.44,46.84,202.3,137.1,100.281841341182,0.366300366300343,73.1776,-0.3394300000000001,1,-0.14613999999999994,-0.30342999999999964,-0.7496900000000002,0,False,False,False,False,False,False,False,True,False
2005-01-01,USA,15670880000000.0,80.2896,5.4,77.59643,4.23,2.45,False,93.97236,100.9591,6.20021242697846,13.44,46.84,202.3,137.1,100.58680374898,-0.0876870150274933,66.09673,1.7800000000000002,0,-0.15000000000000036,-0.4899999999999993,-1.4900000000000002,0,False,False,False,False,False,False,False,False,True
2005-02-01,Australia,376142000000.0,76.24797,5.073936,34.65775294449174,5.35184210526316,5.42,False,70.56544,102.1921,4.27019270192726,11.71,47.97,201.9,137.3,100.107433385438,60555500000.0,75.64436,-0.06815789473683953,1,0.10993734335840077,-0.059586466165409746,-0.32588516746410967,1,True,False,False,False,False,False,False,False,False
2005-02-01,Canada,429108500000.0,83.19726,6.9,45.85582,4.2605,2.455,False,98.6308,101.164153020131,-3.49509206017298,11.71,47.97,201.9,137.3,100.113100897754,-0.970541574641481,66.46056,1.8055000000000003,0,-0.048976190476189174,-0.2119999999999993,-0.9094999999999995,0,False,True,False,False,False,False,False,False,False
2005-02-01,France,490634400000.0,86.52,8.7,65.62034,3.58,2.14542857142857,False,110.0885,100.3563,2.17105849499421,11.71,47.97,201.9,137.3,99.8679469725344,2.05371248025277,74.36838,1.43457142857143,0,-0.03225465838509001,-0.39809523809524006,-0.7193831168831095,0,False,False,True,False,False,False,False,False,False
2005-02-01,Germany,649115610000.0,85.26894,10.7,48.37984,3.5647619047619,2.14542857142857,True,84.7616,98.48319,-13.8831971147994,11.71,47.97,201.9,137.3,100.03804714819,-0.24330900243299,53.03743,1.4193333333333298,0,0.012983436852999741,-0.3280952380952402,-0.7014393939393897,0,False,False,False,True,False,False,False,False,False
2005-02-01,Italy,431433300000.0,83.57454,7.8,65.03636,3.711,2.14542857142857,False,120.5475,100.7161,-6.76352458305985,11.71,47.97,201.9,137.3,100.000701280761,0.457038391225106,126.1795,1.5655714285714297,0,-0.053254658385089915,-0.41609523809523985,-0.7583831168831106,0,False,False,False,False,True,False,False,False,False
2005-02-01,Japan,125954075000000.0,97.02214,4.5,52.219483803638404,1.31,0.0243,False,105.9693,101.3855,-0.709447859950696,11.71,47.97,201.9,137.3,100.701938830818,0.630386522080206,74.76057,1.2857,0,-0.07679999999999998,-0.17159999999999997,-0.496,0,False,False,False,False,False,True,False,False,False
2005-02-01,South Korea,279514700000000.0,77.5809496534839,3.8,107.98381805419922,4.42,3.47,False,62.71214,98.42886,-16.405684130174,11.71,47.97,201.9,137.3,99.8006367381272,1.29449838187703,47.84121,0.9499999999999997,0,0.48999999999999977,0.41999999999999993,-0.020000000000000018,0,False,False,False,False,False,False,True,False,False
2005-02-01,UK,450464000000.0,78.3,4.8,49.03665,4.5419,4.87316,False,105.0026,101.395,1.14096260637719,11.71,47.97,201.9,137.3,100.336689932859,-0.243309002433156,75.80225,-0.33126000000000033,1,0.008169999999999789,-0.1988500000000002,-0.5825399999999998,0,False,False,False,False,False,False,False,True,False
2005-02-01,USA,15670880000000.0,80.45837,5.3,73.91848,4.22,2.61,False,94.70848,101.0947,-6.88836104513083,11.71,47.97,201.9,137.3,100.574602877464,1.20108158105277,67.847,1.6099999999999999,0,-0.17000000000000037,-0.44999999999999973,-1.3199999999999998,0,False,False,False,False,False,False,False,False,True
2005-03-01,Australia,376142000000.0,76.24797,5.084118,32.41052199149723,5.39775,5.63,False,71.70628,102.2957,2.72300100269371,13.13,54.31,207.0,137.5,100.051260281604,60813400000.0,76.39803,-0.23224999999999962,1,-0.1640921052631601,-0.20225000000000026,-0.37543181818181903,1,True,False,False,False,False,False,False,False,False
2005-03-01,Canada,429108500000.0,83.5133,7.0,40.44013,4.205,2.445,False,99.89876,101.290839034105,13.8803207896353,13.13,54.31,207.0,137.5,100.084902177613,1.97581278467092,67.57674,1.7600000000000002,0,-0.045500000000000096,-0.08476190476190926,-0.8084523809523794,0,False,True,False,False,False,False,False,False,False
2005-03-01,France,490634400000.0,87.05,8.6,90.66368,3.6,2.13835,False,111.8439,100.2845,-0.51872830151374,13.13,54.31,207.0,137.5,99.84254593479,0.464396284829749,75.58381,1.4616500000000001,0,0.027078571428570175,-0.22803181818181972,-0.53407727272727,0,False,False,True,False,False,False,False,False,False
2005-03-01,Germany,649115610000.0,85.64211,10.9,53.16243,3.544,2.13835,False,86.59794,98.6907,2.94059781828639,13.13,54.31,207.0,137.5,99.9142925347769,2.07317073170723,53.24178,1.40565,0,-0.013683333333329717,-0.20448636363637007,-0.5605318181818202,0,False,False,False,True,False,False,False,False,False
2005-03-01,Italy,431433300000.0,83.84071,8.0,89.35125,3.678,2.13835,False,120.758,100.7427,-0.531124292891627,13.13,54.31,207.0,137.5,99.9070950225027,-1.54686078253006,125.664,1.53965,0,-0.02592142857142976,-0.29003181818182,-0.62307727272727,0,False,False,False,False,True,False,False,False,False
2005-03-01,Japan,125954075000000.0,96.71672,4.6,70.3227276805853,1.419,0.0227,False,108.4691,101.4031,-3.15146034591997,13.13,54.31,207.0,137.5,100.661657248897,2.65660123467517,76.85945,1.3963,0,0.11060000000000003,-0.027599999999999847,-0.16549999999999998,0,False,False,False,False,False,True,False,False,False
2005-03-01,South Korea,279514700000000.0,77.895093782037,3.6,49.7583122253418,4.88,3.59,False,65.37213,98.90073,2.8185346872875,13.13,54.31,207.0,137.5,99.7818777107372,-1.91693290734825,49.18618,1.29,0,0.3400000000000003,0.75,0.6600000000000001,0,False,False,False,False,False,False,True,False,False
2005-03-01,UK,450464000000.0,78.5,4.7,57.14407,4.5884,4.89069,False,105.6345,101.5174,-7.11732094022567,13.13,54.31,207.0,137.5,100.355764605423,0.487804878048803,75.18692,-0.30229000000000017,1,0.028970000000000162,-0.10899999999999999,-0.3465500000000006,0,False,False,False,False,False,False,False,True,False
2005-03-01,USA,15670880000000.0,80.92246,5.4,58.95005,4.17,2.77,False,95.04601,101.08,1.50375939849623,13.13,54.31,207.0,137.5,100.542240235391,-0.612617639279722,68.08076,1.4,0,-0.20999999999999996,-0.5300000000000007,-1.2000000000000006,0,False,False,False,False,False,False,False,False,True
2005-04-01,Australia,378995000000.0,76.24797,5.162691,34.38712095535609,5.65261904761905,5.81,False,71.70628,101.8977,-3.10251110090324,14.46,53.04,212.2,137.7,99.9772410892964,60813400000.0,74.07178,-0.15738095238094996,1,0.07486904761904967,0.020714285714290348,-0.14942640692640996,1,True,False,False,False,False,False,False,False,False
2005-04-01,Canada,430611250000.0,83.98736,6.9,43.26983,4.35818181818182,2.498,False,98.89004,101.304390864572,-5.80160135295784,14.46,53.04,212.2,137.7,100.035207254705,1.27525874815178,66.07714,1.86018181818182,0,0.1001818181818197,0.005705627705630434,-0.3961991341991302,0,False,True,False,False,False,False,False,False,False
2005-04-01,France,491962600000.0,87.6,8.6,107.57062,3.75,2.13719047619048,False,110.6181,100.2073,3.39223812892025,14.46,53.04,212.2,137.7,99.7928821114586,0.308166409861288,74.97421,1.6128095238095201,0,0.15115952380952002,0.1459834368530002,-0.35859956709956986,0,False,False,True,False,False,False,False,False,False
2005-04-01,Germany,649058690000.0,86.01528,10.9,40.66996,3.69619047619048,2.13719047619048,False,85.63145,98.75025,1.81976029555344,14.46,53.04,212.2,137.7,99.7795067287457,-1.19474313022698,52.37231,1.5590000000000002,0,0.1533500000000001,0.15265010351967012,-0.3387727272727301,0,False,False,False,True,False,False,False,False,False
2005-04-01,Italy,430281800000.0,84.10686,7.9,103.46142,3.837,2.13719047619048,False,121.2844,100.8142,-1.25772513264817,14.46,53.04,212.2,137.7,99.7550284828785,-0.36968576709745,125.4793,1.6998095238095203,0,0.16015952380952037,0.08098343685300069,-0.43259956709957015,0,False,False,False,False,True,False,False,False,False
2005-04-01,Japan,126597550000000.0,97.02214,4.5,49.68780806232877,1.325,0.0372,False,108.4691,101.3609,-0.883135043729988,14.46,53.04,212.2,137.7,100.615668969334,-0.72375238614667,74.57426,1.2878,0,-0.10850000000000004,-0.07469999999999999,-0.06989999999999985,0,False,False,False,False,False,True,False,False,False
2005-04-01,South Korea,281893100000000.0,78.3652557999387,3.6,59.1879768371582,4.77,3.55,False,63.87189,99.65159,2.03903792275686,14.46,53.04,212.2,137.7,99.8200370617254,1.30293159609121,47.56873,1.2199999999999998,0,-0.07000000000000028,0.7599999999999998,0.6000000000000001,0,False,False,False,False,False,False,True,False,False
2005-04-01,UK,453784000000.0,78.8,4.7,74.87572,4.796,4.98736,False,105.2133,101.6612,2.78489909960089,14.46,53.04,212.2,137.7,100.337099493607,-0.485436893203894,74.11638,-0.19135999999999953,1,0.11093000000000064,0.1480700000000006,-0.15535999999999905,0,False,False,False,False,False,False,False,True,False
2005-04-01,USA,15844727000000.0,81.55533,5.2,57.55796,4.5,2.97,False,95.71858,100.9246,2.65873015873042,14.46,53.04,212.2,137.7,100.483228827121,0.432239806448709,66.29041,1.5299999999999998,0,0.1299999999999999,-0.25000000000000044,-0.7399999999999998,0,False,False,False,False,False,False,False,False,True
2005-05-01,Australia,378995000000.0,76.71233000000001,5.12185,69.64506041484005,5.472,5.75,False,71.70628,101.1953,1.29970174017808,13.97,49.83,213.4,137.1,99.9173545051383,60813400000.0,73.35291,-0.2779999999999996,1,-0.12061904761904962,-0.20984210526316005,-0.2694285714285698,1,True,False,False,False,False,False,False,False,False
2005-05-01,Canada,430611250000.0,84.22439,6.7,90.73813,4.19380952380952,2.47,False,97.86107,101.30875902649,1.095448488674,13.97,49.83,213.4,137.1,99.9623039140707,-1.66068495650588,66.05225,1.72380952380952,0,-0.13637229437230003,-0.08169047619048042,-0.2936904761904797,0,False,True,False,False,False,False,False,False,False
2005-05-01,France,491962600000.0,87.77,8.7,117.04657,3.54,2.1372380952381,False,108.1958,100.023,0.695991406117503,13.97,49.83,213.4,137.1,99.7333897946231,0.768049155145922,75.27122,1.4027619047619,0,-0.21004761904762015,-0.03180952380952995,-0.42990476190477,0,False,False,True,False,False,False,False,False,False
2005-05-01,Germany,649058690000.0,85.8287,11.2,34.60284,3.48238095238095,2.1372380952381,False,86.59794,98.7157,2.9475082015429,13.97,49.83,213.4,137.1,99.6543994245539,0.120918984280549,52.04265,1.34514285714285,0,-0.21385714285715007,-0.07419047619047969,-0.4022857142857199,0,False,False,False,True,False,False,False,False,False
2005-05-01,Italy,430281800000.0,84.23994,7.9,103.64127,3.653,2.1372380952381,False,121.2844,100.7839,6.07061340912483,13.97,49.83,213.4,137.1,99.5694593144347,0.649350649350633,123.7911,1.5157619047619,0,-0.18404761904762035,-0.04980952380952974,-0.4659047619047696,0,False,False,False,False,True,False,False,False,False
2005-05-01,Japan,126597550000000.0,97.12395,4.5,70.63088432439254,1.257,0.0288,False,108.7951,101.2469,3.74248078059458,13.97,49.83,213.4,137.1,100.578779739549,-0.21041296978952,73.09679,1.2282,0,-0.0596000000000001,-0.05750000000000011,-0.22910000000000008,0,False,False,False,False,False,True,False,False,False
2005-05-01,South Korea,281893100000000.0,78.444318919541,3.7,47.20574188232422,4.69,3.52,False,65.92648,100.1437,3.1716915100791,13.97,49.83,213.4,137.1,99.879975893287,0.803858520900325,46.66579,1.1700000000000004,0,-0.04999999999999938,0.22000000000000064,0.6400000000000006,0,False,False,False,False,False,False,True,False,False
2005-05-01,UK,453784000000.0,79.1,4.8,82.25068,4.6218,4.94336,False,103.5282,101.7224,1.36921421609539,13.97,49.83,213.4,137.1,100.291187517835,-0.60975609756091,74.69122,-0.32155999999999985,1,-0.13020000000000032,0.009700000000000486,-0.1891499999999997,0,False,False,False,False,False,False,False,True,False
2005-05-01,USA,15844727000000.0,82.10381,5.2,74.56597,4.34,3.09,False,95.59517,100.6953,2.29351887643301,13.97,49.83,213.4,137.1,100.408952851497,-0.37279086342541,66.47942,1.25,0,-0.2799999999999998,-0.3599999999999999,-0.8099999999999996,0,False,False,False,False,False,False,False,False,True
2005-06-01,Australia,378995000000.0,76.71233000000001,5.099336,54.80335195314042,5.28772727272727,5.68,False,72.62438,100.947,-0.606415131129845,11.87,56.26,215.9,137.2,99.8852711432376,60900600000.0,77.21026,-0.3922727272727293,1,-0.11427272727272975,-0.1600227272727297,-0.36227272727272997,1,True,False,False,False,False,False,False,False,False
2005-06-01,Canada,430611250000.0,84.3034,7.0,96.50501,4.07380952380952,2.46,False,99.10022,101.267734331844,-11.1326932682172,11.87,56.26,215.9,137.2,99.8797011067482,-0.575281454905419,68.76427,1.61380952380952,0,-0.10999999999999988,-0.1461904761904802,-0.23095238095238946,0,False,True,False,False,False,False,False,False,False
2005-06-01,France,491962600000.0,87.83,8.8,149.05826,3.38,2.12563636363636,False,111.0201,99.67373,-4.00334641579779,11.87,56.26,215.9,137.2,99.6825011885136,-0.914634146341387,78.19746,1.2543636363636397,0,-0.1483982683982603,-0.20728636363636044,-0.43531818181818016,0,False,False,True,False,False,False,False,False,False
2005-06-01,Germany,649058690000.0,86.01528,11.2,66.39905,3.30409090909091,2.12563636363636,False,87.17783,98.67751,-3.27653005139312,11.87,56.26,215.9,137.2,99.5698637880615,-0.483091787439638,54.81299,1.1784545454545499,0,-0.16668831168830023,-0.2271954545454502,-0.4316818181818203,0,False,False,False,True,False,False,False,False,False
2005-06-01,Italy,430281800000.0,84.5061,7.6,104.25213,3.553,2.12563636363636,False,124.127,100.616,-30.6420637936116,11.87,56.26,215.9,137.2,99.3600032015364,0.184331797234782,126.9499,1.4273636363636397,0,-0.08839826839826026,-0.11228636363636024,-0.40231818181818024,0,False,False,False,False,True,False,False,False,False
2005-06-01,Japan,126597550000000.0,97.22575,4.5,70.27995750757393,1.238,0.0229,False,109.2299,101.3199,0.583616181639757,11.87,56.26,215.9,137.2,100.563232812124,1.67155688885372,74.73413,1.2151,0,-0.01309999999999989,-0.18120000000000003,-0.20879999999999987,0,False,False,False,False,False,True,False,False,False
2005-06-01,South Korea,281893100000000.0,78.3652557999387,3.7,68.58766174316406,4.42,3.51,False,64.60286,100.199,4.0898154920223,11.87,56.26,215.9,137.2,99.945273956873,0.956937799043067,49.25629,0.9100000000000001,0,-0.26000000000000023,-0.3799999999999999,0.3700000000000001,0,False,False,False,False,False,False,True,False,False
2005-06-01,UK,453784000000.0,79.4,4.8,79.33299,4.4173,4.89375,False,106.2665,101.6153,-2.9655485400138,11.87,56.26,215.9,137.2,100.227528178553,0.490797546012289,76.57999,-0.4764499999999998,1,-0.15488999999999997,-0.17415999999999965,-0.28315999999999963,0,False,False,False,False,False,False,False,True,False
2005-06-01,USA,15844727000000.0,82.01943,5.1,70.50812,4.14,3.22,False,95.7844,100.5071,-5.36591510265766,11.87,56.26,215.9,137.2,100.355631079838,1.26242612786005,67.7982,0.9199999999999995,0,-0.3300000000000005,-0.4800000000000004,-1.0100000000000011,0,False,False,False,False,False,False,False,False,True
2005-07-01,Australia,380888000000.0,76.71233000000001,4.949947,28.886130452088825,5.14047619047619,5.66,False,72.62438,101.07,-0.651312433790108,11.05,58.7,228.6,137.2,99.8643696219304,60900600000.0,78.44713,-0.5195238095238102,1,-0.12725108225108084,-0.3621428571428602,-0.34142857142856986,1,True,False,False,False,False,False,False,False,False
2005-07-01,Canada,433723500000.0,84.46141999999999,6.8,61.12975,3.82818181818182,2.448,False,99.93954,101.287516273334,10.2448010991073,11.05,58.7,228.6,137.2,99.8113640091067,0.342188763765416,71.35077,1.38018181818182,0,-0.23362770562770008,-0.48,-0.47429437229436955,0,False,True,False,False,False,False,False,False,False
2005-07-01,France,493083900000.0,87.93,8.9,117.74842,3.2,2.11104545454545,False,109.8237,99.43609,-1.54002725608436,11.05,58.7,228.6,137.2,99.6687858182355,0.0,81.40564,1.0889545454545502,0,-0.1654090909090895,-0.52385497835497,-0.3778715415019698,0,False,False,True,False,False,False,False,False,False
2005-07-01,Germany,652538880000.0,86.10857,11.2,95.04406,3.12636363636364,2.11104545454545,False,86.21134,98.66279,5.26622987130119,11.05,58.7,228.6,137.2,99.5453884342327,-0.242718446601964,56.88544,1.01531818181819,0,-0.16313636363635986,-0.5436818181818102,-0.39103171466214004,0,False,False,False,True,False,False,False,False,False
2005-07-01,Italy,433909400000.0,84.5061,7.9,87.67657,3.405,2.11104545454545,False,121.0739,100.2525,65.6204833428222,11.05,58.7,228.6,137.2,99.1786016895853,0.459981600736215,130.5705,1.2939545454545498,0,-0.13340909090908992,-0.40585497835497053,-0.32487154150196984,0,False,False,False,False,True,False,False,False,False
2005-07-01,Japan,127587100000000.0,96.81853,4.3,65.71416539687843,1.143,0.0313,False,108.3604,101.3999,-0.396530958285179,11.05,58.7,228.6,137.2,100.58026841442,-1.74738892506027,76.68411,1.1117,0,-0.10340000000000016,-0.17610000000000015,-0.25080000000000013,0,False,False,False,False,False,True,False,False,False
2005-07-01,South Korea,287212600000000.0,78.1291206160598,3.8,50.8740463256836,4.46,3.51,False,64.10065,100.0105,12.5893820584984,11.05,58.7,228.6,137.2,100.042105318064,0.0,52.64084,0.9500000000000002,0,0.040000000000000036,-0.2699999999999996,0.4900000000000002,0,False,False,False,False,False,False,True,False,False
2005-07-01,UK,457557000000.0,79.4,4.7,86.56476,4.2847,4.84144,False,105.6345,101.4382,0.599829867782886,11.05,58.7,228.6,137.2,100.159742677044,-0.488400488400498,79.2753,-0.5567400000000005,1,-0.08029000000000064,-0.3653800000000009,-0.21731000000000034,0,False,False,False,False,False,False,False,True,False
2005-07-01,USA,15922782000000.0,82.06161999999999,5.0,74.56133,4.0,3.38,False,95.88611,100.575,-0.159723146545976,11.05,58.7,228.6,137.2,100.348755029453,-0.941844539288195,69.14153,0.6200000000000001,0,-0.2999999999999994,-0.9099999999999997,-1.1600000000000001,0,False,False,False,False,False,False,False,False,True
2005-08-01,Australia,380888000000.0,77.45531,4.971951,44.31269293374543,5.1902380952381,5.65,False,72.62438,101.11,-0.0138225188577201,12.95,64.97,231.4,137.5,99.8386375260371,60900600000.0,80.71861,-0.4597619047619004,1,0.05976190476190979,-0.1817619047619008,-0.39160401002506084,1,True,False,False,False,False,False,False,False,False
2005-08-01,Canada,433723500000.0,84.61944,6.7,59.32299,3.8995,2.555,False,99.27932,101.219781935495,3.59985272042296,12.95,64.97,231.4,137.5,99.7673665536709,1.72681051587298,73.67915,1.3445,0,-0.035681818181819924,-0.3793095238095199,-0.4610000000000003,0,False,True,False,False,False,False,False,False,False
2005-08-01,France,493083900000.0,87.8,8.9,101.27152,3.27,2.11942857142857,False,109.706,99.53075,-1.99479618386818,12.95,64.97,231.4,137.5,99.7056557679837,0.461538461538358,83.10596,1.1505714285714301,0,0.06161688311687996,-0.25219047619046986,-0.2839999999999998,0,False,False,True,False,False,False,False,False,False
2005-08-01,Germany,652538880000.0,86.48174,11.2,80.35968,3.20571428571429,2.11942857142857,False,87.95103,98.63512,-1.34652486897356,12.95,64.97,231.4,137.5,99.5915532280413,0.608272506082752,58.80945,1.08628571428572,0,0.07096753246753007,-0.25885714285713,-0.3330476190476097,0,False,False,False,True,False,False,False,False,False
2005-08-01,Italy,433909400000.0,84.83881,7.6,81.49494,3.438,2.11942857142857,False,121.0739,99.94399,-7.54003459319552,12.95,64.97,231.4,137.5,99.0802787005468,-0.824175824176476,132.5326,1.3185714285714303,0,0.024616883116880484,-0.1971904761904697,-0.24699999999999944,0,False,False,False,False,True,False,False,False,False
2005-08-01,Japan,127587100000000.0,96.71672,4.4,59.53755799912787,1.295,0.0288,False,108.7951,101.4536,-3.18058328480351,12.95,64.97,231.4,137.5,100.634764808752,0.840340751142343,80.03679,1.2662,0,0.15450000000000008,0.038000000000000034,-0.019500000000000073,0,False,False,False,False,False,True,False,False,False
2005-08-01,South Korea,287212600000000.0,78.444318919541,3.8,74.2323226928711,4.89,3.51,False,64.49753,99.77539,2.31519962775053,12.95,64.97,231.4,137.5,100.195239827399,0.473933649289093,54.8465,1.38,0,0.4299999999999997,0.20999999999999952,0.43000000000000016,0,False,False,False,False,False,False,True,False,False
2005-08-01,UK,457557000000.0,79.5,4.7,64.43832,4.3011,4.65794,False,106.4771,101.3282,-1.6256152355601,12.95,64.97,231.4,137.5,100.112533509754,0.490797546012289,80.47882,-0.35684000000000005,1,0.1999000000000004,-0.0352800000000002,-0.025579999999999714,0,False,False,False,False,False,False,False,True,False
2005-08-01,USA,15922782000000.0,82.44135,5.0,68.71645,4.18,3.57,False,96.30066,100.8249,6.8924143447546,12.95,64.97,231.4,137.5,100.385409910644,2.52608744432206,70.08316,0.6099999999999999,0,-0.010000000000000231,-0.6400000000000001,-1.0,0,False,False,False,False,False,False,False,False,True
2005-09-01,Australia,380888000000.0,77.45531,4.90136,37.913956101117705,5.21869565217391,5.62,True,72.17239,101.0043,2.20400908462477,12.63,65.57,238.7,138.4,99.8102763872122,61349600000.0,82.65424,-0.40130434782609026,1,0.05845755693581012,-0.00903162055336093,-0.16905434782609063,0,True,False,False,False,False,False,False,False,False
2005-09-01,Canada,433723500000.0,84.93548,6.7,54.65928,3.92045454545455,2.68,False,99.5668,100.974146373405,-3.7905298266716,12.63,65.57,238.7,138.4,99.7494187726323,0.51199219821414,76.09396,1.2404545454545497,0,-0.10404545454545033,-0.37335497835497033,-0.5195454545454505,0,False,True,False,False,False,False,False,False,False
2005-09-01,France,493083900000.0,88.14,9.0,85.01701,3.3,2.13247826086957,False,109.3922,99.621,5.02545763122802,12.63,65.57,238.7,138.4,99.7818225357369,-0.612557427258753,84.38403,1.16752173913043,0,0.01695031055899987,-0.08684189723320968,-0.2941282608695701,0,False,False,True,False,False,False,False,False,False
2005-09-01,Germany,652538880000.0,86.57504,11.2,68.51801,3.23260869565217,2.13247826086957,False,89.11082,98.64375,-1.86797545304725,12.63,65.57,238.7,138.4,99.7058878678561,0.0,59.70398,1.1001304347826002,0,0.013844720496880125,-0.07832411067194966,-0.30551956521739987,0,False,False,False,True,False,False,False,False,False
2005-09-01,Italy,433909400000.0,84.97189,7.5,90.10994,3.449,2.13247826086957,False,122.7584,99.88052,-3.14782162797896,12.63,65.57,238.7,138.4,99.0902576084056,0.277008310249838,135.9606,1.31652173913043,0,-0.0020496894410002575,-0.1108418972332097,-0.22312826086956994,0,False,False,False,False,True,False,False,False,False
2005-09-01,Japan,127587100000000.0,96.81853,4.3,90.42611983129022,1.365,0.0284,False,108.143,101.5698,-3.60194071691489,12.63,65.57,238.7,138.4,100.726236062254,0.105263157894697,85.9847,1.3366,0,0.07040000000000002,0.12149999999999994,-0.059700000000000086,0,False,False,False,False,False,True,False,False,False
2005-09-01,South Korea,287212600000000.0,78.6793999284918,3.7,50.94993209838867,5.08,3.5,False,65.04336,99.70695,-8.59550414471327,12.63,65.57,238.7,138.4,100.397163713053,0.786163522012573,58.23204,1.58,0,0.20000000000000018,0.6699999999999999,0.29000000000000004,0,False,False,False,False,False,False,True,False,False
2005-09-01,UK,457557000000.0,79.7,4.7,63.62027,4.3249,4.59465,False,105.2133,101.3364,-20.3301862775672,12.63,65.57,238.7,138.4,100.094190280839,-0.122100122100155,81.77,-0.26974999999999927,1,0.08709000000000078,0.20670000000000055,0.0325400000000009,0,False,False,False,False,False,False,False,True,False
2005-09-01,USA,15922782000000.0,82.86325,4.9,64.39586,4.26,3.77,False,95.99287,100.7314,-2.79371414317875,12.63,65.57,238.7,138.4,100.439260587019,0.831755935158562,71.01159,0.48999999999999977,0,-0.1200000000000001,-0.4299999999999997,-0.9100000000000001,0,False,False,False,False,False,False,False,False,True
2005-10-01,Australia,384920000000.0,77.45531,5.002148,46.43434341039689,5.18636363636364,5.62,True,72.17239,100.821,-0.827037158701582,14.94,62.37,246.0,139.7,99.7936972033396,61349600000.0,80.97231,-0.43363636363636004,1,-0.03233201581026979,0.08588744588745012,-0.2762554112554101,0,True,False,False,False,False,False,False,False,False
2005-10-01,Canada,438979750000.0,85.64656,6.7,72.60363,3.86857142857143,2.795,False,100.4255,100.449979634794,-3.03198215478137,14.94,62.37,246.0,139.7,99.7618253738336,-1.47660774385262,73.18114,1.0735714285714302,0,-0.16688311688311952,-0.3066103896103898,-0.7866103896103898,0,False,True,False,False,False,False,False,False,False
2005-10-01,France,496365200000.0,88.48,9.0,156.94859,3.13,2.13913636363636,False,108.7548,99.77409,3.01262184670257,14.94,62.37,246.0,139.7,99.8941206991945,0.924499229584019,83.93516,0.99086363636364,0,-0.17665810276678995,-0.09809090909091012,-0.6219458874458801,0,False,False,True,False,False,False,False,False,False
2005-10-01,Germany,658061810000.0,86.66833000000001,11.1,202.56433,3.06772727272727,2.13913636363636,False,86.79124,98.75512,-2.73604614423076,14.94,62.37,246.0,139.7,99.8685996973905,0.483675937122174,59.60951,0.9285909090909104,0,-0.17153952569168984,-0.08672727272727965,-0.6304090909090898,0,False,False,False,True,False,False,False,False,False
2005-10-01,Italy,437001600000.0,84.97189,7.9,136.10192,3.287,2.13913636363636,False,121.9161,99.9567,-0.616324454037787,14.94,62.37,246.0,139.7,99.1882922772106,0.184162062614823,131.6987,1.14786363636364,0,-0.16865810276678994,-0.14609090909090972,-0.5519458874458802,0,False,False,False,False,True,False,False,False,False
2005-10-01,Japan,128871350000000.0,97.12395,4.2,66.43591891003781,1.45,0.0329,False,108.143,101.5761,2.37465900211939,14.94,62.37,246.0,139.7,100.841327955824,-1.45648755732228,90.18312,1.4171,0,0.08050000000000002,0.3054000000000001,0.12929999999999997,0,False,False,False,False,False,True,False,False,False
2005-10-01,South Korea,291536100000000.0,79.0715530017192,4.0,86.64985656738281,5.15,3.7,False,65.40831,99.79574,-7.91350537942554,14.94,62.37,246.0,139.7,100.627910926425,0.312012480499235,59.28316,1.4500000000000002,0,-0.1299999999999999,0.5,0.23000000000000043,0,False,False,False,False,False,False,True,False,False
2005-10-01,UK,461135000000.0,79.9,4.9,120.47766,4.2109,4.59686,False,104.3707,101.311,26.1956246712757,14.94,62.37,246.0,139.7,100.097178287965,-0.366748166259157,80.25925,-0.38596000000000075,1,-0.11621000000000148,0.1707799999999997,-0.19460000000000122,0,False,False,False,False,False,False,False,True,False
2005-10-01,USA,16047587000000.0,83.87584,5.0,91.40605,4.2,3.87,False,96.31206,100.1407,1.91172696946438,14.94,62.37,246.0,139.7,100.511091895145,-2.10538455025835,69.05574,0.33000000000000007,0,-0.1599999999999997,-0.29000000000000004,-1.1999999999999997,0,False,False,False,False,False,False,False,False,True
2005-11-01,Australia,384920000000.0,77.91966,5.015761,49.82825994793452,5.4002380952381,5.63,True,72.17239,100.3097,-2.90123336515864,12.15,58.3,261.9,140.6,99.8014454502699,61349600000.0,83.53863,-0.22976190476189995,1,0.2038744588744601,0.23000000000000043,0.04823809523809963,0,True,False,False,False,False,False,False,False,False
2005-11-01,Canada,438979750000.0,85.25151,6.7,80.48523,4.047,2.98,False,100.6023,99.9708163735514,6.47628536681835,12.15,58.3,261.9,140.6,99.8174355914221,-1.27408136886795,74.94723,1.0669999999999997,0,-0.006571428571430449,-0.2775000000000003,-0.6568095238095202,0,False,True,False,False,False,False,False,False,False
2005-11-01,France,496365200000.0,88.46,9.1,62.82377,3.29,2.19661904761905,False,111.5105,99.73737,-11.0918757808517,12.15,58.3,261.9,140.6,100.031594749398,0.458015267175482,84.99443,1.09338095238095,0,0.10251731601730985,-0.05719047619048023,-0.3093809523809501,0,False,False,True,False,False,False,False,False,False
2005-11-01,Germany,658061810000.0,86.76162,11.0,83.172,3.23857142857143,2.19661904761905,False,88.82088,98.89063,8.15909706267939,12.15,58.3,261.9,140.6,100.075311603002,-0.601684717208217,61.13445,1.04195238095238,0,0.11336147186146972,-0.04433333333334,-0.30319047619047,0,False,False,False,True,False,False,False,False,False
2005-11-01,Italy,437001600000.0,85.17151,7.9,55.54082,3.444,2.19661904761905,False,122.4425,100.1068,0.739420860075501,12.15,58.3,261.9,140.6,99.3493248900239,0.735294117646923,132.4669,1.2473809523809498,0,0.09951731601730973,-0.07119047619048047,-0.26838095238095017,0,False,False,False,False,True,False,False,False,False
2005-11-01,Japan,128871350000000.0,97.12395,4.4,65.22119548060951,1.513,0.0275,False,109.0125,101.4989,-3.09408817644802,12.15,58.3,261.9,140.6,100.975544486162,0.526762731205066,97.02577,1.4854999999999998,0,0.0683999999999998,0.21929999999999983,0.25729999999999986,0,False,False,False,False,False,True,False,False,False
2005-11-01,South Korea,291536100000000.0,78.9144809374426,3.9,86.60930633544922,5.36,3.93,False,65.59557,100.0113,10.5685464222276,12.15,58.3,261.9,140.6,100.847280289708,0.311041990668737,62.3142,1.4300000000000002,0,-0.020000000000000018,0.050000000000000266,0.2599999999999998,0,False,False,False,False,False,False,True,False,False
2005-11-01,UK,461135000000.0,80.0,5.1,68.67493,4.3482,4.58701,False,105.8452,101.1915,-4.09573775332479,12.15,58.3,261.9,140.6,100.123515876231,0.613496932515267,82.76517,-0.23880999999999997,1,0.14715000000000078,0.11803000000000008,0.08274999999999988,0,False,False,False,False,False,False,False,True,False
2005-11-01,USA,16047587000000.0,84.0446,5.0,76.16369,4.46,4.13,False,94.44113,99.42278,-6.91174619161544,12.15,58.3,261.9,140.6,100.616474221569,-1.19437721068151,71.1132,0.33000000000000007,0,0.0,-0.2799999999999998,-0.9199999999999999,0,False,False,False,False,False,False,False,False,True
2005-12-01,Australia,384920000000.0,77.91966,4.937974,48.89610731757018,5.43522727272727,5.63,True,71.8656,100.0829,2.58056748404749,11.26,59.43,274.9,141.4,99.8263858526807,61446400000.0,84.86364,-0.19477272727272954,1,0.03498917748917041,0.20653162055336072,0.1974999999999998,0,True,False,False,False,False,False,False,False,False
2005-12-01,Canada,438979750000.0,85.0935,6.3,81.47585,4.10714285714286,3.206,False,100.6856,100.030773515478,-4.51224043264682,11.26,59.43,274.9,141.4,99.9168960240418,1.60847880299237,77.82489,0.9011428571428604,0,-0.16585714285713937,-0.33931168831168934,-0.7126666666666597,0,False,True,False,False,False,False,False,False,False
2005-12-01,France,496365200000.0,88.28,9.1,85.19087,3.5,2.36086363636364,False,108.2449,99.36607,13.5632951673987,11.26,59.43,274.9,141.4,100.195174836093,-0.151975683890504,88.35233,1.1391363636363598,0,0.04575541125540994,-0.028385375494070164,-0.11522727272727984,0,False,False,True,False,False,False,False,False,False
2005-12-01,Germany,658061810000.0,86.48174,10.9,140.06554,3.44818181818182,2.36086363636364,False,90.46392,99.04185,-9.73764739271675,11.26,59.43,274.9,141.4,100.30747893456,0.242130750605329,63.95299,1.0873181818181799,0,0.04536580086579978,-0.012812252964420345,-0.09113636363637001,0,False,False,False,True,False,False,False,False,False
2005-12-01,Italy,437001600000.0,85.23804,7.6,74.49595,3.655,2.36086363636364,False,122.6531,100.3643,-3.25488822666051,11.26,59.43,274.9,141.4,99.5468018068809,-0.364963503649107,137.097,1.2941363636363596,0,0.04675541125540983,-0.02238537549407038,-0.13322727272728008,0,False,False,False,False,True,False,False,False,False
2005-12-01,Japan,128871350000000.0,96.71672,4.5,79.78571804130227,1.454,0.0305,False,108.0343,101.6119,-1.5328595246012,11.26,59.43,274.9,141.4,101.123701656264,0.0,103.9335,1.4235,0,-0.06199999999999983,0.08689999999999998,0.20839999999999992,0,False,False,False,False,False,True,False,False,False
2005-12-01,South Korea,291536100000000.0,78.6003368088895,3.6,62.46623611450195,5.68,3.96,False,67.86615,100.2578,3.51500403219343,11.26,59.43,274.9,141.4,101.022120871537,0.155038759689896,66.65937,1.7199999999999998,0,0.2899999999999996,0.13999999999999968,0.8099999999999996,0,False,False,False,False,False,False,True,False,False
2005-12-01,UK,461135000000.0,80.0,5.1,83.49025,4.3129,4.61847,False,104.792,101.0091,3.75939639488694,11.26,59.43,274.9,141.4,100.182221157044,0.365853658536563,84.18204,-0.30557000000000034,1,-0.06676000000000037,-0.03582000000000107,0.17087999999999948,0,False,False,False,False,False,False,False,True,False
2005-12-01,USA,16047587000000.0,83.36954,5.0,72.21598,4.54,4.31,False,95.59636,99.18978,2.97538544766052,11.26,59.43,274.9,141.4,100.767326506254,0.163581850228045,72.95638,0.23000000000000043,0,-0.09999999999999964,-0.25999999999999934,-0.6899999999999991,0,False,False,False,False,False,False,False,False,True
2006-01-01,Australia,387994000000.0,77.91966,5.069778,34.270069379870904,5.3465,5.63,True,71.8656,100.2428,-3.4663536776216,12.04,65.51,288.4,141.9,99.8516826220438,61446400000.0,88.10584,-0.2835000000000001,1,-0.08872727272727055,0.15013636363635996,0.23602380952381008,0,True,False,False,False,False,False,False,False,False
2006-01-01,Canada,443339500000.0,85.01449000000001,6.6,49.71948,4.041,3.35,False,101.4562,100.474948082283,2.59547485228429,12.04,65.51,288.4,141.9,100.045738124128,0.911154742913278,81.20816,0.6910000000000003,0,-0.21014285714286007,-0.3825714285714299,-0.6891818181818197,0,False,True,False,False,False,False,False,False,False
2006-01-01,France,499529200000.0,88.39,9.1,53.46964,3.38,2.47285714285714,False,112.599,99.188,-4.67491968016336,12.04,65.51,288.4,141.9,100.404234972131,1.52207001522069,91.27856,0.9071428571428597,0,-0.23199350649350015,-0.08372077922078036,-0.18181168831169048,0,False,False,True,False,False,False,False,False,False
2006-01-01,Germany,661239430000.0,87.13479,10.7,63.61541,3.33761904761905,2.47285714285714,False,89.59407,99.21187,7.67396636986588,12.04,65.51,288.4,141.9,100.547073754742,0.120772946859904,66.11412,0.86476190476191,0,-0.2225562770562699,-0.0638290043290004,-0.15055627705628005,0,False,False,False,True,False,False,False,False,False
2006-01-01,Italy,437171100000.0,85.23804,7.6,71.64259,3.553,2.47285714285714,False,123.9165,100.4949,-1.27161246714693,12.04,65.51,288.4,141.9,99.7736987311541,-0.0915750915749691,141.2701,1.0801428571428597,0,-0.2139935064934999,-0.06772077922078035,-0.21381168831169006,0,False,False,False,False,True,False,False,False,False
2006-01-01,Japan,129107075000000.0,96.81853,4.4,67.04576964928948,1.488,0.0355,False,110.208,101.7454,0.488728230618007,12.04,65.51,288.4,141.9,101.266777016793,0.631138515745411,106.6951,1.4525,0,0.028999999999999915,0.035399999999999876,0.3408,0,False,False,False,False,False,True,False,False,False
2006-01-01,South Korea,294487800000000.0,78.8364719927684,3.6,79.16999816894531,5.6,4.04,False,70.41017,100.4099,27.108438612831,12.04,65.51,288.4,141.9,101.119293434868,2.32198142414861,68.59405,1.5599999999999996,0,-0.16000000000000014,0.10999999999999943,0.6099999999999994,0,False,False,False,False,False,False,True,False,False
2006-01-01,UK,465451000000.0,80.3,5.1,52.24917,4.2186,4.63732,False,106.1611,100.8797,14.9710555911045,12.04,65.51,288.4,141.9,100.288121040627,0.972053462940492,86.53724,-0.41871999999999954,1,-0.1131499999999992,-0.03275999999999879,0.13802000000000092,0,False,False,False,False,False,False,False,True,False
2006-01-01,USA,16136734000000.0,83.03201999999999,4.9,78.04893,4.47,4.45,False,96.64394,99.57593,-2.35093249277676,12.04,65.51,288.4,141.9,100.949298340825,1.29279859357283,74.89481,0.019999999999999574,0,-0.21000000000000085,-0.3100000000000005,-0.6000000000000005,0,False,False,False,False,False,False,False,False,True
2006-02-01,Australia,387994000000.0,78.56976999999999,5.16324,38.33622186686085,5.2035,5.63,True,71.8656,100.4981,0.725459998378697,12.47,61.63,294.2,145.1,99.8667155660834,61446400000.0,88.79287,-0.4264999999999999,1,-0.1429999999999998,-0.19673809523809993,0.033261904761900496,0,True,False,False,False,False,False,False,False,False
2006-02-01,Canada,443339500000.0,85.48854,6.7,70.63406,4.02904761904762,3.42,False,102.1369,100.892517761001,2.98352319815713,12.47,61.63,294.2,145.1,100.177498408185,0.465144559632558,82.0852,0.6090476190476197,0,-0.08195238095238055,-0.45795238095238,-0.7354523809523803,0,False,True,False,False,False,False,False,False,False
2006-02-01,France,499529200000.0,88.3,9.2,78.60295,3.34,2.51168181818182,False,111.2457,99.40199,-0.132136537207811,12.47,61.63,294.2,145.1,100.634598570058,0.149925037481302,94.03708,0.82831818181818,0,-0.07882467532467974,-0.26506277056276994,-0.3222532467532502,0,False,False,True,False,False,False,False,False,False
2006-02-01,Germany,661239430000.0,86.85491,10.6,88.1234,3.32136363636364,2.51168181818182,False,89.59407,99.49458,-0.4866746613576,12.47,61.63,294.2,145.1,100.793248125585,0.0,69.63632,0.80968181818182,0,-0.055080086580090004,-0.23227056277056013,-0.2766038961039001,0,False,False,False,True,False,False,False,False,False
2006-02-01,Italy,437171100000.0,85.43767,7.4,94.97698,3.544,2.51168181818182,False,122.0214,100.5255,7.61496426391972,12.47,61.63,294.2,145.1,100.02510507737,0.0,146.2272,1.0323181818181801,0,-0.0478246753246796,-0.21506277056276968,-0.28625324675325015,0,False,False,False,False,True,False,False,False,False
2006-02-01,Japan,129107075000000.0,96.92033,4.4,68.07773342870213,1.547,0.0381,False,110.6428,101.8587,4.03798084870082,12.47,61.63,294.2,145.1,101.399267094159,0.937591240074798,106.5771,1.5089,0,0.056400000000000006,0.023400000000000087,0.24269999999999992,0,False,False,False,False,False,True,False,False,False
2006-02-01,South Korea,294487800000000.0,79.30663401067,3.4,76.67048645019531,5.58,4.15,False,68.96207,100.4362,-23.1522960333719,12.47,61.63,294.2,145.1,101.123477145491,3.02571860816945,66.71258,1.4299999999999997,0,-0.1299999999999999,-4.440892098500626e-16,0.04999999999999982,0,False,False,False,False,False,False,True,False,False
2006-02-01,UK,465451000000.0,80.0,5.2,41.8197,4.0752,4.60368,False,109.742,100.8594,-17.3994988251724,12.47,61.63,294.2,145.1,100.426123888276,-0.601684717208117,88.05025,-0.5284800000000001,1,-0.10976000000000052,-0.2896700000000001,-0.17164000000000001,0,False,False,False,False,False,False,False,True,False
2006-02-01,USA,16136734000000.0,83.66489,4.7,79.17535,4.42,4.56,False,97.12341,100.1521,15.9919300605244,12.47,61.63,294.2,145.1,101.123106101131,0.068257643899261,75.36825,-0.13999999999999968,1,-0.15999999999999925,-0.46999999999999975,-0.7499999999999996,0,False,False,False,False,False,False,False,False,True
2006-03-01,Australia,387994000000.0,78.56976999999999,5.103514,47.412779973034276,5.272,5.61,True,71.37405,100.8903,0.263549672071783,11.69,62.9,305.1,146.7,99.8621495580139,62346700000.0,90.60796,-0.3380000000000001,1,0.0884999999999998,-0.14322727272727054,0.06330434782609018,0,True,False,False,False,False,False,False,False,False
2006-03-01,Canada,443339500000.0,85.33051999999999,6.6,81.5802,4.17,3.63,False,101.7066,101.342965422191,-1.11027756939203,11.69,62.9,305.1,146.7,100.287740274073,1.09544271621396,83.49017,0.54,0,-0.06904761904761969,-0.3611428571428603,-0.7004545454545497,0,False,True,False,False,False,False,False,False,False
2006-03-01,France,499529200000.0,88.64,9.2,55.29086,3.51,2.60035,False,110.5396,99.65994,0.092093375688523,11.69,62.9,305.1,146.7,100.850163892013,-0.299401197604876,96.84693,0.9096499999999996,0,0.08133181818181967,-0.2294863636363602,-0.2578717391304304,0,False,False,True,False,False,False,False,False,False
2006-03-01,Germany,661239430000.0,87.22808,10.5,76.18672,3.4725,2.60035,False,90.56057,99.82793,-4.81181254783741,11.69,62.9,305.1,146.7,101.029876992992,-0.241254523522338,71.12463,0.87215,0,0.062468181818180035,-0.21516818181817987,-0.22798043478260022,0,False,False,False,True,False,False,False,False,False
2006-03-01,Italy,437171100000.0,85.63729000000001,7.4,43.25146,3.697,2.60035,False,122.4425,100.5062,-2.79144379748508,11.69,62.9,305.1,146.7,100.285106233548,0.366636113656682,150.6196,1.09665,0,0.06433181818181977,-0.19748636363635974,-0.21987173913043012,0,False,False,False,False,True,False,False,False,False
2006-03-01,Japan,129107075000000.0,96.61491,4.1,57.078013835979576,1.598,0.0419,False,110.9688,102.0444,-0.745996052631659,11.69,62.9,305.1,146.7,101.518775704371,-0.82742291131338,107.4003,1.5561,0,0.04720000000000013,0.13260000000000005,0.21950000000000003,0,False,False,False,False,False,True,False,False,False
2006-03-01,South Korea,294487800000000.0,79.4647602498746,3.5,82.13278198242188,5.28,4.25,False,71.12411,100.3355,-2.97053301807783,11.69,62.9,305.1,146.7,101.033131438759,-3.08370044052863,66.30138,1.0300000000000002,0,-0.39999999999999947,-0.6899999999999995,-0.5499999999999998,0,False,False,False,False,False,False,True,False,False
2006-03-01,UK,465451000000.0,80.2,5.2,68.73345,4.1543,4.58199,False,108.2675,100.9728,5.61489469630581,11.69,62.9,305.1,146.7,100.563496165251,-0.363196125908083,90.05289,-0.4276900000000001,1,0.10078999999999994,-0.12211999999999978,-0.15794000000000086,0,False,False,False,False,False,False,False,True,False
2006-03-01,USA,16136734000000.0,83.83365,4.8,72.69299,4.57,4.72,False,97.27379,100.4121,-12.0361781076063,11.69,62.9,305.1,146.7,101.258260508286,2.28067609857505,76.55873,-0.14999999999999947,1,-0.009999999999999787,-0.3799999999999999,-0.6399999999999992,0,False,False,False,False,False,False,False,False,True
2006-04-01,Australia,388523000000.0,78.56976999999999,4.867006,31.842782550931602,5.34130434782609,5.61,True,71.37405,101.0947,-1.32231073298947,11.85,69.69,315.0,147.7,99.848542445028,62346700000.0,95.26215,-0.26869565217391056,1,0.06930434782608952,0.014804347826089526,0.16494071146244949,0,True,False,False,False,False,False,False,False,False
2006-04-01,Canada,446939000000.0,85.80458,6.5,61.46333,4.1995652173913,3.76,False,101.4682,101.515655579888,-1.67308037130591,11.85,69.69,315.0,147.7,100.346760998214,0.856082375479006,85.70238,0.4395652173913005,0,-0.10043478260869954,-0.2514347826086998,-0.6340062111801297,0,False,True,False,False,False,False,False,False,False
2006-04-01,France,503243400000.0,88.89,9.1,68.94371,3.69,2.72260869565217,False,109.8041,99.75042,-4.07574989954753,11.85,69.69,315.0,147.7,101.028619626134,0.300300300300393,98.47603,0.9673913043478302,0,0.057741304347830535,0.06024844720497047,-0.023472332015809894,0,False,False,True,False,False,False,False,False,False
2006-04-01,Germany,667650940000.0,87.22808,10.5,94.2129,3.63739130434783,2.72260869565217,False,90.75387,99.98006,6.71553553712072,11.85,69.69,315.0,147.7,101.235169456205,0.362756952841625,72.76139,0.9147826086956603,0,0.04263260869566032,0.050020703933750355,-0.01380830039525005,0,False,False,False,True,False,False,False,False,False
2006-04-01,Italy,437855000000.0,85.83691,7.2,73.5168,3.923,2.72260869565217,False,124.864,100.6418,0.184018115810591,11.85,69.69,315.0,147.7,100.530213373851,0.182648401826224,152.2811,1.2003913043478303,0,0.10374130434783035,0.12024844720497052,0.052527667984190174,0,False,False,False,False,True,False,False,False,False
2006-04-01,Japan,129304975000000.0,96.81853,4.1,71.61993140812012,1.759,0.0665,False,110.7515,102.0857,0.655942963107359,11.85,69.69,315.0,147.7,101.613562699289,0.733671129805291,112.4864,1.6925,0,0.13639999999999985,0.24,0.27539999999999987,0,False,False,False,False,False,True,False,False,False
2006-04-01,South Korea,299314800000000.0,79.9349222677763,3.5,63.84933471679688,5.42,4.27,False,71.25179,100.2,0.193702921398842,11.85,69.69,315.0,147.7,100.878059443104,0.0,70.40192,1.1500000000000004,0,0.1200000000000001,-0.40999999999999925,-0.2999999999999998,0,False,False,False,False,False,False,True,False,False
2006-04-01,UK,467840000000.0,80.4,5.3,50.96134,4.3177,4.58741,False,108.1622,101.032,-1.74234011358307,11.85,69.69,315.0,147.7,100.715917121848,0.0,91.76788,-0.2697099999999999,1,0.15798000000000023,0.14900999999999964,0.11625000000000085,0,False,False,False,False,False,False,False,True,False
2006-04-01,USA,16353835000000.0,84.29775,4.7,64.22933,4.72,4.88,False,97.32077,100.3635,-1.84550487740602,11.85,69.69,315.0,147.7,101.345227461378,-0.939024252365073,78.15821,-0.16000000000000014,1,-0.010000000000000675,-0.17999999999999972,-0.4900000000000002,0,False,False,False,False,False,False,False,False,True
2006-05-01,Australia,388523000000.0,79.77711,4.965492,37.91341821798212,5.57970588235294,5.69,True,71.37405,101.1371,1.98666070194042,14.45,70.94,364.4,148.6,99.8310944518474,62346700000.0,94.37208,-0.11029411764706065,1,0.1584015345268499,0.3162058823529392,0.1194677871148393,0,True,False,False,False,False,False,False,False,False
2006-05-01,Canada,446939000000.0,86.27864,6.5,61.7146,4.41578947368421,3.96,False,101.6205,101.532846400297,-0.572326338233276,14.45,70.94,364.4,148.6,100.354958218091,0.207752122039273,83.03589,0.4557894736842103,0,0.0162242562929098,-0.15325814536340943,-0.6112105263157894,0,False,True,False,False,False,False,False,False,False
2006-05-01,France,503243400000.0,89.27,9.0,103.31401,3.95,2.79377777777778,False,111.7752,99.73683,9.39632354726694,14.45,70.94,364.4,148.6,101.155178548919,-0.149700598802438,96.27094,1.1562222222222203,0,0.1888309178743901,0.3279040404040403,0.06284126984127036,0,False,False,True,False,False,False,False,False,False
2006-05-01,Germany,667650940000.0,87.50796,10.3,79.1275,3.895,2.79377777777778,False,89.88402,100.0422,-1.89070753699127,14.45,70.94,364.4,148.6,101.393433264789,-0.481927710843399,70.18191,1.10122222222222,0,0.1864396135265598,0.29154040404040016,0.05926984126984003,0,False,False,False,True,False,False,False,False,False
2006-05-01,Italy,437855000000.0,86.10307,7.1,113.6911,4.222,2.79377777777778,False,125.4957,100.8494,-5.10622015111445,14.45,70.94,364.4,148.6,100.762255814721,-0.273473108477273,148.149,1.4282222222222205,0,0.22783091787439025,0.39590404040404037,0.1808412698412707,0,False,False,False,False,True,False,False,False,False
2006-05-01,Japan,129304975000000.0,97.02214,4.1,71.53240264150098,1.956,0.0643,False,111.5123,101.9839,-4.03169784902161,14.45,70.94,364.4,148.6,101.67453725298,-0.106895931743467,107.5002,1.8917,0,0.19920000000000004,0.38280000000000003,0.4062000000000001,0,False,False,False,False,False,True,False,False,False
2006-05-01,South Korea,299314800000000.0,80.0139853873786,3.5,85.36317443847656,5.45,4.33,False,71.63909,100.0045,1.01025090393185,14.45,70.94,364.4,148.6,100.691451088362,1.51515151515151,69.08082,1.12,0,-0.03000000000000025,-0.3099999999999996,-0.31000000000000005,0,False,False,False,False,False,False,True,False,False
2006-05-01,UK,467840000000.0,80.9,5.4,56.40462,4.5177,4.6296,False,109.426,100.9766,-3.50021563096403,14.45,70.94,364.4,148.6,100.863952239774,0.972053462940492,88.72609,-0.11190000000000033,1,0.15780999999999956,0.41657999999999973,0.12690999999999963,0,False,False,False,False,False,False,False,True,False
2006-05-01,USA,16353835000000.0,85.015,4.7,79.76153,4.99,5.03,False,97.53082,100.2323,6.56728444802617,14.45,70.94,364.4,148.6,101.37787105229,0.281054786330137,78.19043,-0.040000000000000036,1,0.1200000000000001,0.09999999999999964,-0.3700000000000001,0,False,False,False,False,False,False,False,False,True
2006-06-01,Australia,388523000000.0,79.77711,4.798088,60.7423514024392,5.75,5.87,False,72.46101,100.9667,-1.10457581497384,16.92,70.96,460.8,152.3,99.8315442506299,63334900000.0,90.47739,-0.1200000000000001,1,-0.009705882352939454,0.21799999999999997,0.07477272727272943,0,True,False,False,False,False,False,False,False,False
2006-06-01,Canada,446939000000.0,86.67369000000001,6.2,61.25886,4.39954545454545,4.126,False,100.9685,101.520266834807,-2.73419864559807,16.92,70.96,460.8,152.3,100.318501027713,0.802630020140049,79.09191,0.27354545454544965,0,-0.18224401913876065,-0.2664545454545504,-0.6275974025974107,0,False,True,False,False,False,False,False,False,False
2006-06-01,France,503243400000.0,89.65,8.9,88.3565,4.0,2.889,False,111.2261,99.7085,-6.89060054827361,16.92,70.96,460.8,152.3,101.241553131798,0.749625187406289,90.70633,1.1110000000000002,0,-0.045222222222220054,0.20135000000000058,-0.02813636363635963,0,False,False,True,False,False,False,False,False,False
2006-06-01,Germany,667650940000.0,87.50796,10.2,71.28855,3.96272727272727,2.889,False,91.72036,100.1229,2.44347368991507,16.92,70.96,460.8,152.3,101.498387177284,0.605326876513357,65.23695,1.0737272727272704,0,-0.027494949494949683,0.20157727272727044,-0.013590909090909431,0,False,False,False,True,False,False,False,False,False
2006-06-01,Italy,437855000000.0,86.36923,7.0,58.35718,4.285,2.889,False,124.4429,100.9764,4.24004560013944,16.92,70.96,460.8,152.3,100.989079496541,0.182815356489674,140.6076,1.3960000000000004,0,-0.032222222222220154,0.29935000000000045,0.10186363636364071,0,False,False,False,False,True,False,False,False,False
2006-06-01,Japan,129304975000000.0,97.32757,4.1,66.44589012165264,1.849,0.1103,False,113.5773,101.9449,-1.75941759772765,16.92,70.96,460.8,152.3,101.699357255172,-0.623073263248486,98.80879,1.7387,0,-0.15300000000000002,0.18259999999999987,0.3151999999999999,0,False,False,False,False,False,True,False,False,False
2006-06-01,South Korea,299314800000000.0,80.1700032767271,3.4,84.96298217773438,5.2,4.36,False,70.90493,99.72797,-5.35020024932267,16.92,70.96,460.8,152.3,100.501392185374,0.447761194029828,62.23017,0.8399999999999999,0,-0.28000000000000025,-0.1900000000000004,-0.8799999999999999,0,False,False,False,False,False,False,True,False,False
2006-06-01,UK,467840000000.0,81.3,5.5,98.10707,4.6488,4.7015,False,109.6367,101.0156,6.09073372545825,16.92,70.96,460.8,152.3,101.001974245904,-0.240673886883214,85.94738,-0.052700000000000635,1,0.0591999999999997,0.3749899999999995,0.2528699999999997,0,False,False,False,False,False,False,False,True,False
2006-06-01,USA,16353835000000.0,85.43691,4.6,70.83626,5.11,5.15,False,97.81541,99.981,-3.80592312539459,16.92,70.96,460.8,152.3,101.351994684776,0.10771794521145,74.79095,-0.040000000000000036,1,0.0,0.10999999999999943,-0.27000000000000046,0,False,False,False,False,False,False,False,False,True
2006-07-01,Australia,389422000000.0,79.77711,4.808096,50.016971713347466,5.73785714285714,5.96,False,72.46101,100.6365,-4.72571117517815,15.33,74.41,444.0,149.3,99.8855056604421,63334900000.0,91.49409,-0.22214285714285964,1,-0.10214285714285953,0.04655279503105092,0.061357142857140445,0,True,False,False,False,False,False,False,False,False
2006-07-01,Canada,447162500000.0,86.51567,6.3,61.3036,4.44136363636364,4.24,False,100.6217,101.43135560057,2.61234080821569,15.33,74.41,444.0,149.3,100.242976327715,-0.608197443807823,81.2915,0.20136363636363974,0,-0.07218181818180991,-0.23820158102766076,-0.48963636363636054,0,False,True,False,False,False,False,False,False,False
2006-07-01,France,508476900000.0,89.65,8.9,96.58042,4.01,2.98568181818182,False,113.0011,99.47739,4.61125845576185,15.33,74.41,444.0,149.3,101.29408300109,0.0,92.85659,1.0243181818181797,0,-0.08668181818182052,0.056926877470349524,0.11717532467531999,0,False,False,True,False,False,False,False,False,False
2006-07-01,Germany,679074810000.0,87.69454,10.1,105.83663,3.96045454545455,2.98568181818182,False,92.59021,100.2088,-5.57817340186543,15.33,74.41,444.0,149.3,101.550021520999,0.361010830324937,66.27413,0.9747727272727298,0,-0.09895454545454063,0.059990118577069484,0.11001082251081984,0,False,False,False,True,False,False,False,False,False
2006-07-01,Italy,441118900000.0,86.43578000000001,6.7,61.92201,4.295,2.98568181818182,False,127.3908,101.0544,-1.59518589298591,15.33,74.41,444.0,149.3,101.192950423043,-0.0912408759122685,142.7159,1.3093181818181798,0,-0.08668181818182052,0.10892687747034957,0.2291753246753201,0,False,False,False,False,True,False,False,False,False
2006-07-01,Japan,129507975000000.0,97.32757,4.2,68.92288019041668,1.901,0.2205,False,111.8383,101.8222,1.01431429332657,15.33,74.41,444.0,149.3,101.668710094208,-0.521055332770826,99.78346,1.6805,0,-0.05819999999999981,-0.011999999999999789,0.2280000000000002,0,False,False,False,False,False,True,False,False,False
2006-07-01,South Korea,301501600000000.0,80.0139853873786,3.5,111.20315551757812,5.25,4.47,False,71.55823,99.51864,5.09473222528252,15.33,74.41,444.0,149.3,100.330771453507,0.297176820208045,63.49011,0.7800000000000002,0,-0.05999999999999961,-0.3700000000000001,-0.7799999999999994,0,False,False,False,False,False,False,True,False,False
2006-07-01,UK,469655000000.0,81.5,5.5,94.18513,4.6645,4.73498,False,110.5845,100.9782,-3.22215172805459,15.33,74.41,444.0,149.3,101.121266666721,0.60313630880573,88.45876,-0.07047999999999988,1,-0.01777999999999924,0.19923000000000002,0.34823999999999966,0,False,False,False,False,False,False,False,True,False
2006-07-01,USA,16396151000000.002,85.60566999999999,4.6,79.49433,5.11,5.35,False,97.84347,99.69939,-0.563343377439929,15.33,74.41,444.0,149.3,101.290197280555,-0.895104188756279,75.96101,-0.23999999999999932,1,-0.1999999999999993,-0.07999999999999918,-0.2599999999999989,0,False,False,False,False,False,False,False,False,True
2006-08-01,Australia,389422000000.0,80.42721,4.656681,48.19217083305475,5.83404761904762,6.05,False,72.46101,100.3619,5.58647396152996,13.35,73.05,464.8,149.7,100.006724784073,63334900000.0,91.19547,-0.21595238095237956,1,0.0061904761904800765,-0.10565826330531891,0.21054761904762032,0,True,False,False,False,False,False,False,False,False
2006-08-01,Canada,447162500000.0,86.59468000000001,6.5,58.82196,4.444,4.2,False,100.0858,101.399634035339,0.552704861258557,13.35,73.05,464.8,149.7,100.162227689575,0.777462457136124,83.90303,0.24399999999999977,0,0.04263636363636003,-0.21178947368421053,-0.36504761904761995,0,False,True,False,False,False,False,False,False,False
2006-08-01,France,508476900000.0,89.5,9.0,84.71546,4.03,3.10219047619048,False,112.7853,99.45139,-10.1195291758298,13.35,73.05,464.8,149.7,101.346887395055,0.595238095238049,95.74197,0.9278095238095201,0,-0.0965086580086596,-0.22841269841270018,0.09949134199134013,0,False,False,True,False,False,False,False,False,False
2006-08-01,Germany,679074810000.0,88.06770999999999,10.0,98.15417,4.01,3.10219047619048,False,92.30025,100.1418,2.34354709527065,13.35,73.05,464.8,149.7,101.565763871341,0.359712230215758,68.15572,0.9078095238095196,0,-0.06696320346321016,-0.19341269841270048,0.09812770562769968,0,False,False,False,True,False,False,False,False,False
2006-08-01,Italy,441118900000.0,86.70193,6.6,64.34291,4.306,3.10219047619048,False,127.7066,101.0357,-4.10901023611896,13.35,73.05,464.8,149.7,101.368898706894,0.273972602740225,146.3904,1.2038095238095199,0,-0.10550865800865994,-0.22441269841270062,0.17149134199133975,0,False,False,False,False,True,False,False,False,False
2006-08-01,Japan,129507975000000.0,97.02214,4.1,68.1168998133624,1.927,0.3666,False,113.3599,101.6498,-5.91978912811754,13.35,73.05,464.8,149.7,101.611731039824,0.208333333333366,103.2547,1.5604,0,-0.1201000000000001,-0.33129999999999993,0.0515000000000001,0,False,False,False,False,False,True,False,False,False
2006-08-01,South Korea,301501600000000.0,80.3270753410036,3.5,94.99897003173828,5.16,4.63,False,70.46444,99.40892,-12.9696428691021,13.35,73.05,464.8,149.7,100.21207557064,0.0,65.39246,0.5300000000000002,0,-0.25,-0.5899999999999999,-0.8999999999999995,0,False,False,False,False,False,False,True,False,False
2006-08-01,UK,469655000000.0,81.5,5.5,69.13068,4.656,4.73322,False,111.2164,100.9292,-1.36782485318729,13.35,73.05,464.8,149.7,101.229208249451,0.479616306954456,89.12746,-0.07722000000000051,1,-0.006740000000000634,0.03467999999999982,0.45125999999999955,0,False,False,False,False,False,False,False,True,False
2006-08-01,USA,16396151000000.002,85.85882,4.7,80.56231,5.09,5.46,False,98.17802,99.67864,6.66666666666733,13.35,73.05,464.8,149.7,101.228583706705,0.214110477348184,77.68768,-0.3700000000000001,1,-0.13000000000000078,-0.33000000000000007,-0.23000000000000043,0,False,False,False,False,False,False,False,False,True
2006-09-01,Australia,389422000000.0,80.42721,4.712161,66.88137541782775,5.77326086956522,6.19,False,74.63085,100.0758,2.41497484818674,12.18,63.87,450.8,150.6,100.171168733601,63672000000.0,92.13271,-0.41673913043478006,1,-0.2007867494824005,-0.29673913043477995,-0.07873913043477998,0,True,False,False,False,False,False,False,False,False
2006-09-01,Canada,447162500000.0,86.7527,6.5,55.00619,4.25272727272727,4.132,False,100.1249,101.246193263295,0.217898613883105,12.18,63.87,450.8,150.6,100.091626433404,1.15279692587456,82.20487,0.12072727272727057,0,-0.1232727272727292,-0.15281818181817908,-0.41927272727272946,1,False,True,False,False,False,False,False,False,False
2006-09-01,France,508476900000.0,89.8,9.0,47.26743,3.9,3.22647826086957,False,111.3143,99.70364,10.6896551724138,12.18,63.87,450.8,150.6,101.42518566882,0.591715976331453,97.52185,0.6735217391304298,0,-0.2542877846790903,-0.4374782608695704,-0.23612826086956984,0,False,False,True,False,False,False,False,False,False
2006-09-01,Germany,679074810000.0,87.88113,9.9,59.31984,3.88391304347826,3.22647826086957,False,93.84665,99.99416,-1.53881038072706,12.18,63.87,450.8,150.6,101.562744997979,-1.31421744324968,69.94864,0.6574347826086897,0,-0.2503747412008299,-0.4162924901185807,-0.21471521739131028,0,False,False,False,True,False,False,False,False,False
2006-09-01,Italy,441118900000.0,86.83501,6.7,52.17373,4.171,3.22647826086957,False,125.8115,101.1505,6.83531328819953,12.18,63.87,450.8,150.6,101.540306488412,0.091074681238501,149.9097,0.9445217391304301,0,-0.25928778467908975,-0.4514782608695702,-0.15212826086956976,0,False,False,False,False,True,False,False,False,False
2006-09-01,Japan,129507975000000.0,97.73479,4.1,48.408001625607746,1.668,0.3849,False,113.7947,101.6004,0.742948123874365,12.18,63.87,450.8,150.6,101.559194317894,-0.102313953310673,103.0801,1.2831,0,-0.2773000000000001,-0.4556,-0.27300000000000013,0,False,False,False,False,False,True,False,False,False
2006-09-01,South Korea,301501600000000.0,80.7972373589053,3.5,64.38674926757812,4.94,4.68,False,67.02453,99.33219,24.534241592988,12.18,63.87,450.8,150.6,100.176794409651,-4.14814814814816,67.44895,0.2600000000000007,0,-0.2699999999999996,-0.5799999999999992,-0.7699999999999996,0,False,False,False,False,False,False,True,False,False
2006-09-01,UK,469655000000.0,81.8,5.5,75.90216,4.6535,4.94425,False,110.0579,100.8537,-11.1669911648256,12.18,63.87,450.8,150.6,101.348220329957,-0.35799522673029,89.40541,-0.29075000000000006,1,-0.21352999999999955,-0.23804999999999943,0.13694000000000006,0,False,False,False,False,False,False,False,True,False
2006-09-01,USA,16396151000000.002,86.02759,4.7,72.76996,4.88,5.38,False,98.11626,99.71475,-4.9036561264824,12.18,63.87,450.8,150.6,101.188664201648,0.234791318980654,78.53902,-0.5,1,-0.1299999999999999,-0.45999999999999996,-0.35000000000000053,0,False,False,False,False,False,False,False,False,True
2006-10-01,Australia,395148000000.0,80.42721,4.666008,40.89327395931069,5.60166666666667,6.21,False,74.63085,99.7029,0.10175726977486,11.31,58.88,449.1,151.0,100.342623414004,63672000000.0,96.23769,-0.6083333333333298,1,-0.19159420289854978,-0.3861904761904702,-0.3396376811594193,0,True,False,False,False,False,False,False,False,False
2006-10-01,Canada,448421250000.0,86.27864,6.5,59.16387,4.06857142857143,4.15,False,99.41279,101.123043673051,0.113622017422488,11.31,58.88,449.1,151.0,100.047330117239,-0.432084444959935,83.39114,-0.08142857142857007,1,-0.20215584415584065,-0.2827922077922098,-0.5209937888198706,1,False,True,False,False,False,False,False,False,False
2006-10-01,France,509335300000.0,89.6,8.7,58.60936,3.77,3.33538095238095,False,110.5494,99.94578,-7.76296499908374,11.31,58.88,449.1,151.0,101.542851453561,-0.2941176470588,101.0671,0.4346190476190501,0,-0.23890269151137966,-0.5896991341991296,-0.53277225672878,0,False,False,True,False,False,False,False,False,False
2006-10-01,Germany,684294950000.0,87.60125,9.8,93.78133,3.75380952380952,3.33538095238095,False,94.3299,99.84746,7.17040723636124,11.31,58.88,449.1,151.0,101.567072018738,0.726392251816033,73.06985,0.41842857142857026,0,-0.23900621118011944,-0.5563441558441595,-0.49635403726709004,0,False,False,False,True,False,False,False,False,False
2006-10-01,Italy,443303800000.0,86.76847,6.7,67.13686,4.036,3.33538095238095,False,127.6013,101.2465,-0.736423236254924,11.31,58.88,449.1,151.0,101.718909634306,-0.27297543221162,154.5951,0.7006190476190497,0,-0.24390269151138044,-0.6086991341991301,-0.49977225672878056,0,False,False,False,False,True,False,False,False,False
2006-10-01,Japan,129243350000000.0,97.73479,4.1,62.303630378987556,1.628,0.3892,False,114.1208,101.5265,1.70469505345234,11.31,58.88,449.1,151.0,101.528704185873,-1.04003566457911,105.4142,1.2388,0,-0.044300000000000006,-0.4417000000000002,-0.4537,0,False,False,False,False,False,True,False,False,False
2006-10-01,South Korea,306367700000000.0,81.0323183678561,3.5,70.37747192382812,4.89,4.64,False,71.90935,99.32139,18.6038649469015,11.31,58.88,449.1,151.0,100.221532720198,2.93663060278206,67.36144,0.25,0,-0.010000000000000675,-0.5300000000000002,-0.9000000000000004,0,False,False,False,False,False,False,True,False,False
2006-10-01,UK,470918000000.0,81.9,5.5,94.98159,4.5522,5.02501,False,111.0058,100.8576,15.599967936608,11.31,58.88,449.1,151.0,101.50741119362,-0.119760479041942,92.51802,-0.47280999999999995,1,-0.1820599999999999,-0.4023300000000001,-0.20310000000000006,0,False,False,False,False,False,False,False,True,False
2006-10-01,USA,16420738000000.002,85.60566999999999,4.5,67.06754,4.72,5.34,False,98.54271,99.81288,-0.389660994934138,11.31,58.88,449.1,151.0,101.192456337127,-0.468841848896251,81.02309,-0.6200000000000001,1,-0.1200000000000001,-0.3800000000000008,-0.45999999999999996,0,False,False,False,False,False,False,False,False,True
2006-11-01,Australia,395148000000.0,80.52008000000001,4.463266,43.56473611928084,5.665,6.28,False,74.63085,99.77854,0.0899245415802774,10.82,59.37,437.1,146.3,100.498731133102,63672000000.0,98.84087,-0.6150000000000002,1,-0.006666666666670373,-0.39904761904762065,-0.5047058823529396,0,True,False,False,False,False,False,False,False,False
2006-11-01,Canada,448421250000.0,86.12062,6.3,54.64143,4.10666666666667,4.1575,False,97.78236,101.100233551523,-2.5360795852602,10.82,59.37,437.1,146.3,100.040477079334,-0.160186398718309,86.63263,-0.05083333333332973,1,0.03059523809524034,-0.2948333333333295,-0.50662280701754,1,False,True,False,False,False,False,False,False,False
2006-11-01,France,509335300000.0,89.4,8.5,102.57925,3.81,3.502,False,112.2754,100.147,2.73673231181861,10.82,59.37,437.1,146.3,101.693192368088,-0.147492625368784,103.0948,0.3080000000000003,0,-0.12661904761904985,-0.6198095238095198,-0.84822222222222,0,False,False,True,False,False,False,False,False,False
2006-11-01,Germany,684294950000.0,87.69454,9.7,54.06163,3.78772727272727,3.502,False,94.03995,99.72872,-2.940743826295,10.82,59.37,437.1,146.3,101.596355294736,-1.5625,75.3987,0.28572727272727017,0,-0.1327012987013001,-0.6220822510822495,-0.8154949494949499,0,False,False,False,True,False,False,False,False,False
2006-11-01,Italy,443303800000.0,86.70193,6.7,64.0745,4.07,3.502,False,127.3908,101.353,-0.847549708399664,10.82,59.37,437.1,146.3,101.889835068378,-0.182481751824548,160.0113,0.5680000000000005,0,-0.1326190476190492,-0.6358095238095194,-0.86022222222222,0,False,False,False,False,True,False,False,False,False
2006-11-01,Japan,129243350000000.0,97.53118,4.1,62.74614292338403,1.718,0.3807,False,114.0121,101.5036,-4.6570245751055,10.82,59.37,437.1,146.3,101.5175720427,0.314136125654541,101.8985,1.3373,0,0.09850000000000003,-0.22310000000000008,-0.5544,0,False,False,False,False,False,True,False,False,False
2006-11-01,South Korea,306367700000000.0,80.6401652946287,3.6,140.80838012695312,4.79,4.57,False,73.8022,99.34895,-25.2234455308394,10.82,59.37,437.1,146.3,100.289870403926,0.450450450450468,69.80576,0.21999999999999975,0,-0.03000000000000025,-0.3100000000000005,-0.9000000000000004,0,False,False,False,False,False,False,True,False,False
2006-11-01,UK,470918000000.0,82.0,5.4,68.0169,4.6155,5.13176,False,111.3217,100.966,-2.64275462112019,10.82,59.37,437.1,146.3,101.734325665481,-0.359712230215814,93.52457,-0.5162599999999999,1,-0.04344999999999999,-0.43903999999999943,-0.4043599999999996,0,False,False,False,False,False,False,False,True,False
2006-11-01,USA,16420738000000.002,85.14157,4.4,63.46447,4.73,5.33,False,98.35447,100.1277,-2.25583518059755,10.82,59.37,437.1,146.3,101.252054254003,-0.150115522173744,82.98521,-0.5999999999999996,1,0.020000000000000462,-0.22999999999999954,-0.5599999999999996,0,False,False,False,False,False,False,False,False,True
2006-12-01,Australia,395148000000.0,80.52008000000001,4.514974,51.6624196035249,5.59954545454545,6.37,False,76.09186,99.93781,-0.373046875000516,10.96,62.03,419.6,147.5,100.626726304989,64404700000.0,100.8702,-0.7704545454545499,1,-0.15545454545454973,-0.3537154150197699,-0.6504545454545498,0,True,False,False,False,False,False,False,False,False
2006-12-01,Canada,448421250000.0,86.27864,6.5,80.30291,3.99952380952381,4.178,False,97.58928,101.160632319529,5.50028752156413,10.96,62.03,419.6,147.5,100.087527077819,0.163360560093273,89.5492,-0.1784761904761898,1,-0.12764285714286006,-0.29920346320346036,-0.45202164502163944,1,False,True,False,False,False,False,False,False,False
2006-12-01,France,509335300000.0,89.5,8.3,45.52824,3.74,3.59718181818182,False,111.3241,100.3445,-3.52014793686093,10.96,62.03,419.6,147.5,101.878336733526,0.443131462333857,104.0213,0.14281818181818018,0,-0.1651818181818201,-0.5307035573122496,-0.96818181818182,0,False,False,True,False,False,False,False,False,False
2006-12-01,Germany,684294950000.0,87.69454,9.6,71.95194,3.71409090909091,3.59718181818182,False,93.65335,99.66113,9.10857313738425,10.96,62.03,419.6,147.5,101.656476980355,0.732600732600663,77.1145,0.11690909090909019,0,-0.16881818181817998,-0.5405256916995995,-0.9568181818181802,0,False,False,False,True,False,False,False,False,False
2006-12-01,Italy,443303800000.0,86.76847,6.6,71.03725,3.97,3.59718181818182,False,127.6013,101.2861,5.95578961728245,10.96,62.03,419.6,147.5,102.051796771433,0.822669104204476,162.2193,0.37281818181818016,0,-0.19518181818182034,-0.57170355731225,-1.0231818181818202,0,False,False,False,False,True,False,False,False,False
2006-12-01,Japan,129243350000000.0,97.02214,4.0,66.08790087815942,1.69,0.4107,False,114.4468,101.6575,2.423763195914,10.96,62.03,419.6,147.5,101.519646737042,-0.0004358418940642,106.1304,1.2792999999999999,0,-0.05800000000000005,-0.0038000000000000256,-0.45940000000000003,0,False,False,False,False,False,True,False,False,False
2006-12-01,South Korea,306367700000000.0,80.2490663963294,3.5,108.07726287841795,4.91,4.6,False,75.8653,99.36727,16.3953328873635,10.96,62.03,419.6,147.5,100.336182943663,1.94319880418534,70.62816,0.3100000000000005,0,0.09000000000000075,0.04999999999999982,-0.5299999999999994,0,False,False,False,False,False,False,True,False,False
2006-12-01,UK,470918000000.0,82.2,5.5,91.79185,4.5452,5.22544,False,110.1632,101.1191,1.40950325043054,10.96,62.03,419.6,147.5,101.993371659294,1.08303249097479,93.60903,-0.6802399999999995,1,-0.16397999999999957,-0.38948999999999945,-0.6275399999999989,0,False,False,False,False,False,False,False,True,False
2006-12-01,USA,16420738000000.002,85.015,4.5,62.51985,4.6,5.32,False,98.2599,100.5471,-0.960512273212388,10.96,62.03,419.6,147.5,101.346055080283,0.388581113869679,85.11807,-0.7200000000000006,1,-0.120000000000001,-0.22000000000000064,-0.6800000000000006,1,False,False,False,False,False,False,False,False,True
2007-01-01,Australia,400077000000.0,80.52008000000001,4.568022,39.22259614342819,5.69657894736842,6.39,False,76.09186,100.0587,0.492070026858227,11.04,54.57,417.4,148.1,100.720046342646,64404700000.0,103.2396,-0.6934210526315798,1,0.07703349282297012,-0.08508771929824999,-0.4712781954887202,0,True,False,False,False,False,False,False,False,False
2007-01-01,Canada,450207000000.0,86.43666,6.3,44.75126,3.96631578947368,4.16,False,97.5117,101.237842575494,7.31474668192873,11.04,54.57,417.4,148.1,100.18705142038,0.562092264678382,88.94408,-0.19368421052632012,1,-0.015208020050130333,-0.11225563909775005,-0.39504784688995986,1,False,True,False,False,False,False,False,False,False
2007-01-01,France,512457900000.0,89.71,8.3,65.25806,3.81,3.68421052631579,False,110.6279,100.4163,1.30910548634208,11.04,54.57,417.4,148.1,102.076787259921,1.17647058823531,106.8663,0.12578947368421023,0,-0.01702870813396995,-0.3088295739348399,-0.8985287081339695,1,False,False,True,False,False,False,False,False,False
2007-01-01,Germany,694659640000.0,88.34759,9.4,84.13799,3.77052631578947,3.68421052631579,False,95.29639,99.74432,11.3565610726843,11.04,54.57,417.4,148.1,101.744549550641,0.121212121212122,79.7364,0.08631578947368013,0,-0.03059330143541006,-0.33211278195489013,-0.8884569377990497,0,False,False,False,True,False,False,False,False,False
2007-01-01,Italy,449120100000.0,86.83501,6.3,67.54639,4.038,3.68421052631579,False,127.6013,101.3297,-8.84762255127398,11.04,54.57,417.4,148.1,102.21333947282,-0.271985494106575,166.2996,0.35378947368421043,0,-0.01902870813396973,-0.34682957393483926,-0.9555287081339694,0,False,False,False,False,True,False,False,False,False
2007-01-01,Japan,131000550000000.0,97.12395,4.0,66.17643771596867,1.645,0.474,False,115.5337,101.7751,2.33126412171094,11.04,54.57,417.4,148.1,101.528887436382,0.419507654752516,109.8054,1.171,0,-0.10829999999999984,-0.06779999999999986,-0.5095000000000001,0,False,False,False,False,False,True,False,False,False
2007-01-01,South Korea,308755400000000.0,80.4841474052802,3.4,106.05816650390624,4.95,4.76,False,75.52482,99.3255,0.583236254713571,11.04,54.57,417.4,148.1,100.341537268912,-0.146627565982416,68.69796,0.1900000000000004,0,-0.1200000000000001,-0.05999999999999961,-0.5899999999999999,1,False,False,False,False,False,False,True,False,False
2007-01-01,UK,473372000000.0,82.6,5.5,80.55704,4.6195,5.29167,False,110.9005,101.0386,-0.632554724097134,11.04,54.57,417.4,148.1,102.256357121694,0.238095238095193,94.57525,-0.6721699999999995,1,0.008070000000000022,-0.19935999999999954,-0.6016899999999996,0,False,False,False,False,False,False,False,True,False
2007-01-01,USA,16561866000000.002,85.14157,4.4,63.37041,4.56,5.32,False,98.23175,100.7777,6.93696120689629,11.04,54.57,417.4,148.1,101.460232719108,0.148837765164123,85.53719,-0.7600000000000007,1,-0.040000000000000036,-0.14000000000000057,-0.5200000000000014,1,False,False,False,False,False,False,False,False,True
2007-02-01,Australia,400077000000.0,80.52008000000001,4.554994,25.66197288236881,5.87761904761905,6.43,False,76.09186,100.5461,3.89387436597757,11.16,59.26,387.7,147.8,100.774527438119,64404700000.0,108.047,-0.5523809523809495,1,0.1410401002506303,0.06261904761905068,-0.33642857142856997,1,True,False,False,False,False,False,False,False,False
2007-02-01,Canada,450207000000.0,86.43666,6.4,53.39283,4.12181818181818,4.156,False,98.51159,101.420084997835,-10.1531350788534,11.16,59.26,387.7,147.8,100.316593165439,1.6536824118857,92.10006,-0.03418181818181942,1,0.1595023923445007,0.01665151515151031,-0.2781818181818192,1,False,True,False,False,False,False,False,False,False
2007-02-01,France,512457900000.0,89.4,8.5,100.06441,4.07,3.75186363636364,False,112.5107,100.4642,9.48677206150574,11.16,59.26,387.7,147.8,102.272480411778,-0.581395348837277,109.1066,0.3181363636363601,0,0.19234688995214988,0.010136363636359835,-0.60967316017316,1,False,False,True,False,False,False,False,False,False
2007-02-01,Germany,694659640000.0,88.34759,9.2,74.49567,4.01681818181818,3.75186363636364,False,96.16624,99.93372,-29.3771510474109,11.16,59.26,387.7,147.8,101.837708679076,4.60048426150088,82.63397,0.26495454545453967,0,0.17863875598085954,-0.020772727272730496,-0.64285497835498,0,False,False,False,True,False,False,False,False,False
2007-02-01,Italy,449120100000.0,86.90155,6.3,31.9843,4.263,3.75186363636364,False,129.9175,101.4607,11.7494440608563,11.16,59.26,387.7,147.8,102.373880144666,0.363636363635833,169.6539,0.5111363636363597,0,0.1573468899521493,-0.05686363636364078,-0.6926731601731602,0,False,False,False,False,True,False,False,False,False
2007-02-01,Japan,131000550000000.0,96.92033,4.0,74.18428688486173,1.705,0.4903,False,115.6424,101.7823,-5.04973956059152,11.16,59.26,387.7,147.8,101.543379209553,0.941201005411063,113.7421,1.2147000000000001,0,0.04370000000000007,-0.12259999999999982,-0.3456999999999999,0,False,False,False,False,False,True,False,False,False
2007-02-01,South Korea,308755400000000.0,80.6401652946287,3.3,134.79161071777344,5.04,4.92,False,72.88929,99.21037,4.33369312016878,11.16,59.26,387.7,147.8,100.331024027175,4.40528634361235,71.37995,0.1200000000000001,0,-0.07000000000000028,-0.09999999999999964,-0.41000000000000014,1,False,False,False,False,False,False,True,False,False
2007-02-01,UK,473372000000.0,82.1,5.5,68.25111,4.8694,5.48623,False,110.1632,100.8305,4.35784042869232,11.16,59.26,387.7,147.8,102.510300187052,0.950118764845631,96.48055,-0.6168300000000002,1,0.05533999999999928,-0.10057000000000027,-0.5396099999999997,0,False,False,False,False,False,False,False,True,False
2007-02-01,USA,16561866000000.002,85.40146999999999,4.6,79.01967,4.76,5.32,False,99.23818,100.893,-2.73334173069654,11.16,59.26,387.7,147.8,101.583933308143,0.792049848879084,87.57293,-0.5600000000000005,1,0.20000000000000018,0.03999999999999915,-0.1900000000000004,1,False,False,False,False,False,False,False,False,True
2007-03-01,Australia,400077000000.0,80.52008000000001,4.634501,37.195464294761535,5.80925,6.37,False,76.07616,101.103,1.50593360372511,15.16,60.56,379.2,150.7,100.807017209635,65960100000.00001,106.7813,-0.5607500000000005,1,-0.008369047619050995,0.20970454545454942,-0.14401086956522047,1,True,False,False,False,False,False,False,False,False
2007-03-01,Canada,450207000000.0,87.06874,6.3,69.19994,4.1175,4.18,False,98.08437,101.586051535336,-0.729246162978003,15.16,60.56,379.2,150.7,100.434343521224,-0.415954415954256,90.84308,-0.0625,1,-0.028318181818180577,0.11597619047618979,-0.18322727272727057,1,False,True,False,False,False,False,False,False,False
2007-03-01,France,512457900000.0,89.57,8.5,110.79165,4.1,3.8182,False,111.3143,100.5309,-4.80334302735974,15.16,60.56,379.2,150.7,102.45533627946,0.438596491228083,105.7482,0.2817999999999996,0,-0.0363363636363605,0.13898181818181943,-0.3917217391304302,1,False,False,True,False,False,False,False,False,False
2007-03-01,Germany,694659640000.0,88.72075,9.1,47.32786,4.049,3.8182,False,95.87629,100.1688,-5.97548179319679,15.16,60.56,379.2,150.7,101.925634040753,-6.01851851851822,80.48441,0.23080000000000034,0,-0.03415454545453933,0.11389090909091015,-0.42663478260868937,1,False,False,False,True,False,False,False,False,False
2007-03-01,Italy,449120100000.0,87.16771999999999,6.1,52.37931,4.28,3.8182,False,128.3383,101.3325,1.5284403883927,15.16,60.56,379.2,150.7,102.502328288865,-0.45289855072399,163.3287,0.4618000000000002,0,-0.049336363636359515,0.08898181818182005,-0.4827217391304299,0,False,False,False,False,True,False,False,False,False
2007-03-01,Japan,131000550000000.0,96.4113,4.0,71.64523452745361,1.64,0.5047,False,114.4468,101.8455,6.22541388203923,15.16,60.56,379.2,150.7,101.548059891788,-0.932207079723046,110.3353,1.1353,0,-0.07940000000000014,-0.1439999999999999,-0.14779999999999993,1,False,False,False,False,False,True,False,False,False
2007-03-01,South Korea,308755400000000.0,81.1893904321327,3.1,66.3350830078125,5.01,4.95,False,74.03309,99.16199,-3.76095291441221,15.16,60.56,379.2,150.7,100.338621412914,-3.0942334739803,71.15024,0.05999999999999961,0,-0.0600000000000005,-0.2500000000000009,-0.20000000000000107,1,False,False,False,False,False,False,True,False,False
2007-03-01,UK,473372000000.0,82.4,5.5,50.54888,4.896,5.5657,False,110.5845,100.5867,-2.62346460886936,15.16,60.56,379.2,150.7,102.740251911911,-1.41176470588239,94.10018,-0.6696999999999997,1,-0.05286999999999953,0.010539999999999772,-0.3789499999999997,1,False,False,False,False,False,False,False,True,False
2007-03-01,USA,16561866000000.002,85.8584,4.5,57.20262,4.72,5.31,False,98.88618,100.9249,-1.11370111370084,15.16,60.56,379.2,150.7,101.704605156035,-0.458460975692676,85.42087,-0.5899999999999999,1,-0.02999999999999936,0.13000000000000078,-0.08999999999999986,1,False,False,False,False,False,False,False,False,True
2007-04-01,Australia,405787000000.0,80.52008000000001,4.459601,28.17454107079125,5.73681818181818,6.43,False,76.07616,101.4615,0.678900440268326,12.93,63.97,397.3,150.2,100.829382200791,65960100000.00001,111.8122,-0.6931818181818201,1,-0.1324318181818196,0.00023923444975970654,-0.08484848484849028,1,True,False,False,False,False,False,False,False,False
2007-04-01,Canada,453080250000.0,87.77982,6.3,74.0842,4.04590909090909,4.1675,False,99.13815,101.562456266098,-0.741721477179091,12.93,63.97,397.3,150.2,100.536122498498,-0.0257481261085601,94.35606,-0.12159090909091042,1,-0.059090909090910415,0.0720933014354097,-0.04016233766234034,1,False,True,False,False,False,False,False,False,False
2007-04-01,France,516471500000.0,89.95,8.4,69.7837,4.0,3.89090909090909,False,112.3146,100.6315,-2.56437634580819,12.93,63.97,397.3,150.2,102.61116156945,0.873362445414894,112.0622,0.1090909090909098,0,-0.1727090909090898,-0.016698564593300436,-0.32552813852814033,1,False,False,True,False,False,False,False,False,False
2007-04-01,Germany,695113510000.0,88.90733,8.9,100.44766,3.94090909090909,3.89090909090909,False,96.74613,100.4719,22.4474603764017,12.93,63.97,397.3,150.2,102.004108123651,2.09359605911332,86.42415,0.04999999999999982,0,-0.18080000000000052,-0.036315789473680304,-0.36842857142857044,1,False,False,False,True,False,False,False,False,False
2007-04-01,Italy,447870900000.0,87.3008,6.1,69.38379,4.176,3.89090909090909,False,129.2858,101.2027,-1.61969115572486,12.93,63.97,397.3,150.2,102.621336171087,-0.727934485896131,172.5288,0.28509090909090995,0,-0.17670909090909026,-0.06869856459330048,-0.41552813852813975,1,False,False,False,False,True,False,False,False,False
2007-04-01,Japan,131852850000000.0,96.71672,4.0,78.23451382146463,1.629,0.6226,False,115.0989,101.7879,-1.75728702753974,12.93,63.97,397.3,150.2,101.537002522816,1.37098505929565,110.4867,1.0064,0,-0.12890000000000001,-0.16460000000000008,-0.23239999999999994,1,False,False,False,False,False,True,False,False,False
2007-04-01,South Korea,313924100000000.0,81.6606066249624,3.2,79.73516082763672,4.94,4.94,False,74.37357,99.24867,-3.77689042484669,12.93,63.97,397.3,150.2,100.401513875283,3.33817126269957,75.43376,0.0,0,-0.05999999999999961,-0.1900000000000004,-0.25,1,False,False,False,False,False,False,True,False,False
2007-04-01,UK,477823000000.0,82.8,5.5,39.88484,4.8194,5.54946,False,109.1101,100.568,1.807251668055,12.93,63.97,397.3,150.2,102.949064287032,1.43198090692127,97.51363,-0.7300599999999999,1,-0.06036000000000019,-0.05789000000000044,-0.25725,1,False,False,False,False,False,False,False,True,False
2007-04-01,USA,16611689999999.998,86.6402,4.4,69.88729,4.56,5.3,False,99.84811,100.7022,-1.83342063907812,12.93,63.97,397.3,150.2,101.822882415929,-0.0528057553765171,89.44112,-0.7400000000000002,1,-0.15000000000000036,0.020000000000000462,-0.1200000000000001,1,False,False,False,False,False,False,False,False,True
2007-05-01,Australia,405787000000.0,81.44881,4.385953,28.872947877575793,5.90972222222222,6.48,False,76.07616,101.7128,-3.9853008727609,13.3,63.46,459.1,151.6,100.845829630028,65960100000.00001,114.7023,-0.5702777777777808,1,0.12290404040403935,-0.01789682539683124,0.04472222222221944,1,True,False,False,False,False,False,False,False,False
2007-05-01,Canada,453080250000.0,88.17487,6.3,52.7989,4.1715,4.1625,False,99.32182,101.479085231662,12.661895268284,13.3,63.46,459.1,151.6,100.622388574531,0.42638431821429,97.1953,0.009000000000000341,0,0.13059090909091076,0.043181818181819764,0.059833333333330074,1,False,True,False,False,False,False,False,False,False
2007-05-01,France,516471500000.0,90.39,8.2,79.7294,4.21,3.97526315789474,False,113.1776,100.7918,0.197253068381054,13.3,63.46,459.1,151.6,102.740763250684,1.29870129870124,115.78,0.23473684210526002,0,0.12564593301435023,-0.08339952153110008,-0.07326315789474025,1,False,False,True,False,False,False,False,False,False
2007-05-01,Germany,695113510000.0,89.37379,8.7,69.16751,4.1521052631579,3.97526315789474,False,97.22938,100.7897,-11.0236081008456,13.3,63.46,459.1,151.6,102.072687852199,-0.120627261761164,89.08846,0.1768421052631597,0,0.12684210526315987,-0.08811244019137998,-0.10888516746411048,1,False,False,False,True,False,False,False,False,False
2007-05-01,Italy,447870900000.0,87.43388,5.8,63.66465,4.37,3.97526315789474,False,130.2334,101.0569,-3.48885555549734,13.3,63.46,459.1,151.6,102.717631215971,1.37488542621431,174.6178,0.39473684210526017,0,0.10964593301435022,-0.11639952153109956,-0.17326315789474034,1,False,False,False,False,True,False,False,False,False
2007-05-01,Japan,131852850000000.0,97.02214,3.8,75.38310093999341,1.653,0.5818,False,115.0989,101.5758,-4.67433386528999,13.3,63.46,459.1,151.6,101.48000566085,-0.730276835539923,111.0508,1.0712000000000002,0,0.06480000000000019,-0.14349999999999996,-0.2660999999999998,1,False,False,False,False,False,True,False,False,False
2007-05-01,South Korea,313924100000000.0,81.9736965785874,3.3,78.80786895751953,5.07,4.95,False,74.14587,99.38218,-1.11546653829709,13.3,63.46,459.1,151.6,100.526849041063,-0.42134831460674,80.20903,0.1200000000000001,0,0.1200000000000001,0.0,-0.09999999999999964,1,False,False,False,False,False,False,True,False,False
2007-05-01,UK,477823000000.0,83.1,5.4,56.02067,5.0439,5.64899,False,108.7941,100.6925,-2.42789737653789,13.3,63.46,459.1,151.6,103.118488446329,0.470588235294134,99.64319,-0.6050900000000006,1,0.12496999999999936,0.01173999999999964,-0.08883000000000063,1,False,False,False,False,False,False,False,True,False
2007-05-01,USA,16611689999999.998,87.20303,4.5,62.50171,4.69,5.31,False,100.0214,100.4308,-0.733724653148493,13.3,63.46,459.1,151.6,101.945179227564,0.391911324647265,92.02119,-0.6199999999999992,1,0.120000000000001,-0.05999999999999872,-0.019999999999999574,1,False,False,False,False,False,False,False,False,True
2007-06-01,Australia,405787000000.0,81.44881,4.264382,37.895416256503175,5.92086956521739,6.37,False,76.10078,101.9484,0.470759338640825,14.95,67.48,476.2,152.7,100.864396407597,66085800000.0,114.8162,-0.44913043478261017,1,0.1211473429951706,0.11161956521739036,0.3213241106719398,1,True,False,False,False,False,False,False,False,False
2007-06-01,Canada,453080250000.0,88.56992,6.2,70.11593,4.29272727272727,4.19,False,98.88148,101.392190728178,-6.60352136882743,14.95,67.48,476.2,152.7,100.691126879672,1.33356129252855,97.18142,0.10272727272726989,0,0.09372727272726955,0.1652272727272699,0.2812034632034597,1,False,True,False,False,False,False,False,False,False
2007-06-01,France,516471500000.0,90.61,8.1,110.59763,4.34,4.07136363636364,False,111.3045,101.1069,2.18252521570056,14.95,67.48,476.2,152.7,102.856390294362,0.0,115.0771,0.26863636363636,0,0.033899521531099985,-0.013163636363639597,0.12581818181817983,1,False,False,True,False,False,False,False,False,False
2007-06-01,Germany,695113510000.0,89.37379,8.6,28.43399,4.27904761904762,4.07136363636364,False,96.45618,101.1325,2.03573616015511,14.95,67.48,476.2,152.7,102.124589263301,2.77777777777777,91.62746,0.2076839826839798,0,0.03084187742082012,-0.023116017316020532,0.09077489177488962,1,False,False,False,True,False,False,False,False,False
2007-06-01,Italy,447870900000.0,87.70004,6.2,49.49993,4.49,4.07136363636364,False,127.8119,100.7661,5.34796006240201,14.95,67.48,476.2,152.7,102.761526373174,-1.17540687160951,170.4525,0.41863636363636036,0,0.0238995215311002,-0.043163636363639846,0.045818181818180204,1,False,False,False,False,True,False,False,False,False
2007-06-01,Japan,131852850000000.0,97.32757,3.8,68.7378812043362,1.733,0.5926,False,114.7729,101.3757,1.99693210402416,14.95,67.48,476.2,152.7,101.370824969923,0.309537840069996,113.9986,1.1404,0,0.06919999999999993,0.0051000000000001044,-0.1388999999999998,1,False,False,False,False,False,True,False,False,False
2007-06-01,South Korea,313924100000000.0,82.0527596981897,3.3,69.24032592773438,5.22,5.04,False,75.38118,99.58613,4.18697385211095,14.95,67.48,476.2,152.7,100.717184258397,-1.26939351198871,87.19741,0.17999999999999972,0,0.05999999999999961,0.1200000000000001,-0.13000000000000078,1,False,False,False,False,False,False,True,False,False
2007-06-01,UK,477823000000.0,83.3,5.4,52.00437,5.1458,5.76742,False,107.3196,100.9317,0.907259453667186,14.95,67.48,476.2,152.7,103.232576805957,0.468384074941475,100.0481,-0.6216200000000001,1,-0.01652999999999949,0.04807999999999968,0.05861999999999945,1,False,False,False,False,False,False,False,True,False
2007-06-01,USA,16611689999999.998,87.7359,4.4,74.68187,4.75,5.31,False,100.7005,100.257,5.51001209514899,14.95,67.48,476.2,152.7,102.061290814033,-0.797475486707444,92.69252,-0.5599999999999996,1,0.05999999999999961,0.03000000000000025,0.16000000000000103,1,False,False,False,False,False,False,False,False,True
2007-07-01,Australia,408366000000.0,81.44881,4.324099,32.20551919817413,6.20475,6.42,False,76.10078,102.2307,1.01139004228397,17.27,74.18,465.0,151.9,100.885292802776,66085800000.0,115.0841,-0.21525000000000016,1,0.23388043478261,0.47793181818181996,0.47817105263157966,1,True,False,False,False,False,False,False,False,False
2007-07-01,Canada,457455750000.0,88.4119,6.1,51.59319,4.61285714285714,4.36,False,99.10194,101.337658496482,0.715629344892665,17.27,74.18,465.0,151.9,100.733322380535,0.809853214105005,98.91542,0.25285714285714,0,0.1501298701298701,0.3744480519480504,0.4465413533834601,1,False,True,False,False,False,False,False,False,False
2007-07-01,France,519988900000.0,90.72,8.0,74.18859,4.62,4.14776190476191,False,114.0013,101.554,1.27488523654355,17.27,74.18,465.0,151.9,102.948965133747,-1.56695156695149,114.2116,0.47223809523809024,0,0.20360173160173023,0.36314718614718045,0.34644862155388,1,False,False,True,False,False,False,False,False,False
2007-07-01,Germany,701014560000.0,89.37379,8.5,45.65317,4.56047619047619,4.14776190476191,False,98.19588,101.3904,1.94999515262173,17.27,74.18,465.0,151.9,102.153380831214,-4.93537015276149,92.03423,0.41271428571428004,0,0.20503030303030023,0.3627142857142802,0.3263984962405999,1,False,False,False,True,False,False,False,False,False
2007-07-01,Italy,448931100000.0,87.89966,6.0,74.48584,4.772,4.14776190476191,False,130.3387,100.4486,0.587559480174904,17.27,74.18,465.0,151.9,102.749168903335,0.548947849954384,168.495,0.6242380952380904,0,0.20560173160173,0.3391471861471804,0.27044862155387994,1,False,False,False,False,True,False,False,False,False
2007-07-01,Japan,131908275000000.0,97.12395,3.7,65.70427452712866,1.903,0.6286,False,116.0771,101.1354,-1.10712691719365,17.27,74.18,465.0,151.9,101.207270895858,-0.106989704682492,113.6821,1.2744,0,0.1339999999999999,0.268,0.10339999999999994,1,False,False,False,False,False,True,False,False,False
2007-07-01,South Korea,319355900000000.0,82.0527596981897,3.3,74.09075164794922,5.48,5.03,False,75.58334,99.86243,-1.99619585391538,17.27,74.18,465.0,151.9,100.944270117152,1.71428571428571,95.1315,0.4500000000000002,0,0.27000000000000046,0.4500000000000002,0.2599999999999998,1,False,False,False,False,False,False,True,False,False
2007-07-01,UK,481314000000.0,83.5,5.3,47.32553,5.4321,5.88018,False,109.5313,101.2116,0.494833565270425,17.27,74.18,465.0,151.9,103.27141948201,-0.699300699300764,99.50095,-0.44808000000000003,1,0.17354000000000003,0.2819799999999999,0.22408999999999946,1,False,False,False,False,False,False,False,True,False
2007-07-01,USA,16713313999999.998,87.90593,4.6,73.29654,5.1,5.33,False,100.7426,100.1968,-4.20328620557928,17.27,74.18,465.0,151.9,102.149421959582,1.04379804061876,93.54096,-0.23000000000000043,1,0.3299999999999992,0.5099999999999998,0.5300000000000002,1,False,False,False,False,False,False,False,False,True
2007-08-01,Australia,408366000000.0,81.91315999999999,4.253202,27.20906146793096,6.14977272727273,6.47,False,76.10078,102.2463,1.39158637075034,25.03,72.39,484.2,153.6,100.904558287251,66085800000.0,109.438,-0.32022727272727014,1,-0.10497727272726998,0.25005050505051063,0.2321536796536794,1,True,False,False,False,False,False,False,False,False
2007-08-01,Canada,457455750000.0,88.49091,6.0,50.65945,4.59,4.4975,False,99.376,101.342392606617,-3.47422415309904,25.03,72.39,484.2,153.6,100.747719025306,-0.460251046025117,93.57519,0.09250000000000025,0,-0.16035714285713976,0.08349999999999991,0.12668181818181967,1,False,True,False,False,False,False,False,False,False
2007-08-01,France,519988900000.0,90.49,8.1,48.65173,4.58,4.21618181818182,False,113.5502,101.7565,3.8369853683741,25.03,72.39,484.2,153.6,102.995164280274,1.88133140376268,105.8525,0.36381818181818026,0,-0.10841991341990997,0.12908133971292024,0.045681818181820155,1,False,False,True,False,False,False,False,False,False
2007-08-01,Germany,701014560000.0,89.84026,8.5,37.95065,4.505,4.21618181818182,False,98.38918,101.4138,0.0878685569924542,25.03,72.39,484.2,153.6,102.140212647031,1.23609394313977,86.60923,0.2888181818181801,0,-0.12389610389609995,0.1119760765550204,0.023863636363640417,1,False,False,False,True,False,False,False,False,False
2007-08-01,Italy,448931100000.0,88.09928000000001,6.3,59.82311,4.76,4.21618181818182,False,129.707,100.1647,-5.35613944650438,25.03,72.39,484.2,153.6,102.688718926403,0.0909918107369068,158.4853,0.54381818181818,0,-0.0804199134199104,0.1490813397129198,0.032681818181820255,1,False,False,False,False,True,False,False,False,False
2007-08-01,Japan,131908275000000.0,97.02214,3.6,86.49166781358514,1.809,0.6701,False,116.0771,100.8664,-8.66097263663145,25.03,72.39,484.2,153.6,100.996955844468,0.0021702236633336,103.5326,1.1389,0,-0.13549999999999995,0.06769999999999987,-0.07580000000000009,1,False,False,False,False,False,True,False,False,False
2007-08-01,South Korea,319355900000000.0,82.3669038267428,3.3,37.30658721923828,5.52,5.05,False,75.07049,100.1649,-1.95728289419655,25.03,72.39,484.2,153.6,101.163219999085,-1.54494382022473,90.25182,0.46999999999999975,0,0.019999999999999574,0.34999999999999964,0.34999999999999964,1,False,False,False,False,False,False,True,False,False
2007-08-01,UK,481314000000.0,83.1,5.3,30.4688,5.4084,6.02396,False,107.7409,101.2996,1.77214236772816,25.03,72.39,484.2,153.6,103.21627265569,0.117370892018798,93.69653,-0.6155599999999994,1,-0.1674799999999994,-0.010469999999998869,0.0012700000000007705,1,False,False,False,False,False,False,False,True,False
2007-08-01,USA,16713313999999.998,87.88356999999999,4.7,59.32398,5.0,5.32,False,100.7608,100.1562,-4.13508841909324,25.03,72.39,484.2,153.6,102.195273081851,-1.03187871134187,88.41669,-0.3200000000000003,1,-0.08999999999999986,0.29999999999999893,0.2400000000000002,1,False,False,False,False,False,False,False,False,True
2007-09-01,Australia,408366000000.0,81.91315999999999,4.299001,80.25346690631686,5.92590909090909,6.75,False,77.02145,102.0209,-3.02765431180428,22.2,79.93,462.3,154.2,100.929900050693,67492200000.0,115.2777,-0.8240909090909101,1,-0.50386363636364,-0.37496047430829993,-0.26334090909090957,1,True,False,False,False,False,False,False,False,False
2007-09-01,Canada,457455750000.0,88.25388000000001,6.0,60.79076,4.42863636363636,4.262,True,98.33163,101.418439992752,3.47448121144132,22.2,79.93,462.3,154.2,100.736231812866,0.070057447106664,96.61527,0.16663636363636058,0,0.07413636363636034,0.0639090909090907,0.22913636363636058,0,False,True,False,False,False,False,False,False,False
2007-09-01,France,519988900000.0,90.86,8.0,151.1453,4.39,4.54360869565217,False,113.6679,101.6194,-2.23578040271188,22.2,79.93,462.3,154.2,102.976375240557,1.13636363636365,106.8182,-0.15360869565217072,1,-0.517426877470351,-0.42224505928853073,-0.43540869565217033,1,False,False,True,False,False,False,False,False,False
2007-09-01,Germany,701014560000.0,89.74696,8.4,117.5663,4.29652173913043,4.54360869565217,False,99.06572,101.2351,2.22599090886804,22.2,79.93,462.3,154.2,102.077967669857,0.0,88.50817,-0.2470869565217404,1,-0.5359051383399205,-0.4547709392057202,-0.47788695652174074,1,False,False,False,True,False,False,False,False,False
2007-09-01,Italy,448931100000.0,88.23236,6.2,58.47852,4.584,4.54360869565217,False,128.7594,100.0704,5.74010453626923,22.2,79.93,462.3,154.2,102.597319318519,-0.363636363636755,158.5654,0.04039130434782923,0,-0.5034268774703508,-0.37824505928853114,-0.421408695652171,1,False,False,False,False,True,False,False,False,False
2007-09-01,Japan,131908275000000.0,97.53118,3.7,97.59463351107992,1.577,0.741,False,116.1858,100.6919,11.9657305051794,22.2,79.93,462.3,154.2,100.77398108569,-1.86809072028492,100.6234,0.836,0,-0.30290000000000006,-0.3044000000000001,-0.2993,1,False,False,False,False,False,True,False,False,False
2007-09-01,South Korea,319355900000000.0,82.4449127714171,3.3,80.59307098388672,5.42,5.21,False,75.92807,100.4483,8.52176912583944,22.2,79.93,462.3,154.2,101.31592579253,-0.713266761768905,93.72885,0.20999999999999996,0,-0.2599999999999998,0.03000000000000025,0.15000000000000036,1,False,False,False,False,False,False,True,False,False
2007-09-01,UK,481314000000.0,83.4,5.3,60.00445,5.1499,6.41946,False,107.2143,101.3045,-6.54173905873848,22.2,79.93,462.3,154.2,103.075413274461,0.0,96.21412,-1.2695600000000002,1,-0.6540000000000008,-0.6479400000000002,-0.5998600000000005,1,False,False,False,False,False,False,False,True,False
2007-09-01,USA,16713313999999.998,87.7224,4.6,89.10405,4.67,5.49,False,100.6064,100.1331,1.45631067961163,22.2,79.93,462.3,154.2,102.182570357592,0.207869769275026,91.48969,-0.8200000000000003,1,-0.5,-0.2600000000000007,-0.23000000000000043,1,False,False,False,False,False,False,False,False,True
2007-10-01,Australia,412970000000.0,81.91315999999999,4.213371,75.56383572043457,5.99210526315789,6.94,False,77.02145,101.6821,-0.763285580039408,19.12,86.2,462.3,154.0,100.960846397201,67492200000.0,121.6906,-0.9478947368421107,1,-0.12380382775120058,-0.7326447368421105,-0.25471291866029055,1,True,False,False,False,False,False,False,False,False
2007-10-01,Canada,459169750000.0,88.4119,6.0,75.69238,4.35631578947368,3.9975,True,98.94622,101.520501529542,-3.29006206130186,19.12,86.2,462.3,154.0,100.701006730732,1.4085690282833,99.14297,0.35881578947367965,0,0.19217942583731906,0.10595864661653964,0.48040669856459006,0,False,True,False,False,False,False,False,False,False
2007-10-01,France,522175800000.0,90.96,7.9,267.54609,4.36,4.7417,False,114.3642,101.2328,-0.226724581687378,19.12,86.2,462.3,154.0,102.886326592144,-0.842696629213513,110.7067,-0.3816999999999995,1,-0.22809130434782876,-0.8539380952380897,-0.4907909090909093,1,False,False,True,False,False,False,False,False,False
2007-10-01,Germany,704570350000.0,89.93355,8.4,186.62085,4.226,4.7417,False,99.25902,100.8923,1.95260263414589,19.12,86.2,462.3,154.0,101.987923224619,0.0,92.34847,-0.5156999999999998,1,-0.26861304347825943,-0.9284142857142799,-0.5656999999999996,1,False,False,False,True,False,False,False,False,False
2007-10-01,Italy,449677000000.0,88.23236,6.2,80.54474,4.574,4.7417,False,133.8129,100.0231,-5.9958491975217,19.12,86.2,462.3,154.0,102.502597260276,0.18248175182547,161.8597,-0.16769999999999996,1,-0.2080913043478292,-0.7919380952380903,-0.4527909090909099,1,False,False,False,False,True,False,False,False,False
2007-10-01,Japan,131193350000000.0,97.53118,3.9,86.50199340765397,1.698,0.7642,False,119.1203,100.5672,-1.84810766496674,19.12,86.2,462.3,154.0,100.580363283652,1.58343550827891,104.5118,0.9338,0,0.0978,-0.3406,-0.0726,1,False,False,False,False,False,True,False,False,False
2007-10-01,South Korea,323104600000000.0,82.9161289642468,3.3,79.57582092285156,5.52,5.34,False,78.27951,100.6325,-7.27672191530571,19.12,86.2,462.3,154.0,101.348224049781,1.14942528735633,99.69048,0.17999999999999972,0,-0.03000000000000025,-0.27000000000000046,0.17999999999999972,1,False,False,False,False,False,False,True,False,False
2007-10-01,UK,484544000000.0,83.5,5.2,128.67354,4.9928,6.64694,False,108.5835,101.3376,6.26834605511339,19.12,86.2,462.3,154.0,102.88814632798,0.351699882766687,100.0681,-1.65414,1,-0.3845799999999997,-1.20606,-0.92408,1,False,False,False,False,False,False,False,True,False
2007-10-01,USA,16809587000000.0,87.96415999999999,4.7,100.74438,4.52,5.46,False,100.7996,99.90429,2.8298017771702,19.12,86.2,462.3,154.0,102.108394058409,0.322043159110685,95.14953,-0.9400000000000004,1,-0.1200000000000001,-0.71,-0.20000000000000018,1,False,False,False,False,False,False,False,False,True
2007-11-01,Australia,412970000000.0,82.93476,4.32628,81.73914459870359,6.17434782608696,6.91,False,77.02145,101.5743,1.66586143588774,25.58,94.62,478.2,156.4,100.998290785474,67492200000.0,118.6068,-0.7356521739130404,1,0.2122425629290703,-0.41542490118577025,-0.16537439613525962,1,True,False,False,False,False,False,False,False,False
2007-11-01,Canada,459169750000.0,88.17487,6.0,72.28291,4.36272727272727,3.936,True,98.41719,101.55294522604,-3.83074120779027,25.58,94.62,478.2,156.4,100.646764933102,-1.35310523845024,95.81201,0.42672727272726974,0,0.06791148325359009,0.3342272727272695,0.4177272727272694,0,False,True,False,False,False,False,False,False,False
2007-11-01,France,522175800000.0,91.19,7.7,147.1582,4.4,4.68739130434783,False,111.736,100.7447,1.3066287933683,25.58,94.62,478.2,156.4,102.744433835938,-0.424929178470279,105.8713,-0.28739130434783,1,0.09430869565216948,-0.6512094861660103,-0.52212814645309,1,False,False,True,False,False,False,False,False,False
2007-11-01,Germany,704570350000.0,90.12013,8.3,141.72017,4.28260869565217,4.68739130434783,False,100.1289,100.5688,-3.47711360778772,25.58,94.62,478.2,156.4,101.893172459753,0.244200244200155,89.10388,-0.4047826086956601,1,0.11091739130433975,-0.6936007905138402,-0.5816247139588198,1,False,False,False,True,False,False,False,False,False
2007-11-01,Italy,449677000000.0,88.49852,6.3,38.65604,4.591,4.68739130434783,False,130.3387,100.0012,2.33595407182314,25.58,94.62,478.2,156.4,102.417449055574,-0.455373406193327,153.1247,-0.09639130434783016,1,0.0713086956521698,-0.6402094861660101,-0.49112814645309033,1,False,False,False,False,True,False,False,False,False
2007-11-01,Japan,131193350000000.0,97.73479,4.0,89.08859284747683,1.616,0.7516,False,117.3813,100.3993,2.04852802688331,25.58,94.62,478.2,156.4,100.457666465937,0.414507772020722,96.81111,0.8644000000000001,0,-0.0693999999999999,-0.27449999999999997,-0.2068000000000001,1,False,False,False,False,False,True,False,False,False
2007-11-01,South Korea,323104600000000.0,83.0721468535953,3.3,57.744136810302734,5.56,5.34,False,77.52088,100.7032,-2.59326971033984,25.58,94.62,478.2,156.4,101.243850153764,1.98863636363635,95.70628,0.21999999999999975,0,0.040000000000000036,-0.25,0.09999999999999964,1,False,False,False,False,False,False,True,False,False
2007-11-01,UK,484544000000.0,83.8,5.2,82.11964,4.9576,6.27014,False,107.2143,101.306,1.07321187773781,25.58,94.62,478.2,156.4,102.687350812341,0.233644859813142,95.91085,-1.3125399999999994,1,0.34160000000000057,-0.6969799999999999,-0.7074499999999988,1,False,False,False,False,False,False,False,True,False
2007-11-01,USA,16809587000000.0,88.15233,4.7,89.45453,4.53,5.08,False,101.0498,99.64957,0.026588673225314,25.58,94.62,478.2,156.4,102.000463107122,0.503573359866349,91.09004,-0.5499999999999998,1,0.39000000000000057,-0.22999999999999954,0.0699999999999994,1,False,False,False,False,False,False,False,False,True
2007-12-01,Australia,412970000000.0,82.93476,4.426692,87.97126383274393,6.02545454545455,7.15,False,77.13715,101.4894,1.56823236451429,21.65,91.73,439.2,157.6,101.017311359601,68445000000.0,117.0273,-1.1245454545454505,1,-0.38889328063241013,-0.3004545454545404,-0.6754150197628404,1,True,False,False,False,False,False,False,False,False
2007-12-01,Canada,459169750000.0,88.4119,6.1,82.84082,4.12142857142857,3.9625,True,97.72588,101.479171623606,-2.32093944868607,21.65,91.73,439.2,157.6,100.571637723529,0.223945357332767,95.35424,0.1589285714285702,0,-0.26779870129869954,-0.007707792207790387,0.056201298701300306,0,False,True,False,False,False,False,False,False,False
2007-12-01,France,522175800000.0,91.69,7.5,113.97407,4.23,4.63854545454545,False,114.2661,100.2457,-1.60335090038281,21.65,91.73,439.2,157.6,102.564448435256,1.13798008534851,106.4562,-0.40854545454544944,1,-0.12115415019761944,-0.2549367588932787,-0.6771818181818094,1,False,False,True,False,False,False,False,False,False
2007-12-01,Germany,704570350000.0,90.58659,8.2,88.44246,4.08909090909091,4.63854545454545,False,100.3222,100.3215,3.13018161583725,21.65,91.73,439.2,157.6,101.807912095983,-0.121802679658845,91.16476,-0.5494545454545401,1,-0.14467193675888002,-0.3023675889327997,-0.7571385281385199,1,False,False,False,True,False,False,False,False,False
2007-12-01,Italy,449677000000.0,88.83122,6.3,77.55107,4.449,4.63854545454545,False,129.0753,99.9347,1.34756935889446,21.65,91.73,439.2,157.6,102.331309573126,-0.182982616651151,152.0819,-0.18954545454545002,1,-0.09315415019761986,-0.22993675889327925,-0.6081818181818104,1,False,False,False,False,True,False,False,False,False
2007-12-01,Japan,131193350000000.0,97.63299,3.8,85.41996517962592,1.497,0.7603,False,118.903,100.1167,6.64064830827382,21.65,91.73,439.2,157.6,100.418373622986,0.100619195046447,97.12053,0.7367000000000001,0,-0.12769999999999992,-0.09929999999999983,-0.40369999999999995,1,False,False,False,False,False,True,False,False,False
2007-12-01,South Korea,323104600000000.0,83.0721468535953,3.3,91.9886245727539,5.61,5.43,False,81.74815,100.7203,5.26454802982785,21.65,91.73,439.2,157.6,100.990361937095,-0.278551532033422,94.58904,0.1800000000000006,0,-0.03999999999999915,-0.02999999999999936,8.881784197001252e-16,1,False,False,False,False,False,False,True,False,False
2007-12-01,UK,484544000000.0,84.1,5.2,134.32026,4.7263,6.40858,False,107.8462,101.1814,-2.14104445660943,21.65,91.73,439.2,157.6,102.457831378014,-0.932400932400956,97.58793,-1.6822799999999996,1,-0.3697400000000002,-0.4127199999999993,-1.0606599999999995,1,False,False,False,False,False,False,False,True,False
2007-12-01,USA,16809587000000.0,88.67591999999999,4.7,102.44111,4.15,4.97,True,100.7472,99.35554,5.09037745879886,21.65,91.73,439.2,157.6,101.879454157377,-0.255041500185049,91.88258,-0.8199999999999994,1,-0.2699999999999996,8.881784197001252e-16,-0.2599999999999998,0,False,False,False,False,False,False,False,False,True
2008-01-01,Australia,414770000000.0,82.93476,4.308385,97.6118984914514,6.20763157894737,7.29,False,77.13715,101.3282,1.0967210660275,25.82,92.95,423.0,157.6,100.98950824325,68445000000.0,107.2527,-1.0823684210526299,1,0.04217703349282065,-0.1344736842105192,-0.8671184210526297,1,True,False,False,False,False,False,False,False,False
2008-01-01,Canada,459773250000.0,88.49091,6.2,97.91313,4.01578947368421,3.8325,True,97.39107,101.38733260164,4.88343302059866,25.82,92.95,423.0,157.6,100.483495307876,1.60601066949699,92.3514,0.1832894736842099,0,0.024360902255639694,-0.17552631578946976,-0.06956766917293011,0,False,True,False,False,False,False,False,False,False
2008-01-01,France,523290000000.0,92.03,7.3,120.65788,4.35,4.84836842105263,True,112.2656,99.70327,10.6096291514739,25.82,92.95,423.0,157.6,102.342480739815,-0.281293952179995,97.47723,-0.49836842105263024,1,-0.0898229665071808,-0.11666842105263076,-0.9706065162907205,0,False,False,True,False,False,False,False,False,False
2008-01-01,Germany,709109640000.0,91.14635,8.1,116.04005,4.20588235294118,4.84836842105263,False,100.0322,100.097,2.49973281455986,25.82,92.95,423.0,157.6,101.72005183491,-1.09756097560983,83.74442,-0.6424860681114497,1,-0.09303152265690962,-0.12678606811144988,-1.0552003538257297,1,False,False,False,True,False,False,False,False,False
2008-01-01,Italy,448228000000.0,89.09738,6.7,65.23636,4.538,4.84836842105263,False,127.3908,99.75389,1.51673379863655,25.82,92.95,423.0,157.6,102.223849914019,0.0916590284141705,140.6647,-0.31036842105262963,1,-0.12082296650717961,-0.14266842105262967,-0.93460651629072,1,False,False,False,False,True,False,False,False,False
2008-01-01,Japan,131769650000000.0,97.73479,3.7,94.56218334593362,1.526,0.7642,False,117.7074,99.72733,-6.90626220394654,25.82,92.95,423.0,157.6,100.445838887798,0.516227036908412,87.50343,0.7618,0,0.0250999999999999,-0.17199999999999993,-0.5126,1,False,False,False,False,False,True,False,False,False
2008-01-01,South Korea,330073800000000.0,83.3862909821484,3.2,140.62445068359375,5.82,5.73,True,81.51194,100.6583,2.27126115768672,25.82,92.95,423.0,157.6,100.608955388337,0.139664804469297,86.48838,0.08999999999999986,0,-0.09000000000000075,-0.08999999999999986,-0.3600000000000003,0,False,False,False,False,False,False,True,False,False
2008-01-01,UK,487413000000.0,84.5,5.2,91.71973,4.6937,6.35943,False,108.0569,100.9062,-2.03994394158123,25.82,92.95,423.0,157.6,102.175328206818,0.117647058823578,91.73453,-1.66573,1,0.01654999999999962,-0.01158999999999999,-1.21765,1,False,False,False,False,False,False,False,True,False
2008-01-01,USA,16915190999999.998,88.61641999999999,5.0,108.54379,4.1,5.02,True,101.3145,99.07018,-3.84469457442822,25.82,92.95,423.0,157.6,101.750476520308,0.166423984978281,85.92138,-0.9199999999999999,1,-0.10000000000000053,0.020000000000000462,-0.6899999999999995,0,False,False,False,False,False,False,False,False,True
2008-02-01,Australia,414770000000.0,83.95635,4.220541,141.8565548685321,6.07642857142857,7.18,True,77.13715,101.0749,-0.46280869339792,25.46,95.35,439.8,163.9,100.897533974269,68445000000.0,102.6889,-1.1035714285714295,1,-0.021203007518799666,-0.36791925465838915,-0.7833441558441594,0,True,False,False,False,False,False,False,False,False
2008-02-01,Canada,459773250000.0,88.33289,6.1,112.48677,3.84818181818182,3.582,True,95.62745,101.201658815453,22.4383861655079,25.46,95.35,439.8,163.9,100.398370985519,1.62735719390825,93.07788,0.2661818181818201,0,0.08289234449761018,-0.16054545454544966,0.17368181818181982,0,False,True,False,False,False,False,False,False,False
2008-02-01,France,523290000000.0,91.92,7.2,224.44047,4.15,4.48154545454545,True,112.4715,99.3018,-11.4815379519561,25.46,95.35,439.8,163.9,102.079550490041,-0.141043723554346,92.01046,-0.3315454545454495,1,0.16682296650718076,-0.04415415019761948,-0.6953636363636297,0,False,False,True,False,False,False,False,False,False
2008-02-01,Germany,709109640000.0,90.86647,8.0,186.5391,4.02772727272727,4.48154545454545,False,100.9021,99.99822,-2.1334001935351,25.46,95.35,439.8,163.9,101.619774480694,0.246609124537622,79.16575,-0.4538181818181801,1,0.18866788629326958,-0.04903557312252005,-0.7426363636363602,1,False,False,False,True,False,False,False,False,False
2008-02-01,Italy,448228000000.0,89.49662,6.7,102.74792,4.399,4.48154545454545,False,128.233,99.53752,-6.12820750790801,25.46,95.35,439.8,163.9,102.112412656399,-0.641025641025639,133.2779,-0.08254545454544981,1,0.2278229665071798,0.01384584980238035,-0.6263636363636298,1,False,False,False,False,True,False,False,False,False
2008-02-01,Japan,131769650000000.0,97.63299,3.9,128.31675177199568,1.429,0.7527,False,118.3595,99.3818,3.2697146524113,25.46,95.35,439.8,163.9,100.511798819324,-0.104166666666716,85.50639,0.6763,0,-0.08550000000000002,-0.18810000000000004,-0.4626,1,False,False,False,False,False,True,False,False,False
2008-02-01,South Korea,330073800000000.0,83.7773898804478,3.0,135.08099365234375,5.56,5.81,True,81.11401,100.582,16.0769333650521,25.46,95.35,439.8,163.9,100.141424065617,0.976290097629007,84.0565,-0.25,1,-0.33999999999999986,-0.46999999999999975,-0.7199999999999998,0,False,False,False,False,False,False,True,False,False
2008-02-01,UK,487413000000.0,84.1,5.2,139.5479,4.4925,5.65965,False,107.5303,100.6436,3.54288693920346,25.46,95.35,439.8,163.9,101.845585611993,-0.470035252643974,89.61816,-1.1671500000000004,1,0.4985799999999996,0.14538999999999902,-0.5515900000000009,1,False,False,False,False,False,False,False,True,False
2008-02-01,USA,16915190999999.998,89.0569,5.0,144.98473,3.74,3.84,True,101.3676,98.9023,-2.40694462712081,25.46,95.35,439.8,163.9,101.625337852669,-1.23875188647918,84.64895,-0.09999999999999964,1,0.8200000000000003,0.4500000000000002,0.22000000000000064,0,False,False,False,False,False,False,False,False,True
2008-03-01,Australia,414770000000.0,83.95635,3.979032,118.64846491416246,6.29452380952381,7.69,True,78.82832,100.5153,-2.71165005207603,27.1,105.56,474.2,164.9,100.756422190316,68257700000.0,95.71703,-1.3954761904761908,1,-0.2919047619047612,-0.27093073593074024,-0.5713852813852807,0,True,False,False,False,False,False,False,False,False
2008-03-01,Canada,459773250000.0,88.64893000000001,6.1,132.20689,3.828,3.265,True,95.38846,101.068786224927,-3.79580695743101,27.1,105.56,474.2,164.9,100.34285550934,0.600486881255247,92.21645,0.5629999999999997,0,0.29681818181817965,0.4040714285714295,0.39636363636363914,0,False,True,False,False,False,False,False,False,False
2008-03-01,France,523290000000.0,92.12,7.0,144.97714,4.08,4.36209523809524,True,113.4816,98.87637,4.19569620403532,27.1,105.56,474.2,164.9,101.761957844378,0.423728813559343,88.03221,-0.2820952380952395,1,0.04945021645020997,0.12645021645020993,-0.12848654244306879,0,False,False,True,False,False,False,False,False,False
2008-03-01,Germany,709109640000.0,91.23964,7.9,127.34865,3.95285714285714,4.36209523809524,True,101.7719,99.95128,0.706151311549608,27.1,105.56,474.2,164.9,101.498402332175,0.984009840098343,74.68154,-0.4092380952380994,1,0.044580086580080724,0.1402164502164407,-0.162151138716359,0,False,False,False,True,False,False,False,False,False
2008-03-01,Italy,448228000000.0,89.69624,6.7,99.82235,4.354,4.36209523809524,False,131.0756,99.34056,0.201606847962532,27.1,105.56,474.2,164.9,102.037929081075,-0.460829493087811,124.9791,-0.008095238095239488,1,0.07445021645021033,0.18145021645021053,-0.048486542443068714,1,False,False,False,False,True,False,False,False,False
2008-03-01,Japan,131769650000000.0,97.42937,4.0,106.30764804191688,1.429,0.7584,True,119.1635,99.10415,-0.681173795749612,27.1,105.56,474.2,164.9,100.586257006068,-0.305988136549273,79.11562,0.6706000000000001,0,-0.005699999999999927,-0.06610000000000005,-0.16539999999999988,0,False,False,False,False,False,True,False,False,False
2008-03-01,South Korea,330073800000000.0,84.0925881839289,2.9,95.59580993652344,5.28,5.28,True,83.15901,100.3973,-12.1135531024574,27.1,105.56,474.2,164.9,99.6278269917781,0.690607734806625,82.09795,0.0,0,0.25,-0.1800000000000006,-0.20999999999999996,0,False,False,False,False,False,False,True,False,False
2008-03-01,UK,487413000000.0,84.6,5.2,132.74403,4.6234,5.64202,True,107.425,100.3479,-7.1512078919362,27.1,105.56,474.2,164.9,101.456455405033,0.826446280991733,85.81046,-1.0186199999999994,1,0.14853000000000094,0.6636600000000001,0.25094000000000083,0,False,False,False,False,False,False,False,True,False
2008-03-01,USA,16915190999999.998,89.31554,4.9,108.10469,3.74,3.06,True,101.2483,98.74091,-2.38544474393531,27.1,105.56,474.2,164.9,101.494022780017,-0.168096521670547,82.16946,0.6800000000000002,0,0.7799999999999998,1.4999999999999996,1.5000000000000004,0,False,False,False,False,False,False,False,False,True
2008-04-01,Australia,419059000000.0,83.95635,4.057049,115.1673369495968,6.08552631578947,7.9,True,78.82832,99.71082,0.984515389027107,21.56,112.57,504.8,167.7,100.60394877128,68257700000.0,100.6797,-1.8144736842105305,1,-0.4189974937343397,-0.7321052631579006,-0.8665789473684198,0,True,False,False,False,False,False,False,False,False
2008-04-01,Canada,460118250000.0,88.96497,6.2,104.61991,3.509,2.185,True,95.54075,100.93180197599,-4.80157436584713,21.56,112.57,504.8,167.7,100.310792960369,-0.852333835233465,96.87679,1.3239999999999998,0,0.7610000000000001,1.14071052631579,0.9651842105263202,0,False,True,False,False,False,False,False,False,False
2008-04-01,France,525874800000.00006,92.81,7.1,191.32722,4.02,4.59636842105263,True,114.4818,98.63094,-0.557496850541805,21.56,112.57,504.8,167.7,101.417657342663,-0.140646976090053,93.04339,-0.5763684210526305,1,-0.294273182957391,-0.07800000000000029,-0.19466842105263105,0,False,False,True,False,False,False,False,False,False
2008-04-01,Germany,713648920000.0,91.7061,7.8,91.62521,3.79947368421053,4.59636842105263,True,101.3853,99.9007,-3.41323346587474,21.56,112.57,504.8,167.7,101.334960732354,0.974421437271689,77.65237,-0.7968947368421002,1,-0.3876566416040008,-0.1544086687306505,-0.2811947368421004,0,False,False,False,True,False,False,False,False,False
2008-04-01,Italy,453499300000.0,90.16203,6.4,99.05816,4.377,4.59636842105263,True,130.3387,99.27484,-11.6243074949099,21.56,112.57,504.8,167.7,101.969621929194,0.185185185184933,130.7159,-0.21936842105263032,1,-0.21127318295739084,0.0909999999999993,-0.051668421052630364,0,False,False,False,False,True,False,False,False,False
2008-04-01,Japan,132219075000000.02,97.8366,3.8,151.5473299148805,1.245,0.7464,True,119.4714,98.83541,2.30887447347536,21.56,112.57,504.8,167.7,100.657826911075,-0.821970234486324,83.61765,0.49860000000000015,0,-0.17199999999999993,-0.2631999999999999,-0.4351999999999998,0,False,False,False,False,False,True,False,False,False
2008-04-01,South Korea,331402000000000.0,84.8768943303837,3.0,87.94452667236328,5.36,5.25,True,82.3408,100.1049,8.87839508042731,21.56,112.57,504.8,167.7,99.1192879443839,-1.23456790123458,88.28483,0.11000000000000032,0,0.11000000000000032,0.020000000000000462,-0.0699999999999994,0,False,False,False,False,False,False,True,False,False
2008-04-01,UK,489783000000.0,84.9,5.3,217.76997,4.445,5.89929,True,108.7941,99.90131,7.64025660664955,21.56,112.57,504.8,167.7,100.99596863026,2.34192037470722,90.88325,-1.4542899999999994,1,-0.43567,0.21144000000000052,0.19985000000000053,0,False,False,False,False,False,False,False,True,False
2008-04-01,USA,16843003000000.0,90.08974,5.1,111.71236,3.51,2.79,True,100.8786,98.35253,0.566063785724191,21.56,112.57,504.8,167.7,101.344297137821,-1.11328047864778,85.92222,0.7199999999999998,0,0.03999999999999959,1.6399999999999997,1.6600000000000001,0,False,False,False,False,False,False,False,False,True
2008-05-01,Australia,419059000000.0,85.07082,4.265496,88.42574355753536,6.17047619047619,7.84,True,78.82832,99.00521,-0.660672030288689,18.3,125.39,518.5,166.1,100.47156217148,68257700000.0,105.0428,-1.6695238095238096,1,0.14494987468672083,-0.5659523809523801,-0.9338716356107692,0,True,False,False,False,False,False,False,False,False
2008-05-01,Canada,460118250000.0,89.67605999999999,6.2,102.56183,3.62863636363636,2.404,True,94.67605,100.610260255454,-2.13316423589084,18.3,125.39,518.5,166.1,100.273423834727,0.227796610169451,102.0274,1.22463636363636,0,-0.09936363636363987,0.9584545454545399,0.7979090909090902,0,False,True,False,False,False,False,False,False,False
2008-05-01,France,525874800000.00006,93.12,7.3,120.2012,4.27,4.7835,True,113.2168,98.37574,1.71740737980729,18.3,125.39,518.5,166.1,101.045604721942,-1.12676056338029,95.62424,-0.5135000000000005,1,0.06286842105263002,-0.18195454545455103,-0.2261086956521705,0,False,False,True,False,False,False,False,False,False
2008-05-01,Germany,713648920000.0,91.51952,7.7,78.17948,4.04,4.7835,True,101.2887,99.87547,5.42179870188657,18.3,125.39,518.5,166.1,101.100130700017,-1.93003618817854,79.98895,-0.7435,1,0.053394736842100166,-0.28968181818181993,-0.33871739130434,0,False,False,False,True,False,False,False,False,False
2008-05-01,Italy,453499300000.0,90.36165,6.8,72.35314,4.532,4.7835,True,130.9704,99.29877,8.89787481403088,18.3,125.39,518.5,166.1,101.87299759601,-1.38632162661724,132.8156,-0.25150000000000006,1,-0.03213157894736973,-0.16895454545455024,-0.1551086956521699,0,False,False,False,False,True,False,False,False,False
2008-05-01,Japan,132219075000000.02,97.73479,3.9,104.23772602749123,1.6,0.6985,True,118.2398,98.51923,0.735132878927702,18.3,125.39,518.5,166.1,100.705593650933,0.411906343227941,88.58059,0.9015000000000001,0,0.4028999999999999,0.22520000000000007,0.03710000000000002,0,False,False,False,False,False,True,False,False,False
2008-05-01,South Korea,331402000000000.0,85.3481105232134,3.1,74.09506225585938,5.17,5.38,True,83.49737,99.71951,0.215100777825161,18.3,125.39,518.5,166.1,98.64793547593,1.25000000000002,91.72656,-0.20999999999999996,1,-0.3200000000000003,0.040000000000000036,-0.4299999999999997,0,False,False,False,False,False,False,True,False,False
2008-05-01,UK,489783000000.0,85.6,5.2,115.20672,4.6432,5.91881,True,105.7399,99.25809,-0.738440140285046,18.3,125.39,518.5,166.1,100.451039382783,-2.74599542334094,93.77007,-1.2756099999999995,1,0.17867999999999995,-0.10845999999999911,0.03692999999999991,0,False,False,False,False,False,False,False,True,False
2008-05-01,USA,16843003000000.0,90.63612,5.0,102.1969,3.68,2.85,True,100.5499,97.88428,0.576606260296542,18.3,125.39,518.5,166.1,101.178078821043,-0.243484864651,88.26169,0.8300000000000001,0,0.11000000000000032,0.9299999999999997,1.38,0,False,False,False,False,False,False,False,False,True
2008-06-01,Australia,419059000000.0,85.07082,4.2663,140.97519105006785,6.355,7.75,True,79.57272,98.60944,-1.53594023934793,22.11,133.93,510.4,164.2,100.360901589059,67904800000.0,98.50012,-1.3949999999999996,1,0.27452380952381006,0.00047619047619118504,-0.27045454545454906,0,True,False,False,False,False,False,False,False,False
2008-06-01,Canada,460118250000.0,90.54517,6.2,82.21619,3.62142857142857,2.65,True,95.67992,100.050430972422,3.5079307484968,22.11,133.93,510.4,164.2,100.203726355577,0.584431396953344,102.6479,0.9714285714285702,0,-0.2532077922077898,0.4084285714285705,0.8125,0,False,True,False,False,False,False,False,False,False
2008-06-01,France,525874800000.00006,93.62,7.3,73.11942,4.41,4.85738095238095,True,115.5998,98.0103,1.76167263095605,22.11,133.93,510.4,164.2,100.636362116526,0.28490028490038,88.99633,-0.44738095238095,1,0.06611904761905052,-0.16528571428571048,-0.038835497835500554,0,False,False,True,False,False,False,False,False,False
2008-06-01,Germany,713648920000.0,92.07927,7.5,53.69578,4.20190476190476,4.85738095238095,True,101.8686,99.80901,-10.8097922314735,22.11,133.93,510.4,164.2,100.772645060386,0.246002460024619,75.89803,-0.6554761904761905,1,0.0880238095238095,-0.24623809523809115,-0.10602164502165046,0,False,False,False,True,False,False,False,False,False
2008-06-01,Italy,453499300000.0,90.82743,6.8,67.74436,4.703,4.85738095238095,True,132.0232,99.44596,-4.88925987697182,22.11,133.93,510.4,164.2,101.71430652291,1.03092783505194,123.1704,-0.15438095238094984,1,0.09711904761905021,-0.14628571428571036,0.03516450216450018,0,False,False,False,False,True,False,False,False,False
2008-06-01,Japan,132219075000000.02,98.54925,4.0,93.74218521738939,1.778,0.6969,True,117.7266,98.09614,-8.29937681882983,22.11,133.93,510.4,164.2,100.718637500793,-0.515034364261246,89.0054,1.0811000000000002,0,0.1796000000000001,0.4105000000000001,0.34440000000000004,0,False,False,False,False,False,True,False,False,False
2008-06-01,South Korea,331402000000000.0,86.0522993751378,3.1,89.21492767333984,5.5,5.36,True,83.73038,99.23589,-4.62459609443147,22.11,133.93,510.4,164.2,98.2210276875188,0.411522633744865,87.59469,0.13999999999999968,0,0.34999999999999964,0.13999999999999968,-0.040000000000000924,0,False,False,False,False,False,False,True,False,False
2008-06-01,UK,489783000000.0,86.1,5.4,120.26248,4.8683,5.82639,True,107.3196,98.33733,-3.65496945152347,22.11,133.93,510.4,164.2,99.7899633453595,-0.823529411764701,87.6187,-0.9580900000000003,1,0.31751999999999914,0.060529999999999085,0.7241899999999992,0,False,False,False,False,False,False,False,True,False
2008-06-01,USA,16843003000000.0,91.39935,5.4,94.28405,3.88,2.66,True,99.86288,97.35648,8.6131586131589,22.11,133.93,510.4,164.2,100.970893908762,0.239768394145701,84.26327,1.2199999999999998,0,0.3899999999999997,0.5399999999999996,2.039999999999999,0,False,False,False,False,False,False,False,False,True
2008-07-01,Australia,420297000000.0,85.07082,4.243532,102.86253222106888,6.58675,7.81,True,79.57272,98.42121,-0.0135475130635387,24.32,133.44,496.9,164.8,100.23831151006,67904800000.0,90.59787,-1.2232499999999993,1,0.1717500000000003,0.5912236842105312,-0.1408815789473694,0,True,False,False,False,False,False,False,False,False
2008-07-01,Canada,461794750000.0,91.17725,6.1,76.64591,3.76,2.6125,True,95.40329,99.3070481894735,0.364319248826184,24.32,133.44,496.9,164.8,100.058456623307,-0.244788164088694,95.26191,1.1475,0,0.17607142857142977,-0.17649999999999988,0.9642105263157901,0,False,True,False,False,False,False,False,False,False
2008-07-01,France,522747900000.0,93.96,7.4,108.19529,4.73,4.94052380952381,True,110.2258,97.56743,-4.42817506687119,24.32,133.44,496.9,164.8,100.166355510265,0.852272727272663,81.34651,-0.21052380952381,1,0.23685714285714,0.36584461152882053,0.28784461152882024,0,False,False,True,False,False,False,False,False,False
2008-07-01,Germany,711984540000.0,92.26585,7.4,114.42537,4.52047619047619,4.94052380952381,True,99.54897,99.54525,4.92861735988814,24.32,133.44,496.9,164.8,100.336653657484,-0.245398773006145,70.8663,-0.42004761904762056,1,0.23542857142857,0.37684711779447966,0.22243844906382915,0,False,False,False,True,False,False,False,False,False
2008-07-01,Italy,448970100000.0,91.22667,6.9,73.36587,5.106,4.94052380952381,True,127.3908,99.52973,-5.822482258934,24.32,133.44,496.9,164.8,101.438287985906,-0.463821892393579,112.2948,0.16547619047618944,0,0.3198571428571393,0.38484461152881977,0.4758446115288191,0,False,False,False,False,True,False,False,False,False
2008-07-01,Japan,131463450000000.02,99.05828,4.0,96.07689874273333,1.601,0.7278,True,118.3424,97.65507,-1.24703469599914,24.32,133.44,496.9,164.8,100.653286071449,-0.517814889749979,83.06715,0.8732,0,-0.2079000000000002,0.3745999999999998,0.11139999999999994,0,False,False,False,False,False,True,False,False,False
2008-07-01,South Korea,333136800000000.0,86.6015245126418,3.2,125.87109375,5.89,5.36,True,82.4472,98.55626,-6.34827114145086,24.32,133.44,496.9,164.8,97.8365113889252,-1.22950819672133,78.04315,0.5299999999999994,0,0.3899999999999997,0.41999999999999904,0.4399999999999995,0,False,False,False,False,False,False,True,False,False
2008-07-01,UK,487386000000.0,86.6,5.5,134.12222,5.2103,5.92944,True,106.4771,97.38904,-3.28967484048611,24.32,133.44,496.9,164.8,99.0055758433168,3.32147093712929,81.5069,-0.7191399999999994,1,0.23895000000000088,0.73515,0.9465900000000005,0,False,False,False,False,False,False,False,True,False
2008-07-01,USA,16943291000000.002,92.32038,5.6,94.55676,4.1,2.76,True,99.25781,96.97754,-2.82769888148783,24.32,133.44,496.9,164.8,100.689781892367,-0.239802859302729,78.95065,1.3399999999999999,0,0.1200000000000001,0.6200000000000001,2.26,0,False,False,False,False,False,False,False,False,True
2008-08-01,Australia,420297000000.0,85.99953000000001,4.250284,113.39269802961465,6.36652173913044,7.75,True,79.57272,98.19904,-2.05562975436938,20.7,116.61,510.1,168.6,100.078213756598,67904800000.0,90.48679,-1.38347826086956,1,-0.16022826086956066,0.2860455486542497,-0.2799068322981304,0,True,False,False,False,False,False,False,False,False
2008-08-01,Canada,461794750000.0,91.49329,6.2,70.8819,3.75045454545455,2.368,True,96.08775,98.7331422800494,-6.08487388668515,20.7,116.61,510.1,168.6,99.7923395674429,-0.0188760651494868,93.24463,1.38245454545455,0,0.23495454545455008,0.15781818181819007,1.11627272727273,0,False,True,False,False,False,False,False,False,False
2008-08-01,France,522747900000.0,93.76,7.5,87.52264,4.69,4.961,True,109.8531,97.20904,4.16978125452701,20.7,116.61,510.1,168.6,99.6303402452607,-0.422535211267516,83.69379,-0.2709999999999999,1,-0.060476190476189906,0.2425000000000006,0.06054545454544957,0,False,False,True,False,False,False,False,False,False
2008-08-01,Germany,711984540000.0,92.82561,7.3,85.72582,4.4904347826087,4.961,True,100.6121,99.15482,-2.53457837995371,20.7,116.61,510.1,168.6,99.7655566406224,-0.615006150061537,71.6066,-0.4705652173913002,1,-0.05051759834367964,0.27293478260869986,-0.016747035573120073,0,False,False,False,True,False,False,False,False,False
2008-08-01,Italy,448970100000.0,91.69245,6.6,61.35956,5.095,4.961,True,128.7594,99.24036,4.48129784104885,20.7,116.61,510.1,168.6,101.0319251463,-0.652376514445463,113.0218,0.13399999999999945,0,-0.03147619047618999,0.3854999999999995,0.21654545454544927,0,False,False,False,False,True,False,False,False,False
2008-08-01,Japan,131463450000000.02,99.2619,3.9,103.29586323430128,1.537,0.7392,True,115.1606,97.28018,0.0626164248795025,20.7,116.61,510.1,168.6,100.474362574552,-0.513874614594056,80.39069,0.7978,0,-0.07540000000000002,-0.10370000000000013,0.12149999999999994,0,False,False,False,False,False,True,False,False,False
2008-08-01,South Korea,333136800000000.0,87.229812769748,3.2,126.50362396240234,6.03,5.52,True,81.74283,97.92932,1.83032157210126,20.7,116.61,510.1,168.6,97.4884143539213,-3.73443983402491,76.53162,0.5100000000000007,0,-0.019999999999998685,0.7200000000000006,0.7600000000000007,0,False,False,False,False,False,False,True,False,False
2008-08-01,UK,487386000000.0,86.6,5.7,123.12396,5.0494,5.8322,True,106.0558,96.50443,-4.87078403431491,20.7,116.61,510.1,168.6,98.1217715977071,-3.67393800229622,82.90771,-0.7827999999999999,1,-0.0636600000000005,0.4928099999999995,0.3843500000000004,0,False,False,False,False,False,False,False,True,False
2008-08-01,USA,16943291000000.002,92.80516,5.8,109.78898,4.01,2.79,True,98.99324,96.85837,-9.16968442835009,20.7,116.61,510.1,168.6,100.297004577875,-0.615467512925538,78.31818,1.2199999999999998,0,-0.1200000000000001,0.3899999999999997,1.3199999999999994,0,False,False,False,False,False,False,False,False,True
2008-09-01,Australia,420297000000.0,85.99953000000001,4.015367,134.68154803933007,5.8625,7.31,True,79.96807,98.08292,-6.05126380901546,30.24,103.9,479.5,165.0,99.8756312107738,67830399999.99999,89.12305,-1.4474999999999998,1,-0.06402173913043985,-0.05250000000000021,-0.05202380952380903,0,True,False,False,False,False,False,False,False,False
2008-09-01,Canada,461794750000.0,91.33527,6.2,100.20487,3.5915,2.47,True,97.60953,98.6058803556319,-2.73881627882213,30.24,103.9,479.5,165.0,99.3778237922104,-0.353318769048094,87.24745,1.1214999999999997,0,-0.2609545454545503,0.15007142857142952,0.5585,0,False,True,False,False,False,False,False,False,False
2008-09-01,France,522747900000.0,93.73,7.5,107.71618,4.4,4.96519047619048,True,110.6867,97.16733,-1.11030143905302,30.24,103.9,479.5,165.0,99.0329578421994,-0.56577086280063,80.19182,-0.5651904761904794,1,-0.29419047619047944,-0.11780952380952936,-0.28309523809523984,0,False,False,True,False,False,False,False,False,False
2008-09-01,Germany,711984540000.0,92.54573,7.1,86.25925,4.20238095238095,4.96519047619048,True,99.06572,98.75691,1.3948600697808,30.24,103.9,479.5,165.0,99.0588069190677,0.0,68.08054,-0.7628095238095298,1,-0.2922443064182296,-0.10733333333333928,-0.3535714285714304,0,False,False,False,True,False,False,False,False,False
2008-09-01,Italy,448970100000.0,91.82553,6.8,58.86369,4.814,4.96519047619048,True,124.6535,98.93009,-5.84580519950518,30.24,103.9,479.5,165.0,100.502135533929,-0.18761726078772,108.9274,-0.15119047619047965,1,-0.2851904761904791,0.003190476190470193,-0.14309523809524016,0,False,False,False,False,True,False,False,False,False
2008-09-01,Japan,131463450000000.02,99.56732,4.1,108.03440314394618,1.431,0.7457,True,115.1606,96.99793,-7.52449628436699,30.24,103.9,479.5,165.0,100.163352482856,-0.308328693023607,75.19182,0.6853,0,-0.11249999999999993,-0.39580000000000015,0.014699999999999935,0,False,False,False,False,False,True,False,False,False
2008-09-01,South Korea,333136800000000.0,87.0727407054714,3.3,110.48114013671876,5.91,5.77,True,81.29063,97.62396,-8.36299282527502,30.24,103.9,479.5,165.0,97.1941918183305,2.44252873563218,71.9965,0.14000000000000057,0,-0.3700000000000001,8.881784197001252e-16,0.14000000000000057,0,False,False,False,False,False,False,True,False,False
2008-09-01,UK,487386000000.0,87.1,5.9,125.45571,4.7267,5.76619,True,106.8984,95.93453,-7.1387900678424,30.24,103.9,479.5,165.0,97.2018153174234,0.119189511323037,79.33064,-1.0394899999999998,1,-0.25668999999999986,-0.08139999999999947,-0.020870000000000388,0,False,False,False,False,False,False,False,True,False
2008-09-01,USA,16943291000000.002,92.43472,6.1,95.87075,3.89,2.79,True,98.55341,97.06129,-1.83682187099525,30.24,103.9,479.5,165.0,99.7606349677897,-1.24334297357466,74.07194,1.1,0,-0.11999999999999966,-0.11999999999999966,0.41999999999999993,0,False,False,False,False,False,False,False,False,True
2008-10-01,Australia,423223000000.0,85.99953000000001,4.289248,206.11801086498437,5.64590909090909,7.27,True,79.96807,98.2625,-0.582679484213555,61.18,76.65,451.9,162.3,99.6300068804232,67830399999.99999,76.62215,-1.62409090909091,1,-0.17659090909091013,-0.40084090909091064,0.19038277511962054,0,True,False,False,False,False,False,False,False,False
2008-10-01,Canada,465589500000.0,91.41428,6.3,184.16751,3.54095238095238,2.1175,True,96.46905,98.6735413629602,1.14576789664869,61.18,76.65,451.9,162.3,98.8014719252894,-0.292318518919377,67.9493,1.42345238095238,0,0.3019523809523803,0.27595238095238006,0.09945238095238018,0,False,True,False,False,False,False,False,False,False
2008-10-01,France,522087200000.00006,93.67,7.5,206.84397,4.36,5.01918181818182,True,109.2549,97.33755,-3.53086766980732,61.18,76.65,451.9,162.3,98.3800152209279,1.13798008534851,65.51549,-0.6591818181818194,1,-0.09399134199134007,-0.4486580086580094,-0.08281339712918889,0,False,False,True,False,False,False,False,False,False
2008-10-01,Germany,707369580000.0,92.45244,7.0,155.91175,4.09409090909091,5.01918181818182,True,100.6121,98.5255,-4.18046104180833,61.18,76.65,451.9,162.3,98.2318430991446,0.990099009901035,53.88569,-0.9250909090909101,1,-0.16228138528138025,-0.5050432900432895,-0.12819617224880986,0,False,False,False,True,False,False,False,False,False
2008-10-01,Italy,443404600000.0,91.55937,6.8,97.26407,4.804,5.01918181818182,True,121.9161,99.11511,6.08053071422359,61.18,76.65,451.9,162.3,99.8526304328292,-0.375939849624463,86.82642,-0.21518181818181947,1,-0.06399134199133982,-0.3806580086580089,0.004186602870810852,0,False,False,False,False,True,False,False,False,False
2008-10-01,Japan,129841275000000.0,99.56732,4.0,144.3982372648891,1.481,0.7337,True,110.9524,96.82265,0.842302539205853,61.18,76.65,451.9,162.3,99.7213857851499,-0.3067484662577,58.68178,0.7473000000000001,0,0.062000000000000055,-0.1258999999999999,0.24869999999999992,0,False,False,False,False,False,True,False,False,False
2008-10-01,South Korea,335854800000000.0,87.1518038250737,3.2,261.6299133300781,5.99,5.79,True,81.23318,97.94966,-10.4342788099485,61.18,76.65,451.9,162.3,96.9589349711068,0.56100981767182,60.22141,0.20000000000000018,0,0.05999999999999961,-0.3299999999999992,0.08999999999999986,0,False,False,False,False,False,False,True,False,False
2008-10-01,UK,479872000000.0,87.5,6.0,185.33564,4.5701,5.9106,True,106.1611,95.94217,-3.25021429095381,61.18,76.65,451.9,162.3,96.3240232174968,0.357142857142834,64.93079,-1.3404999999999996,1,-0.3010099999999998,-0.6213600000000001,0.11378999999999984,0,False,False,False,False,False,False,False,True,False
2008-10-01,USA,16854294999999.998,92.30688,6.1,187.7403,3.69,3.59,True,96.99058,97.31839,-7.38323179576456,61.18,76.65,451.9,162.3,99.0638440942956,-0.465973313872547,57.41563,0.10000000000000009,0,-1.0,-1.2399999999999998,-0.6199999999999997,0,False,False,False,False,False,False,False,False,True
2008-11-01,Australia,423223000000.0,85.99953000000001,4.290205,290.9918181074954,5.21522727272727,6.03,True,79.96807,98.42837,-2.14337099572576,62.67,57.44,376.9,163.9,99.3291792583443,67830399999.99999,68.9859,-0.8147727272727305,1,0.8093181818181794,0.5687055335968294,0.8547510822510791,0,True,False,False,False,False,False,False,False,False
2008-11-01,Canada,465589500000.0,90.46616,6.4,360.29564,3.66818181818182,1.556,True,95.51252,98.524408788312,-7.42050901235388,62.67,57.44,376.9,163.9,98.0899168259453,0.456050817090947,63.07032,2.11218181818182,0,0.6887294372294401,0.7297272727272701,0.8875454545454602,0,False,True,False,False,False,False,False,False,False
2008-11-01,France,522087200000.00006,93.62,7.6,272.48976,4.18,5.11308695652174,True,108.745,97.47813,-5.32192795251259,62.67,57.44,376.9,163.9,97.6768858423223,0.281293952180017,61.7864,-0.9330869565217403,1,-0.2739051383399209,-0.6620869565217404,-0.41958695652173983,0,False,False,True,False,False,False,False,False,False
2008-11-01,Germany,707369580000.0,92.26585,7.0,256.07178,3.88347826086957,5.11308695652174,True,98.67912,98.4147,-1.92608625101294,62.67,57.44,376.9,163.9,97.3106821821295,1.59313725490196,50.31721,-1.22960869565217,1,-0.30451778656125983,-0.7590434782608697,-0.48610869565216985,0,False,False,False,True,False,False,False,False,False
2008-11-01,Italy,443404600000.0,91.55937,7.0,133.04827,4.78,5.11308695652174,True,120.9686,99.5098,-6.47544061607169,62.67,57.44,376.9,163.9,99.0920654012153,0.188679245282741,82.70533,-0.3330869565217398,1,-0.11790513833992033,-0.46708695652173926,-0.08158695652173975,0,False,False,False,False,True,False,False,False,False
2008-11-01,Japan,129841275000000.0,99.46552,3.8,239.05623327940987,1.486,0.7899,True,112.3894,96.73692,-3.42495455760395,62.67,57.44,376.9,163.9,99.1589222378185,0.414078674948226,55.15506,0.6960999999999999,0,-0.051200000000000134,-0.10170000000000001,-0.20540000000000014,0,False,False,False,False,False,True,False,False,False
2008-11-01,South Korea,335854800000000.0,87.0727407054714,3.3,209.3003845214844,5.53,6.03,True,80.05959,97.84586,8.6386632490356,62.67,57.44,376.9,163.9,96.7789897996393,-2.09205020920502,53.39811,-0.5,1,-0.7000000000000002,-1.0100000000000007,-0.29000000000000004,0,False,False,False,False,False,False,True,False,False
2008-11-01,UK,479872000000.0,87.3,6.2,251.48634,4.5789,6.13304,True,105.7399,96.11249,-4.0122622059913,62.67,57.44,376.9,163.9,95.5215528892672,-0.237247924080719,64.0498,-1.5541400000000003,1,-0.21364000000000072,-0.7713400000000004,-0.27853000000000083,0,False,False,False,False,False,False,False,True,False
2008-11-01,USA,16854294999999.998,91.37446,6.5,189.91729,3.81,4.32,True,92.7422,97.39437,-10.8222396241189,62.67,57.44,376.9,163.9,98.2199814934826,-2.14599668536141,51.77961,-0.5100000000000002,1,-0.6100000000000003,-1.73,-1.3400000000000003,0,False,False,False,False,False,False,False,False,True
2008-12-01,Australia,423223000000.0,85.99953000000001,4.462749,186.36182939543193,4.94075,4.76,True,78.018,98.36809,-4.25306493113357,52.41,41.02,300.0,161.9,98.9874379736002,68678500000.0,65.30637,0.18075000000000063,0,0.9955227272727312,1.6282500000000004,1.5757500000000002,0,True,False,False,False,False,False,False,False,False
2008-12-01,Canada,465589500000.0,90.15012,6.7,267.13576,3.57157894736842,1.7825,True,95.13464,97.8815558187644,-11.382694803775,52.41,41.02,300.0,161.9,97.322903668861,-0.321569475220174,58.98987,1.7890789473684199,0,-0.3231028708134003,0.6675789473684202,0.8176503759398497,0,False,True,False,False,False,False,False,False,False
2008-12-01,France,522087200000.00006,93.18,7.8,170.81039,3.98,4.2383,True,106.7445,97.48927,-2.26087170738616,52.41,41.02,300.0,161.9,96.9635039914417,-1.12201963534363,59.87777,-0.25829999999999975,1,0.6747869565217406,0.3068904761904796,0.18908095238095024,0,False,False,True,False,False,False,False,False,False
2008-12-01,Germany,707369580000.0,91.79939,7.0,188.75669,3.5565,4.2383,True,96.64948,98.21732,0.308729249349504,52.41,41.02,300.0,161.9,96.363955432531,-1.32689987937272,48.95422,-0.6817999999999995,1,0.5478086956521704,0.0810095238095303,-0.026323809523808972,0,False,False,False,True,False,False,False,False,False
2008-12-01,Italy,443404600000.0,91.22667,7.1,86.02644,4.743,4.2383,True,118.4418,99.71052,-7.01006667277583,52.41,41.02,300.0,161.9,98.2386497262926,-1.3182674199623,77.1216,0.5047000000000006,0,0.8377869565217404,0.6558904761904802,0.6590809523809504,0,False,False,False,False,True,False,False,False,False
2008-12-01,Japan,129841275000000.0,98.54925,4.0,131.12163474116926,1.377,0.7884,True,109.926,96.56494,-6.19506116072054,52.41,41.02,300.0,161.9,98.5052950864503,-0.413637370870146,53.48485,0.5886,0,-0.10749999999999993,-0.09670000000000001,-0.49250000000000016,0,False,False,False,False,False,True,False,False,False
2008-12-01,South Korea,335854800000000.0,86.8376596965206,3.4,207.47946166992188,5.73,5.62,True,80.74586,97.11548,-14.076174162296,52.41,41.02,300.0,161.9,96.6944380527311,-1.42450142450142,55.48492,0.11000000000000032,0,0.6100000000000003,-0.03000000000000025,-0.02999999999999936,0,False,False,False,False,False,False,True,False,False
2008-12-01,UK,479872000000.0,87.3,6.4,201.98157,4.2571,4.44684,True,105.6345,96.15131,-19.1609867238738,52.41,41.02,300.0,161.9,94.8360389896823,-0.475624256837004,64.68772,-0.18973999999999958,1,1.3644000000000007,0.8497500000000002,0.7683500000000008,0,False,False,False,False,False,False,False,True,False
2008-12-01,USA,16854294999999.998,89.62437,6.8,148.84257,3.53,2.36,True,93.67062,97.04175,-10.0456621004568,52.41,41.02,300.0,161.9,97.291771847101,-3.10271932725042,51.73662,1.17,0,1.6800000000000002,0.06999999999999984,-0.04999999999999982,0,False,False,False,False,False,False,False,False,True
2009-01-01,Australia,421464000000.0,85.99953000000001,4.570088,185.85479717107867,4.21571428571429,4.39,True,78.018,98.46513,2.23341312497209,44.68,41.74,271.8,162.5,98.6308206694393,68678500000.0,65.27052,-0.17428571428570994,1,-0.35503571428571057,1.4498051948052,1.0489642857142893,0,True,False,False,False,False,False,False,False,False
2009-01-01,Canada,460187250000.0,89.51804,7.0,268.98605,2.94571428571429,1.05,True,93.35932,97.2729942844398,-5.18728194325546,44.68,41.74,271.8,162.5,96.6130761670715,-2.29077994957566,62.0204,1.8957142857142901,0,0.10663533834587025,0.4722619047619101,0.7482142857142902,0,False,True,False,False,False,False,False,False,False
2009-01-01,France,514219100000.0,92.95,8.0,217.35977,3.54,3.29261904761905,True,101.4391,97.56278,-9.47006931316952,44.68,41.74,271.8,162.5,96.3257644843958,0.992907801418519,58.65347,0.24738095238094981,0,0.5056809523809496,0.9065627705627692,0.4579047619047598,0,False,False,True,False,False,False,False,False,False
2009-01-01,Germany,696097030000.0,92.17256,7.1,192.48844,3.04789473684211,3.29261904761905,True,92.3969,98.00227,-0.628369549660845,44.68,41.74,271.8,162.5,95.5016145465338,0.855745721271339,48.43948,-0.24472431077694035,1,0.43707568922305917,0.6803665983139697,0.1753233082706802,0,False,False,False,True,False,False,False,False,False
2009-01-01,Italy,431568800000.0,91.09359,6.8,74.72348,4.469,3.29261904761905,True,114.3358,99.61538,10.205473183002,44.68,41.74,271.8,162.5,97.3889043103229,1.33587786259539,76.62593,1.17638095238095,0,0.6716809523809495,1.3915627705627696,1.0109047619047606,0,False,False,False,False,True,False,False,False,False
2009-01-01,Japan,126626350000000.0,98.14202,4.4,147.19022220985866,1.214,0.7486,True,102.844,96.3602,-6.57466845228589,44.68,41.74,271.8,162.5,97.8196489929138,1.13893289941331,53.17285,0.4653999999999999,0,-0.12320000000000009,-0.28190000000000015,-0.40780000000000005,0,False,False,False,False,False,True,False,False,False
2009-01-01,South Korea,324825700000000.0,86.8376596965206,3.4,165.2947540283203,4.87,4.68,True,71.8455,96.36597,9.16934815882846,44.68,41.74,271.8,162.5,96.7922388686357,-1.01156069364162,57.14016,0.1900000000000004,0,0.08000000000000007,-0.009999999999999787,-0.33999999999999897,0,False,False,False,False,False,False,True,False,False
2009-01-01,UK,469694000000.0,87.1,6.5,111.97688,3.6238,3.17247,True,101.2112,96.0674,19.5541748147291,44.68,41.74,271.8,162.5,94.3333100207735,0.358422939068093,65.03269,0.45133,0,0.6410699999999996,1.7918299999999996,1.1704699999999995,0,False,False,False,False,False,False,False,True,False
2009-01-01,USA,16485349999999.998,88.69743000000001,7.3,145.9947,2.42,1.77,True,92.45463,96.78537,0.527137836782554,44.68,41.74,271.8,162.5,96.4027368341337,-2.19863564643811,51.37847,0.6499999999999999,0,-0.52,0.5499999999999998,-0.69,0,False,False,False,False,False,False,False,False,True
2009-02-01,Australia,421464000000.0,85.90666,4.907716,101.05723616013485,4.08575,3.74,True,78.018,98.65118,-0.68918292063338,45.57,39.16,263.4,165.0,98.3165434638034,68678500000.0,62.66246,0.3457499999999998,0,0.5200357142857097,1.1605227272727303,1.7292282608695597,0,True,False,False,False,False,False,False,False,False
2009-02-01,Canada,460187250000.0,89.28101,7.5,250.743,2.81238095238095,0.8025,True,90.39704,96.8925006310827,5.32180795667543,45.57,39.16,263.4,165.0,96.0616591667641,-2.91049331335679,58.92724,2.00988095238095,0,0.11416666666665987,-0.10230086580087017,0.6274264069264,0,False,True,False,False,False,False,False,False,False
2009-02-01,France,514219100000.0,92.57,8.3,216.79994,3.6,2.45652380952381,True,100.076,97.51089,14.0828698902353,45.57,39.16,263.4,165.0,95.8327467511292,0.280898876404478,55.14827,1.14347619047619,0,0.8960952380952403,2.0765631469979304,1.41447619047619,0,False,False,True,False,False,False,False,False,False
2009-02-01,Germany,696097030000.0,91.7061,7.1,174.72274,3.07095238095238,2.45652380952381,True,89.01418,97.73553,0.896017269447946,45.57,39.16,263.4,165.0,94.8354054122133,-0.242424242424266,45.3067,0.61442857142857,0,0.8591528822055103,1.84403726708074,1.0849937888198702,0,False,False,False,True,False,False,False,False,False
2009-02-01,Italy,431568800000.0,90.96051,7.3,123.00105,4.621,2.45652380952381,True,109.2823,99.49508,-17.5162724168075,45.57,39.16,263.4,165.0,96.6880937970149,-1.12994350282417,70.6682,2.1644761904761904,0,0.9880952380952404,2.4975631469979303,2.030476190476191,0,False,False,False,False,True,False,False,False,False
2009-02-01,Japan,126626350000000.0,97.63299,4.3,129.4414845698506,1.272,0.6107,True,94.53023,96.16579,-1.4574869627429,45.57,39.16,263.4,165.0,97.1770187024618,-0.519637669654582,49.18136,0.6613,0,0.19590000000000007,-0.03479999999999994,-0.13649999999999995,0,False,False,False,False,False,True,False,False,False
2009-02-01,South Korea,324825700000000.0,86.9167228161229,3.3,201.63446044921875,4.42,3.22,True,64.11023,95.96455,-7.65690488892302,45.57,39.16,263.4,165.0,97.1319769266433,0.0,56.67029,1.1999999999999997,0,1.0099999999999993,1.6999999999999997,0.6899999999999991,0,False,False,False,False,False,False,True,False,False
2009-02-01,UK,469694000000.0,86.6,6.7,158.64222,3.6699,2.34276,True,101.3165,95.80627,-4.54186279487171,45.57,39.16,263.4,165.0,94.0525366351494,0.833333333333308,61.77861,1.32714,0,0.87581,2.8812800000000003,2.10994,0,False,False,False,False,False,False,False,True,False
2009-02-01,USA,16485349999999.998,89.08348000000001,7.8,171.94621,2.52,1.02,True,89.83678,96.77791,-11.2060594290153,45.57,39.16,263.4,165.0,95.6544301987501,-1.98695538604683,47.38305,1.5,0,0.8500000000000001,2.0100000000000002,0.28000000000000025,0,False,False,False,False,False,False,False,False,True
2009-03-01,Australia,421464000000.0,85.90666,5.302371,196.28431977177183,4.253,3.16,True,77.63539,98.64146,-2.44444938722023,44.8,47.98,259.6,167.4,98.094186573411,69359000000.0,61.71457,1.093,0,0.7472500000000002,0.9122499999999993,2.5404999999999998,0,True,False,False,False,False,False,False,False,False
2009-03-01,Canada,460187250000.0,89.91309,8.1,193.66957,2.96052631578947,0.7275,True,88.65282,96.8230784001085,-0.299943966511951,44.8,47.98,259.6,167.4,95.753927611182,1.90895321921545,57.98178,2.23302631578947,0,0.22314536340851987,0.44394736842105,1.1115263157894701,0,False,True,False,False,False,False,False,False,False
2009-03-01,France,514219100000.0,92.92,8.6,163.95768,3.68,1.94305,True,96.35931,97.43201,-1.70343615775087,44.8,47.98,259.6,167.4,95.5431909462465,0.700280112044815,51.5998,1.7369500000000002,0,0.5934738095238101,1.99525,2.3021404761904796,0,False,False,True,False,False,False,False,False,False
2009-03-01,Germany,696097030000.0,92.26585,7.2,121.99933,3.1275,1.94305,True,82.82861,97.57207,42.0426485441024,44.8,47.98,259.6,167.4,94.4455616308579,-3.03766707168893,42.06982,1.18445,0,0.57002142857143,1.8662499999999995,1.9472595238095298,0,False,False,False,True,False,False,False,False,False
2009-03-01,Italy,431568800000.0,91.16013,7.4,122.50938,4.536,1.94305,True,105.3869,99.46358,12.9664360697695,44.8,47.98,259.6,167.4,96.2151467043025,-0.285714285714822,61.30338,2.5929499999999996,0,0.4284738095238092,2.088249999999999,2.7441404761904793,0,False,False,False,False,True,False,False,False,False
2009-03-01,Japan,126626350000000.0,97.32757,4.6,168.31114545125706,1.277,0.5993,True,86.93496,96.10934,-1.98287360281869,44.8,47.98,259.6,167.4,96.6580819683622,-0.318050509294476,48.79136,0.6776999999999999,0,0.01639999999999986,0.08909999999999985,-0.007600000000000162,0,False,False,False,False,False,True,False,False,False
2009-03-01,South Korea,324825700000000.0,87.5439568983011,3.3,157.92991638183594,5.24,2.7,True,65.30297,96.1072,18.3254165955228,44.8,47.98,259.6,167.4,97.7113096102003,1.89781021897808,56.70509,2.54,0,1.3400000000000003,2.4299999999999997,2.3999999999999995,0,False,False,False,False,False,False,True,False,False
2009-03-01,UK,469694000000.0,87.2,7.1,153.16464,3.6899,2.09038,True,98.89416,95.53555,2.74115759003659,44.8,47.98,259.6,167.4,93.9875861683345,0.236127508854733,57.01818,1.59952,0,0.27238000000000007,1.7892599999999996,2.63901,0,False,False,False,False,False,False,False,True,False
2009-03-01,USA,16485349999999.998,89.52649,8.3,187.11403,2.87,1.16,True,87.6095,96.78511,-2.31846019247586,44.8,47.98,259.6,167.4,95.1113441714934,1.35390560434236,44.39098,1.7100000000000002,0,0.2100000000000002,0.5400000000000003,0.6100000000000001,0,False,False,False,False,False,False,False,False,True
2009-04-01,Australia,425570000000.0,85.90666,5.711222,118.31622131856759,4.32772727272727,3.16,True,77.63539,98.52431,-4.98860009119884,38.06,49.79,261.0,168.1,97.9864674501738,69359000000.0,67.55709,1.1677272727272703,0,0.07472727272727031,1.3420129870129802,2.79181818181818,0,True,False,False,False,False,False,False,False,False
2009-04-01,Canada,449802750000.0,90.07111,8.4,166.9875,2.88590909090909,0.4075,True,87.57422,96.8964355143619,-0.0396720444317822,38.06,49.79,261.0,168.1,95.7123630249444,-0.451473598609164,64.32034,2.47840909090909,0,0.24538277511962026,0.5826948051948,1.05495670995671,0,False,True,False,False,False,False,False,False,False
2009-04-01,France,505366400000.0,93.09,8.9,125.64456,3.65,1.63545454545455,True,95.02562,97.36661,6.24906897065396,38.06,49.79,261.0,168.1,95.4719139702075,-1.80806675938805,57.11496,2.01454545454545,0,0.27759545454545,1.7671645021645004,2.6737272727272696,0,False,False,True,False,False,False,False,False,False
2009-04-01,Germany,663490000000.0,92.07927,7.3,144.33311,3.01954545454545,1.63545454545455,True,80.12242,97.46934,-1.68123538312569,38.06,49.79,261.0,168.1,94.3430696884664,-0.375939849624074,47.93052,1.3840909090909002,0,0.19964090909090015,1.6288152198678405,2.30918181818181,0,False,False,False,True,False,False,False,False,False
2009-04-01,Italy,421027300000.0,91.22667,7.7,122.76371,4.458,1.63545454545455,True,101.2809,99.4898,7.57412911634947,38.06,49.79,261.0,168.1,95.9795808257423,0.573065902578929,72.51613,2.82254545454545,0,0.22959545454545038,1.6461645021645,3.0377272727272695,0,False,False,False,False,True,False,False,False,False
2009-04-01,Japan,120515550000000.0,97.63299,4.8,128.51614741887903,1.323,0.4734,True,79.64761,96.26816,-1.09875756147261,38.06,49.79,261.0,168.1,96.3402408964124,-1.05890772957498,53.61248,0.8495999999999999,0,0.17190000000000005,0.3842,0.10229999999999984,0,False,False,False,False,False,True,False,False,False
2009-04-01,South Korea,325118000000000.0,88.1711909804793,3.6,120.70480346679688,4.97,2.45,False,71.089,96.51,-6.15692059221852,38.06,49.79,261.0,168.1,98.4786180043559,2.57879656160458,65.73704,2.5199999999999996,0,-0.020000000000000462,2.329999999999999,2.3199999999999994,0,False,False,False,False,False,False,True,False,False
2009-04-01,UK,460105000000.0,87.3,7.3,141.81594,3.2497,1.83139,True,98.89416,95.75497,-2.85389351135554,38.06,49.79,261.0,168.1,94.1735288052425,-1.64899882214369,61.27018,1.4183099999999997,0,-0.18121000000000032,0.9669799999999997,2.7588099999999995,0,False,False,False,False,False,False,False,True,False
2009-04-01,USA,16298262000000.0,89.74419,8.7,166.90338,2.82,1.07,True,87.07432,96.7591,7.4787281683834,38.06,49.79,261.0,168.1,94.8111938009284,-0.560127879680417,50.01416,1.7499999999999998,0,0.03999999999999959,1.0999999999999999,1.6499999999999997,0,False,False,False,False,False,False,False,False,True
2009-05-01,Australia,425570000000.0,86.37103,5.513117,90.13869281599668,4.512,3.1,True,77.63539,98.54926,1.02946822806678,31.98,59.16,298.1,167.6,97.9974084834671,69359000000.0,69.62041,1.4119999999999995,0,0.2442727272727292,1.0662499999999997,2.22677272727273,0,True,False,False,False,False,False,False,False,False
2009-05-01,Canada,449802750000.0,89.9921,8.4,136.46244,2.95428571428571,0.324,True,85.79862,97.1550565252642,1.85044318031484,31.98,59.16,298.1,167.6,95.9309652219592,0.329577464788566,69.86866,2.6302857142857103,0,0.15187662337662022,0.6204047619047603,0.5181038961038902,0,False,True,False,False,False,False,False,False,False
2009-05-01,France,505366400000.0,93.24,9.1,126.07745,3.66,1.4223,True,93.29967,97.48164,1.53989952097207,31.98,59.16,298.1,167.6,95.6246351446205,-0.283286118980153,61.6219,2.2377000000000002,0,0.22315454545455005,1.0942238095238102,3.1707869565217406,0,False,False,True,False,False,False,False,False,False
2009-05-01,Germany,663490000000.0,92.17256,7.4,120.31098,3.133,1.4223,True,80.21907,97.42757,2.24509013110399,31.98,59.16,298.1,167.6,94.5261347993327,0.0,50.52928,1.7107,0,0.32660909090909995,1.0962714285714301,2.94030869565217,0,False,False,False,True,False,False,False,False,False
2009-05-01,Italy,421027300000.0,91.42629,7.5,108.54858,4.356,1.4223,True,97.38551,99.53767,2.7534838377911,31.98,59.16,298.1,167.6,95.9903725442574,-0.379867046533156,81.06705,2.9337,0,0.11115454545454995,0.7692238095238095,3.26678695652174,0,False,False,False,False,True,False,False,False,False
2009-05-01,Japan,120515550000000.0,97.73479,5.0,119.80966275268128,1.402,0.3585,False,80.36609,96.69819,7.58369384164925,31.98,59.16,298.1,167.6,96.2572346579694,0.21912277441265,56.55453,1.0434999999999999,0,0.19389999999999996,0.3821999999999999,0.34739999999999993,0,False,False,False,False,False,True,False,False,False
2009-05-01,South Korea,325118000000000.0,88.4052178145021,3.7,111.49276733398438,4.9,2.42,False,73.78092,97.27242,-6.2671625518025,31.98,59.16,298.1,167.6,99.3058730362839,-1.25698324022345,69.55517,2.4800000000000004,0,-0.03999999999999915,1.2800000000000007,2.9800000000000004,0,False,False,False,False,False,False,True,False,False
2009-05-01,UK,460105000000.0,87.5,7.6,147.29514,3.4072,1.53413,True,98.15692,96.3582,7.62137520989263,31.98,59.16,298.1,167.6,94.6179453390967,0.598802395209641,66.49567,1.87307,0,0.4547600000000003,0.54593,3.4272100000000005,0,False,False,False,False,False,False,False,True,False
2009-05-01,USA,16298262000000.0,89.96823,9.0,131.85612,2.93,0.89,True,85.7244,96.96084,-3.25000000000013,31.98,59.16,298.1,167.6,94.7716354164259,-1.60825995654017,54.52264,2.04,0,0.29000000000000026,0.54,2.5500000000000003,0,False,False,False,False,False,False,False,False,True
2009-06-01,Australia,425570000000.0,86.37103,5.811966,130.03639105945484,5.00428571428571,3.13,True,78.03307,98.80106,3.82176195339778,29.14,69.68,309.2,168.1,98.1111352479822,70636900000.0,71.69096,1.8742857142857101,0,0.46228571428571064,0.7812857142857101,1.6935357142857095,0,True,False,False,False,False,False,False,False,False
2009-06-01,Canada,449802750000.0,90.62418,8.7,120.57724,3.202,0.18,True,84.18415,97.5976224146675,0.0422139598313942,29.14,69.68,309.2,168.1,96.3797673973416,0.693489064210873,72.33577,3.022,0,0.39171428571428946,0.7889736842105299,1.23292105263158,0,False,True,False,False,False,False,False,False,False
2009-06-01,France,505366400000.0,93.38,9.2,117.11368,3.8,1.2817,True,93.26044,97.87199,20.3772955309062,29.14,69.68,309.2,168.1,95.9735942622728,1.13636363636365,61.73479,2.5183,0,0.28059999999999974,0.7813499999999998,2.7765999999999997,0,False,False,True,False,False,False,False,False,False
2009-06-01,Germany,663490000000.0,92.07927,7.5,112.80203,3.371,1.2817,True,77.80283,97.55405,3.73211343456423,29.14,69.68,309.2,168.1,94.9702442601896,2.26415094339627,50.80304,2.0892999999999997,0,0.3785999999999996,0.9048499999999997,2.7710999999999992,0,False,False,False,True,False,False,False,False,False
2009-06-01,Italy,421027300000.0,91.62591,7.5,131.96498,4.415,1.2817,False,98.0172,99.73002,-2.519917610527,29.14,69.68,309.2,168.1,96.2389535387989,0.285986653955717,80.30696,3.1333,0,0.19960000000000022,0.5403500000000006,2.6285999999999996,0,False,False,False,False,True,False,False,False,False
2009-06-01,Japan,120515550000000.0,97.53118,5.1,118.44323178129413,1.481,0.3359,False,83.8558,97.33012,6.4448204033541,29.14,69.68,309.2,168.1,96.3870745757409,-0.316259731068658,59.40634,1.1451000000000002,0,0.10160000000000036,0.46740000000000037,0.5565000000000002,0,False,False,False,False,False,True,False,False,False
2009-06-01,South Korea,325118000000000.0,88.4052178145021,3.9,143.11721801757812,5.05,2.41,False,76.25259,98.71124,66.5148444619694,29.14,69.68,309.2,168.1,100.110726355429,0.282885431400293,69.37368,2.6399999999999997,0,0.15999999999999925,0.09999999999999964,2.5299999999999994,0,False,False,False,False,False,False,True,False,False
2009-06-01,UK,460105000000.0,87.9,7.8,148.2398,3.6206,1.35795,True,99.52607,97.01779,-3.18602717612916,29.14,69.68,309.2,168.1,95.307772005918,0.833333333333308,65.94963,2.26265,0,0.3895799999999998,0.6631299999999998,2.4523899999999994,0,False,False,False,False,False,False,False,True,False
2009-06-01,USA,16298262000000.0,90.22813,9.4,138.80585,3.29,0.57,False,85.03934,97.40855,6.89061154177457,29.14,69.68,309.2,168.1,94.9822529253647,0.162098394420584,56.05994,2.72,0,0.6800000000000002,1.01,1.5500000000000003,0,False,False,False,False,False,False,False,False,True
2009-07-01,Australia,428390000000.0,86.37103,5.861532,75.507000038413,5.55666666666667,3.25,True,78.03307,99.17466,3.01532830015994,26.16,64.09,321.1,169.4,98.3188051521712,70636900000.0,72.18725,2.30666666666667,0,0.4323809523809601,1.1389393939394,2.48095238095238,0,True,False,False,False,False,False,False,False,False
2009-07-01,Canada,444950750000.0,90.94022,8.8,91.76109,3.45909090909091,0.225,True,83.43752,98.0940617059491,-3.15172760764061,26.16,64.09,321.1,169.4,96.9863134521681,0.365268793218965,71.80637,3.23409090909091,0,0.21209090909091,0.7556818181818197,1.3383766233766197,0,False,True,False,False,False,False,False,False,False
2009-07-01,France,505454100000.0,93.5,9.2,111.88032,3.9,1.22790909090909,False,94.37839,98.20781,-11.0540779506297,26.16,64.09,321.1,169.4,96.4501832076083,-0.421348314606762,61.24561,2.67209090909091,0,0.15379090909090998,0.6575454545454598,2.42470995670996,0,False,False,True,False,False,False,False,False,False
2009-07-01,Germany,664549140000.0,92.35915,7.5,136.32083,3.47363636363636,1.22790909090909,False,81.18557,97.79756,-3.05327419692455,26.16,64.09,321.1,169.4,95.6203762701665,-2.70602706027058,51.02667,2.24572727272727,0,0.15642727272727042,0.86163636363637,2.4904515835042105,0,False,False,False,True,False,False,False,False,False
2009-07-01,Italy,418491000000.0,91.69245,7.8,73.35579,4.606,1.22790909090909,False,99.59642,99.94776,8.84837217833445,26.16,64.09,321.1,169.4,96.6795870612149,0.0950570342204138,79.06593,3.37809090909091,0,0.24479090909090973,0.5555454545454599,2.20170995670996,0,False,False,False,False,True,False,False,False,False
2009-07-01,Japan,122896550000000.0,97.32757,5.2,120.3256020089656,1.363,0.3173,False,86.93496,98.00591,1.82067672017119,26.16,64.09,321.1,169.4,96.6717726154186,0.95500377559623,58.18091,1.0457,0,-0.09940000000000015,0.19610000000000016,0.5803000000000001,0,False,False,False,False,False,True,False,False,False
2009-07-01,South Korea,329451100000000.0,88.3272088698278,3.9,174.22911071777344,5.26,2.41,False,76.82077,100.0803,8.3895726401888,26.16,64.09,321.1,169.4,100.828105681422,3.52609308885754,72.59515,2.8499999999999996,0,0.20999999999999996,0.33000000000000007,2.6599999999999993,0,False,False,False,False,False,False,True,False,False
2009-07-01,UK,458599000000.0,88.1,7.9,157.72883,3.7221,1.24117,True,98.05161,97.53914,6.86424504268575,26.16,64.09,321.1,169.4,96.1789334955036,-0.354191263282144,66.33266,2.48093,0,0.21828000000000003,1.0626200000000001,2.0296,0,False,False,False,False,False,False,False,True,False
2009-07-01,USA,16269145000000.0,91.00317,9.5,130.93348,3.72,0.39,False,84.20995,97.79377,3.98871877518128,26.16,64.09,321.1,169.4,95.374084133072,1.10121744951566,56.34072,3.33,0,0.6099999999999999,1.5800000000000003,2.68,0,False,False,False,False,False,False,False,False,True
2009-08-01,Australia,428390000000.0,87.02113,5.672615,78.22362962604996,5.48782608695652,3.14,True,78.03307,99.89902,2.10535666696303,25.34,71.06,323.2,167.9,98.6018383761667,70636900000.0,79.63965,2.34782608695652,0,0.04115942028984998,0.9358260869565207,2.0020760869565204,0,True,False,False,False,False,False,False,False,False
2009-08-01,Canada,444950750000.0,90.62418,8.8,91.27557,3.42909090909091,0.234,False,83.07533,98.494204789789,6.27733556765784,25.34,71.06,323.2,167.9,97.6917083983476,0.105570218085815,75.42292,3.19509090909091,0,-0.0389999999999997,0.5648051948051998,1.18520995670996,0,False,True,False,False,False,False,False,False,False
2009-08-01,France,505454100000.0,93.08,9.1,108.0083,3.73,0.974956521739131,False,95.61401,98.453,0.737751603924641,25.34,71.06,323.2,167.9,97.0037515460281,1.69252468265157,67.56683,2.755043478260869,0,0.08295256916995886,0.5173434782608686,1.6115672877846787,0,False,False,True,False,False,False,False,False,False
2009-08-01,Germany,664549140000.0,92.35915,7.6,79.35402,3.33782608695652,0.974956521739131,False,82.53866,98.16766,-6.06017637006189,25.34,71.06,323.2,167.9,96.3978742715187,-1.64348925410872,55.71909,2.362869565217389,0,0.11714229249011865,0.6521695652173887,1.7484409937888188,0,False,False,False,True,False,False,False,False,False
2009-08-01,Italy,418491000000.0,91.69245,7.9,97.1195,4.373,0.974956521739131,False,98.85945,100.1805,3.52055292885129,25.34,71.06,323.2,167.9,97.2449103900219,0.0949667616332972,86.79935,3.398043478260869,0,0.019952569169959133,0.4643434782608691,1.2335672877846786,0,False,False,False,False,True,False,False,False,False
2009-08-01,Japan,122896550000000.0,97.02214,5.5,137.16495102984805,1.386,0.3138,False,88.3719,98.58769,12.4129462694649,25.34,71.06,323.2,167.9,97.0430283910344,-0.108247582102439,61.95646,1.0721999999999998,0,0.026499999999999746,0.028699999999999948,0.4108999999999998,0,False,False,False,False,False,True,False,False,False
2009-08-01,South Korea,329451100000000.0,88.641352998381,3.8,206.6637115478516,5.18,2.41,False,79.76273,101.0017,-25.9690500414992,25.34,71.06,323.2,167.9,101.439303054118,-0.136239782016367,78.45634,2.7699999999999996,0,-0.08000000000000007,0.28999999999999915,1.5699999999999998,0,False,False,False,False,False,False,True,False,False
2009-08-01,UK,458599000000.0,88.0,7.9,113.38625,3.8238,1.00113,False,98.5782,98.05721,17.198968870861,25.34,71.06,323.2,167.9,97.1717248742763,0.710900473933607,72.22261,2.8226699999999996,0,0.3417399999999997,0.9495999999999996,1.4955299999999996,0,False,False,False,False,False,False,False,True,False
2009-08-01,USA,16269145000000.0,90.85889,9.5,126.28215,3.56,0.35,False,83.9534,97.95326,20.9608678806662,25.34,71.06,323.2,167.9,95.8757831335988,0.631585508238053,61.60015,3.21,0,-0.1200000000000001,1.17,1.71,0,False,False,False,False,False,False,False,False,True
2009-09-01,Australia,428390000000.0,87.02113,5.714844,125.64798291635203,5.53325,3.3,True,79.2472,100.7203,-0.550287106316516,24.93,69.46,373.2,168.6,98.9371764615607,70066600000.0,83.81728,2.23325,0,-0.11457608695652022,0.35896428571428984,1.14025,0,True,False,False,False,False,False,False,False,False
2009-09-01,Canada,444950750000.0,90.62418,8.7,96.65852,3.4645,0.23,False,83.16716,98.8562369708712,0.736349158796479,24.93,69.46,373.2,168.6,98.432582221932,0.258096744650649,78.41676,3.2345,0,0.03940909090909006,0.21250000000000036,1.0014736842105303,0,False,True,False,False,False,False,False,False,False
2009-09-01,France,505454100000.0,93.56,9.2,98.04609,3.59,0.860476190476191,False,95.25117,98.58228,-1.06838632593516,24.93,69.46,373.2,168.6,97.595184172698,-1.38696255201108,71.49778,2.729523809523809,0,-0.02551966873706002,0.21122380952380881,0.9925738095238086,0,False,False,True,False,False,False,False,False,False
2009-09-01,Germany,664549140000.0,92.54573,7.5,122.87916,3.3052380952381,0.860476190476191,False,81.57217,98.66412,0.65039783858496,24.93,69.46,373.2,168.6,97.2175028644403,2.05655526992279,58.02095,2.444761904761909,0,0.08189233954452035,0.3554619047619094,1.2603119047619091,0,False,False,False,True,False,False,False,False,False
2009-09-01,Italy,418491000000.0,91.95861,7.9,57.65992,4.116,0.860476190476191,False,101.1756,100.4446,-4.50757604012019,24.93,69.46,373.2,168.6,97.8489447815881,0.0948766603414031,91.76489,3.2555238095238086,0,-0.14251966873706046,0.1222238095238084,0.662573809523809,0,False,False,False,False,True,False,False,False,False
2009-09-01,Japan,122896550000000.0,97.32757,5.4,147.86132497907013,1.314,0.2545,False,89.39829,99.05057,-1.27726336691812,24.93,69.46,373.2,168.6,97.4465409788882,0.527326729151545,60.42355,1.0595,0,-0.012699999999999712,-0.08560000000000012,0.38180000000000025,0,False,False,False,False,False,True,False,False,False
2009-09-01,South Korea,329451100000000.0,88.9554971269341,3.8,103.18768310546876,5.44,2.48,False,81.80667,101.6646,-6.29006537448893,24.93,69.46,373.2,168.6,101.943823293173,-2.18281036834924,82.51064,2.9600000000000004,0,0.19000000000000083,0.32000000000000073,0.4200000000000004,0,False,False,False,False,False,False,True,False,False
2009-09-01,UK,458599000000.0,88.3,7.8,95.39431,3.7142,0.77369,False,99.52607,98.51521,-1.88344732613681,24.93,69.46,373.2,168.6,98.2171257642122,0.823529411764712,76.31963,2.9405099999999997,0,0.11784000000000017,0.6778599999999999,1.3409899999999997,0,False,False,False,False,False,False,False,True,False
2009-09-01,USA,16269145000000.0,91.06267,9.6,152.55009,3.59,0.3,False,84.95617,97.90809,31.4061499039075,24.93,69.46,373.2,168.6,96.4245655163778,0.500908597483751,63.97417,3.29,0,0.08000000000000007,0.5699999999999998,1.5799999999999998,0,False,False,False,False,False,False,False,False,True
2009-10-01,Australia,429860000000.0,87.02113,5.662012,79.19646108982059,5.32363636363636,3.37,True,79.2472,101.3965,1.94650394768554,24.25,75.82,376.8,169.1,99.2958114537419,70066600000.0,86.37919,1.9536363636363596,0,-0.27961363636364034,-0.3530303030303106,0.7859090909090893,0,True,False,False,False,False,False,False,False,False
2009-10-01,Canada,446940750000.0,90.62418,8.5,93.41319,3.36571428571429,0.22,False,82.91876,99.2655332774158,0.871838216878951,24.25,75.82,376.8,169.1,99.1387892894499,0.39030061451597,78.79231,3.14571428571429,0,-0.08878571428571025,-0.08837662337661989,0.6673051948051998,0,False,True,False,False,False,False,False,False,False
2009-10-01,France,505873100000.0,93.33,9.3,118.88256,3.59,0.772090909090909,False,96.7908,98.70562,4.91168668722636,24.25,75.82,376.8,169.1,98.2041928368589,0.0,72.6264,2.8179090909090907,0,0.0883852813852819,0.14581818181818074,0.8033636363636405,0,False,False,True,False,False,False,False,False,False
2009-10-01,Germany,668256220000.0,92.26585,7.5,59.58785,3.26318181818182,0.772090909090909,False,82.73196,99.17582,-9.63244961701598,24.25,75.82,376.8,169.1,97.9998808156888,-1.00755667506294,59.17189,2.491090909090911,0,0.046329004329001666,0.24536363636364067,1.1070000000000106,0,False,False,False,True,False,False,False,False,False
2009-10-01,Italy,420836600000.0,91.759,8.3,117.37453,4.088,0.772090909090909,False,98.96473,100.7133,2.11102998745059,24.25,75.82,376.8,169.1,98.4385728673742,-0.663507109004724,94.57217,3.315909090909091,0,0.06038528138528232,-0.062181818181819004,0.4933636363636409,0,False,False,False,False,True,False,False,False,False
2009-10-01,Japan,122857450000000.0,97.32757,5.4,122.94770901919873,1.258,0.2332,False,90.73259,99.33977,4.54118838786863,24.25,75.82,376.8,169.1,97.8439275016205,0.318451617468773,57.70776,1.0248,0,-0.034700000000000175,-0.02090000000000014,0.17520000000000002,1,False,False,False,False,False,True,False,False,False
2009-10-01,South Korea,339310500000000.0,89.0345602465364,3.7,128.3226318359375,5.38,2.64,False,82.31313,102.2445,27.5267750688314,24.25,75.82,376.8,169.1,102.33087588555,0.418410041841,81.1085,2.7399999999999998,0,-0.22000000000000064,-0.10999999999999988,0.2200000000000002,0,False,False,False,False,False,False,True,False,False
2009-10-01,UK,458875000000.0,88.3,7.9,111.03582,3.6566,0.6056,False,97.52502,99.00284,-1.22083426725386,24.25,75.82,376.8,169.1,99.2253271834269,-0.116686114352416,78.26147,3.051,0,0.11049000000000042,0.5700700000000003,1.6326900000000004,0,False,False,False,False,False,False,False,True,False
2009-10-01,USA,16326281000000.0,91.11962,9.8,145.44437,3.4,0.25,False,85.90511,97.95174,-38.9884216940888,24.25,75.82,376.8,169.1,96.9790597392945,1.96880841054681,65.43233,3.15,0,-0.14000000000000012,-0.18000000000000016,1.4000000000000001,0,False,False,False,False,False,False,False,False,True
2009-11-01,Australia,429860000000.0,87.76411,5.623711,78.03509648980783,5.4502380952381,3.78,True,79.2472,101.8728,0.911762812948469,23.79,78.08,377.3,173.3,99.6431406365524,70066600000.0,85.05152,1.6702380952381,0,-0.28339826839825966,-0.6775879917184202,0.2582380952381005,0,True,False,False,False,False,False,False,False,False
2009-11-01,Canada,446940750000.0,90.54517,8.6,110.39066,3.4252380952381,0.215,False,84.34158,99.5254830133674,2.58825354953869,23.79,78.08,377.3,173.3,99.7601278221085,1.36211983345735,79.58658,3.2102380952381,0,0.0645238095238101,0.015147186147189906,0.5799523809523897,0,False,True,False,False,False,False,False,False,False
2009-11-01,France,505873100000.0,93.42,9.5,124.04782,3.56,0.7375,False,97.31055,99.1237,4.71513880751956,23.79,78.08,377.3,173.3,98.7972759330668,0.562587904360012,71.7636,2.8225,0,0.00459090909090909,0.06745652173913097,0.5847999999999995,0,False,False,True,False,False,False,False,False,False
2009-11-01,Germany,668256220000.0,92.26585,7.4,84.36805,3.20909090909091,0.7375,False,86.01804,99.56067,4.89758627505033,23.79,78.08,377.3,173.3,98.6841973879236,1.14503816793889,58.65136,2.47159090909091,0,-0.01950000000000074,0.10872134387352128,0.76089090909091,0,False,False,False,True,False,False,False,False,False
2009-11-01,Italy,420836600000.0,91.82553,8.3,88.23627,4.101,0.7375,False,101.9126,100.9783,5.27356236765582,23.79,78.08,377.3,173.3,99.0037233661021,0.477099236641476,91.44614,3.3635,0,0.04759090909090924,-0.0345434782608689,0.4298000000000002,0,False,False,False,False,True,False,False,False,False
2009-11-01,Japan,122857450000000.0,96.92033,5.2,112.60241078992561,1.404,0.2446,False,93.50384,99.48415,6.93682420946504,23.79,78.08,377.3,173.3,98.2242849874279,1.47058823529407,55.15119,1.1594,0,0.13460000000000005,0.08720000000000017,0.11590000000000011,1,False,False,False,False,False,True,False,False,False
2009-11-01,South Korea,339310500000000.0,88.7984250626575,3.6,115.09178924560548,5.45,2.79,False,85.8754,102.5799,-0.971552854306279,23.79,78.08,377.3,173.3,102.58267496391,2.91666666666668,78.7328,2.66,0,-0.07999999999999963,-0.10999999999999943,0.17999999999999972,0,False,False,False,False,False,False,True,False,False
2009-11-01,UK,458875000000.0,88.4,7.8,142.22838,3.5699,0.57087,False,97.52502,99.67613,11.5811511341114,23.79,78.08,377.3,173.3,100.12081412813,-0.116822429906571,79.49123,2.9990300000000003,0,-0.05196999999999985,0.17636000000000074,1.1259600000000003,0,False,False,False,False,False,False,False,True,False
2009-11-01,USA,16326281000000.0,91.20738,10.0,138.13055,3.39,0.24,False,86.64024,98.1294,7.99041150619242,23.79,78.08,377.3,173.3,97.5080245047368,-2.94830553538267,66.3718,3.1500000000000004,0,4.440892098500626e-16,-0.05999999999999961,1.1100000000000003,0,False,False,False,False,False,False,False,False,True
2009-12-01,Australia,429860000000.0,87.76411,5.558409,99.87322924775796,5.46666666666667,3.95,True,81.50938,102.0494,0.503847952719605,21.24,74.3,389.6,174.2,99.9542874316596,70945000000.0,85.88583,1.5166666666666702,0,-0.1535714285714298,-0.7165833333333298,-0.35761904761903995,0,True,False,False,False,False,False,False,False,False
2009-12-01,Canada,446940750000.0,91.01923,8.6,127.59269,3.3925,0.215,False,84.34615,99.5712482928702,-7.71557787424615,21.24,74.3,389.6,174.2,100.276405949736,0.0734474034983057,80.86483,3.1775,0,-0.032738095238099785,-0.05699999999999994,0.15550000000000042,0,False,True,False,False,False,False,False,False,False
2009-12-01,France,505873100000.0,93.55,9.6,213.29011,3.56,0.716190476190476,False,96.68293,99.57101,10.2693842295631,21.24,74.3,389.6,174.2,99.3074923537942,0.559440559440616,73.43678,2.843809523809524,0,0.021309523809524222,0.11428571428571521,0.325509523809524,0,False,False,True,False,False,False,False,False,False
2009-12-01,Germany,668256220000.0,92.17256,7.2,106.57058,3.21714285714286,0.716190476190476,False,84.375,99.72952,-10.6607619041752,21.24,74.3,389.6,174.2,99.2487880401668,0.251572327044025,60.76237,2.500952380952384,0,0.029361471861474087,0.056190476190475014,0.41165238095238443,0,False,False,False,True,False,False,False,False,False
2009-12-01,Italy,420836600000.0,91.82553,8.4,113.50383,4.057,0.716190476190476,False,103.7024,101.2528,-0.141482597922815,21.24,74.3,389.6,174.2,99.496457390464,-0.379867046533156,91.65276,3.3408095238095243,0,-0.022690476190475817,0.08528571428571574,0.20750952380952414,0,False,False,False,False,True,False,False,False,False
2009-12-01,Japan,122857450000000.0,96.71672,5.2,114.25501630150455,1.253,0.2272,False,96.0698,99.52654,10.8889510872358,21.24,74.3,389.6,174.2,98.5716460966121,0.524122692555329,57.62783,1.0257999999999998,0,-0.13360000000000016,-0.033700000000000285,-0.1193000000000004,1,False,False,False,False,False,True,False,False,False
2009-12-01,South Korea,339310500000000.0,88.9554971269341,3.7,150.37281799316406,5.39,2.79,False,84.3358,102.7325,10.9428995302729,21.24,74.3,389.6,174.2,102.696625040127,1.75438596491231,82.02885,2.5999999999999996,0,-0.0600000000000005,-0.36000000000000076,-0.040000000000000036,0,False,False,False,False,False,False,True,False,False
2009-12-01,UK,458875000000.0,88.6,7.8,132.31211,3.7592,0.60936,False,97.73565,100.0935,-3.82891792080947,21.24,74.3,389.6,174.2,100.835443162734,0.116959064327515,80.63334,3.1498399999999998,0,0.15080999999999944,0.20933000000000002,0.8871899999999999,0,False,False,False,False,False,False,False,True,False
2009-12-01,USA,16326281000000.0,91.27193,9.9,116.16231,3.4,0.21,False,86.83869,98.15902,2.51572327044018,21.24,74.3,389.6,174.2,97.9933849781156,0.615865153842154,67.1647,3.19,0,0.03999999999999959,-0.10000000000000009,0.46999999999999975,0,False,False,False,False,False,False,False,False,True
2010-01-01,Australia,433350000000.0,87.76411,5.491235,96.43460506304058,5.47309523809524,4.13,True,81.50938,101.9693,-1.40454785827583,20.64,78.22,411.2,177.6,100.222030628422,70945000000.0,87.96689,1.3430952380952403,0,-0.17357142857142982,-0.6105411255411193,-0.9635714285714299,0,True,False,False,False,False,False,False,False,False
2010-01-01,Canada,452133750000.0,90.70319,8.6,102.30808,3.41619047619048,0.198,False,85.65403,99.5722604737105,5.328459975087,20.64,78.22,411.2,177.6,100.698006135937,-2.04142655213657,81.30677,3.2181904761904803,0,0.04069047619048005,0.07247619047619036,-0.01590043290042953,0,False,True,False,False,False,False,False,False,False
2010-01-01,France,510189400000.0,93.8,9.5,140.35946,3.48,0.712045454545454,False,97.62436,99.90662,-6.80549744977436,20.64,78.22,411.2,177.6,99.6816171145618,-0.695410292072318,75.07339,2.767954545454546,0,-0.07585497835497801,-0.049954545454544697,0.09586363636363604,0,False,False,True,False,False,False,False,False,False
2010-01-01,Germany,673173760000.0,92.91889,7.2,76.33286,3.1385,0.712045454545454,False,84.85825,99.68405,-16.7823744723725,20.64,78.22,411.2,177.6,99.7045792732636,0.501882057716485,61.14987,2.426454545454546,0,-0.07449783549783806,-0.06463636363636471,0.18072727272727596,0,False,False,False,True,False,False,False,False,False
2010-01-01,Italy,422292800000.0,92.02515,8.5,99.86463,4.007,0.712045454545454,False,103.913,101.415,-0.222188632785381,20.64,78.22,411.2,177.6,99.888104361116,0.667302192564323,93.6249,3.2949545454545457,0,-0.04585497835497865,-0.020954545454545226,-0.08313636363636423,0,False,False,False,False,True,False,False,False,False
2010-01-01,Japan,124361100000000.0,96.51311,5.2,127.3502983673701,1.272,0.2041,False,98.01994,99.48909,-4.25874049582987,20.64,78.22,411.2,177.6,98.8886983698704,0.0032656615685633,60.27271,1.0679,0,0.04210000000000025,0.04310000000000014,0.022199999999999998,1,False,False,False,False,False,True,False,False,False
2010-01-01,South Korea,341844700000000.0,89.2696412554872,3.6,152.25347900390625,5.31,2.82,False,85.34447,102.5765,29.1271122329833,20.64,78.22,411.2,177.6,102.704307075816,-1.59151193633954,83.64132,2.4899999999999998,0,-0.10999999999999988,-0.25,-0.3599999999999999,1,False,False,False,False,False,False,True,False,False
2010-01-01,UK,460238000000.0,88.9,7.7,171.254,3.8871,0.60541,False,97.52502,100.2299,4.8255809263551,20.64,78.22,411.2,177.6,101.329892536161,0.0,82.06037,3.28169,0,0.13185000000000047,0.23069000000000006,0.8007600000000004,0,False,False,False,False,False,False,False,True,False
2010-01-01,USA,16502754000000.0,91.11118,9.9,121.22101,3.59,0.22,False,87.18801,98.17303,4.63731504871894,20.64,78.22,411.2,177.6,98.4373201233005,0.737573784350665,67.98261,3.3699999999999997,0,0.17999999999999972,0.21999999999999975,0.03999999999999959,0,False,False,False,False,False,False,False,False,True
2010-02-01,Australia,433350000000.0,88.41421,5.266528,86.40165498665303,5.5575,4.2,True,81.50938,101.8636,4.96234794361841,22.54,76.42,431.2,177.5,100.444904228213,70945000000.0,83.71229,1.3575,0,0.014404761904759589,-0.31273809523810003,-0.9903260869565202,0,True,False,False,False,False,False,False,False,False
2010-02-01,Canada,452133750000.0,90.94022,8.4,118.83469,3.485,0.1725,False,85.1538,99.81849622075,-4.42400759379384,22.54,76.42,431.2,177.5,101.047094102449,1.81757637983182,79.8829,3.3125,0,0.09430952380951974,0.1022619047619,0.11740909090908991,0,False,True,False,False,False,False,False,False,False
2010-02-01,France,510189400000.0,93.59,9.5,147.08038,3.52,0.67975,False,97.30074,100.0101,-5.88313952100097,22.54,76.42,431.2,177.5,99.8918915314695,1.82072829131654,70.93764,2.84025,0,0.07229545454545416,0.017750000000000377,0.08520652173913135,0,False,False,True,False,False,False,False,False,False
2010-02-01,Germany,673173760000.0,92.35915,7.1,105.57108,3.2575,0.67975,False,85.24484,99.61685,4.43958254187506,22.54,76.42,431.2,177.5,100.077942592025,0.624219725343256,58.19446,2.57775,0,0.1512954545454539,0.10615909090908993,0.2148804347826112,0,False,False,False,True,False,False,False,False,False
2010-02-01,Italy,422292800000.0,92.15823,8.6,104.52818,4.078,0.67975,False,102.3337,101.232,-2.00259385184502,22.54,76.42,431.2,177.5,100.170358308141,0.284090909090495,87.34719,3.3982500000000004,0,0.10329545454545475,0.03475000000000028,0.00020652173913138228,0,False,False,False,False,True,False,False,False,False
2010-02-01,Japan,124361100000000.0,96.61491,5.0,110.05823826243589,1.308,0.2085,False,98.84105,99.44068,-4.05070474317899,22.54,76.42,431.2,177.5,99.1713269657409,1.24942611661367,57.75546,1.0995000000000001,0,0.03160000000000007,-0.05989999999999984,0.027300000000000324,1,False,False,False,False,False,True,False,False,False
2010-02-01,South Korea,341844700000000.0,89.9748842823397,4.6,170.97885131835938,5.35,2.88,False,86.37974,102.3575,-50.5305731512618,22.54,76.42,431.2,177.5,102.63313375654,2.02156334231807,79.48956,2.4699999999999998,0,-0.020000000000000018,-0.1900000000000004,-0.2999999999999998,1,False,False,False,False,False,False,True,False,False
2010-02-01,UK,460238000000.0,88.8,7.9,209.14733,4.0025,0.61265,False,97.63033,100.2612,-7.7186922060315,22.54,76.42,431.2,177.5,101.626391223501,-0.584112149532645,79.33413,3.3898500000000005,0,0.10816000000000026,0.39082000000000017,0.5671800000000009,0,False,False,False,False,False,False,False,True,False
2010-02-01,USA,16502754000000.0,91.42255,9.8,149.35928,3.73,0.2,False,87.47637,98.34699,-6.60458699775828,22.54,76.42,431.2,177.5,98.8448522715053,0.376673455068222,65.13094,3.53,0,0.16000000000000014,0.37999999999999945,0.31999999999999984,0,False,False,False,False,False,False,False,False,True
2010-03-01,Australia,433350000000.0,88.41421,5.297782,104.77987372228606,5.4775,4.16,True,83.01204,101.8991,1.75374049546175,17.77,81.24,411.5,176.9,100.624198313778,70904800000.0,87.83688,1.3175,0,-0.040000000000000036,-0.19916666666667027,-0.9157500000000001,0,True,False,False,False,False,False,False,False,False
2010-03-01,Canada,452133750000.0,91.33527,8.4,97.1227,3.42368421052632,0.165,False,86.09237,100.190897995592,8.53956366004573,17.77,81.24,411.5,176.9,101.31853984637,1.04654965660087,83.45537,3.25868421052632,0,-0.05381578947367993,0.08118421052631986,0.024184210526319916,0,False,True,False,False,False,False,False,False,False
2010-03-01,France,510189400000.0,94.11,9.4,171.11748,3.5,0.6617,False,98.35004,99.92117,-4.27195599667133,17.77,81.24,411.5,176.9,99.9729025579858,-1.3755158184319,75.48194,2.8383000000000003,0,-0.0019499999999998963,-0.005509523809523742,0.10877619047619147,0,False,False,True,False,False,False,False,False,False
2010-03-01,Germany,673173760000.0,92.73232,7.0,121.43701,3.17,0.6617,False,86.40464,99.515,-1.18447638948231,17.77,81.24,411.5,176.9,100.409250872616,-3.2258064516128,62.05019,2.5083,0,-0.06944999999999979,0.00734761904761605,0.06353809523809106,0,False,False,False,True,False,False,False,False,False
2010-03-01,Italy,422292800000.0,92.22477,8.7,106.47966,4.047,0.6617,False,105.808,100.7683,0.875261729474408,17.77,81.24,411.5,176.9,100.356515483461,-0.283286118979764,91.45318,3.3853,0,-0.012950000000000461,0.044490476190475636,0.12977619047619138,0,False,False,False,False,True,False,False,False,False
2010-03-01,Japan,124361100000000.0,96.61491,5.0,103.97470460196774,1.295,0.2094,False,101.0991,99.53438,-4.58490081973173,17.77,81.24,411.5,176.9,99.4111022924457,-0.720110237497862,60.43322,1.0856,0,-0.013900000000000245,0.059800000000000075,0.02609999999999979,1,False,False,False,False,False,True,False,False,False
2010-03-01,South Korea,341844700000000.0,90.1562023699609,4.0,142.29261779785156,5.3,2.88,False,87.94807,102.1816,28.0651044594573,17.77,81.24,411.5,176.9,102.499523292761,0.924702774108344,82.65832,2.42,0,-0.04999999999999982,-0.17999999999999972,-0.5400000000000005,1,False,False,False,False,False,False,True,False,False
2010-03-01,UK,460238000000.0,89.0,8.0,163.18252,4.0624,0.6331,False,97.10374,100.4275,-1.77099039634702,17.77,81.24,411.5,176.9,101.763167234425,-2.93772032902468,85.23425,3.4293000000000005,0,0.039449999999999985,0.2794600000000007,0.4887900000000007,0,False,False,False,False,False,False,False,True,False
2010-03-01,USA,16502754000000.0,91.44534,9.8,132.79865,3.69,0.19,False,88.41243,98.50824,-5.87149187592324,17.77,81.24,411.5,176.9,99.1965279365869,0.180469819015516,68.83686,3.5,0,-0.029999999999999805,0.31000000000000005,0.20999999999999996,0,False,False,False,False,False,False,False,False,True
2010-04-01,Australia,435354000000.0,88.41421,5.422513,113.42232993005614,5.62,4.33,True,83.01204,101.8411,0.249086015025646,17.42,84.48,431.9,186.6,100.749067049919,70904800000.0,89.54694,1.29,0,-0.027499999999999858,-0.053095238095240305,-0.6636363636363596,0,True,False,False,False,False,False,False,False,False
2010-04-01,Canada,457611500000.0,91.33527,8.3,141.96584,3.4904347826087,0.228,False,87.22543,100.262482555145,-6.91067276681937,17.42,84.48,431.9,186.6,101.491095392664,0.110583665983266,84.78104,3.2624347826087,0,0.0037505720823798328,0.04424430641821964,0.11672049689441,0,False,True,False,False,False,False,False,False,False
2010-04-01,France,511557500000.0,94.57,9.3,169.56922,3.44,0.64495652173913,False,97.69301,99.57775,1.98137360394791,17.42,84.48,431.9,186.6,99.9760308401678,0.836820083681933,76.90999,2.7950434782608697,0,-0.04325652173913053,0.02708893280632374,-0.022865612648220957,0,False,False,True,False,False,False,False,False,False
2010-04-01,Germany,678602410000.0,93.19877,6.9,116.4702,3.10217391304348,0.64495652173913,False,85.53479,99.5539,-1.03823699752407,17.42,84.48,431.9,186.6,100.72474841234,2.69230769230764,64.68172,2.45721739130435,0,-0.0510826086956504,0.03076284584980371,-0.033873517786561,0,False,False,False,True,False,False,False,False,False
2010-04-01,Italy,423695600000.0,92.49094,8.5,98.56237,3.945,0.64495652173913,False,104.8605,100.2425,2.72464123474225,17.42,84.48,431.9,186.6,100.474664345244,0.094696969696817,93.06615,3.3000434782608696,0,-0.08525652173913034,0.0050889328063239425,-0.015865612648221283,0,False,False,False,False,True,False,False,False,False
2010-04-01,Japan,125649750000000.0,96.81853,5.1,85.7836503536982,1.361,0.1747,False,101.407,99.69907,-0.989430568064154,17.42,84.48,431.9,186.6,99.6005538648265,0.515995872033947,63.63312,1.1863,0,0.10070000000000001,0.11839999999999984,0.16149999999999998,1,False,False,False,False,False,True,False,False,False
2010-04-01,South Korea,348541700000000.0,90.3385746325102,3.7,114.65792083740234,4.92,2.83,False,88.59924,102.0133,-1.62309380243055,17.42,84.48,431.9,186.6,102.335230213458,3.53403141361255,86.03293,2.09,0,-0.33000000000000007,-0.3999999999999999,-0.6499999999999999,1,False,False,False,False,False,False,True,False,False
2010-04-01,UK,464543000000.0,89.4,8.0,208.94072,4.0915,0.64549,False,98.05161,100.5484,-1.84192253039341,17.42,84.48,431.9,186.6,101.784591637587,2.90556900726389,86.77956,3.44601,0,0.016709999999999336,0.16431999999999958,0.39500999999999964,0,False,False,False,False,False,False,False,True,False
2010-04-01,USA,16582710000000.0,91.82084,9.9,137.47003,3.73,0.23,False,88.71586,98.56321,10.4746959591998,17.42,84.48,431.9,186.6,99.4574549552878,-0.10022582857121,71.22054,3.5,0,0.0,0.13000000000000034,0.3500000000000001,0,False,False,False,False,False,False,False,False,True
2010-05-01,Australia,435354000000.0,88.97144,5.498734,92.62320648390845,5.795,4.55,True,83.01204,101.6823,8.6863303009655,31.93,73.84,445.7,187.1,100.826873842462,70904800000.0,81.85873,1.245,0,-0.04499999999999993,-0.11249999999999982,-0.42523809523809986,0,True,False,False,False,False,False,False,False,False
2010-05-01,Canada,457611500000.0,91.65131,8.2,103.85633,3.67,0.3375,False,88.34338,100.217153649708,-8.51139256824256,31.93,73.84,445.7,187.1,101.573308711579,2.41398819947753,82.30941,3.3325,0,0.07006521739130012,0.020000000000000018,0.12226190476190002,0,False,True,False,False,False,False,False,False,False
2010-05-01,France,511557500000.0,94.81,9.3,152.00736,3.4,0.6447,False,99.61509,99.16901,-7.56048753865745,31.93,73.84,445.7,187.1,99.9562154203439,1.10650069156295,69.40558,2.7553,0,-0.03974347826086966,-0.08495000000000008,-0.0671999999999997,0,False,False,True,False,False,False,False,False,False
2010-05-01,Germany,678602410000.0,93.29206,6.8,153.83555,3.0645,0.6447,False,87.56443,99.75724,0.114331153936087,31.93,73.84,445.7,187.1,101.035964784833,0.624219725343256,60.69875,2.4197999999999995,0,-0.03741739130435029,-0.15795000000000048,-0.05179090909091055,0,False,False,False,True,False,False,False,False,False
2010-05-01,Italy,423695600000.0,92.82363,8.8,110.83782,3.996,0.6447,False,105.2816,99.92088,-26.1841321373141,31.93,73.84,445.7,187.1,100.557053874216,0.378429517501822,82.32905,3.3513,0,0.051256521739130534,-0.04695000000000027,-0.012199999999999989,0,False,False,False,False,True,False,False,False,False
2010-05-01,Japan,125649750000000.0,96.81853,5.1,112.97147529579833,1.286,0.1685,False,101.7149,99.87508,6.56726586039273,31.93,73.84,445.7,187.1,99.7456623659277,0.814229914689779,59.2252,1.1175,0,-0.06879999999999997,0.017999999999999794,-0.04190000000000005,1,False,False,False,False,False,True,False,False,False
2010-05-01,South Korea,348541700000000.0,90.7022649826808,3.6,138.25706481933594,4.91,2.51,False,90.43358,101.9249,2.15191843148503,31.93,73.84,445.7,187.1,102.171469158617,-2.40202275600504,82.00896,2.4000000000000004,0,0.3100000000000005,-0.0699999999999994,-0.2599999999999998,1,False,False,False,False,False,False,True,False,False
2010-05-01,UK,464543000000.0,89.9,7.9,214.02367,4.1007,0.65592,False,99.21011,100.4615,-3.95537407993399,31.93,73.84,445.7,187.1,101.720913120952,-0.823529411764701,79.41071,3.4447799999999997,0,-0.0012300000000000644,0.05492999999999926,0.4457499999999994,0,False,False,False,False,False,False,False,True,False
2010-05-01,USA,16582710000000.0,91.98032,9.9,137.0774,3.85,0.3,False,89.35493,98.56012,-2.62784090909083,31.93,73.84,445.7,187.1,99.6314496158324,2.37110159358394,65.55708,3.5500000000000003,0,0.050000000000000266,0.020000000000000462,0.3999999999999999,0,False,False,False,False,False,False,False,False,True
2010-06-01,Australia,435354000000.0,88.97144,5.229597,279.4252733977306,5.48,4.81,True,82.98817,101.3687,-5.36310171272602,29.92,75.35,413.4,186.8,100.864410783724,71580100000.0,81.09768,0.6700000000000008,0,-0.5749999999999993,-0.6474999999999991,-0.8466666666666693,0,True,False,False,False,False,False,False,False,False
2010-06-01,Canada,457611500000.0,91.88834,8.2,143.36071,3.4455,0.39,False,88.16998,100.030572242969,0.961673946738029,29.92,75.35,413.4,186.8,101.557384837979,-1.1890668981665,81.45685,3.0555,0,-0.27700000000000014,-0.20318421052632019,-0.12200000000000033,0,False,True,False,False,False,False,False,False,False
2010-06-01,France,511557500000.0,94.92,9.3,368.22845,3.08,0.68652380952381,False,99.25225,98.81863,-1.19370927022364,29.92,75.35,413.4,186.8,99.9447748416694,0.410396716826278,69.33381,2.39347619047619,0,-0.36182380952381,-0.4448238095238102,-0.4503333333333339,0,False,False,True,False,False,False,False,False,False
2010-06-01,Germany,678602410000.0,93.19877,6.7,156.38096,2.73428571428571,0.68652380952381,False,89.30412,99.95805,-1.58235318416536,29.92,75.35,413.4,186.8,101.329760506874,-0.496277915632692,61.53352,2.0477619047619,0,-0.3720380952380995,-0.4605380952381002,-0.45319047619048414,0,False,False,False,True,False,False,False,False,False
2010-06-01,Italy,423695600000.0,92.89017,8.7,114.94949,3.985,0.68652380952381,False,106.2292,99.69346,-0.218297397708067,29.92,75.35,413.4,186.8,100.639201334707,-1.03675777568277,81.59603,3.29847619047619,0,-0.05282380952381027,-0.08682380952381008,-0.042333333333334444,1,False,False,False,False,True,False,False,False,False
2010-06-01,Japan,125649750000000.0,96.81853,5.1,180.93798435460235,1.257,0.164,False,102.9466,100.0141,-0.246747119714985,29.92,75.35,413.4,186.8,99.8473787210427,-0.101626016260337,56.32634,1.093,0,-0.024499999999999966,0.007400000000000073,0.06720000000000015,1,False,False,False,False,False,True,False,False,False
2010-06-01,South Korea,348541700000000.0,90.7939782014194,3.2,147.4567108154297,4.95,2.45,False,91.61568,101.9098,-1.21978554739618,29.92,75.35,413.4,186.8,102.012616180145,-0.518134715025909,83.98689,2.5,0,0.09999999999999964,0.08000000000000007,-0.09999999999999964,1,False,False,False,False,False,False,True,False,False
2010-06-01,UK,464543000000.0,90.1,7.9,238.2655,3.7772,0.69713,False,97.10374,100.2039,-2.8828950264171,29.92,75.35,413.4,186.8,101.5863814947,0.593119810201603,77.93181,3.08007,0,-0.36470999999999965,-0.3492300000000004,-0.06976999999999967,0,False,False,False,False,False,False,False,True,False
2010-06-01,USA,16582710000000.0,92.05163,9.6,151.10342,3.42,0.45,False,89.66936,98.53974,4.35813274981769,29.92,75.35,413.4,186.8,99.7018041434916,0.588551631498468,63.38498,2.9699999999999998,0,-0.5800000000000005,-0.5300000000000002,-0.2200000000000002,0,False,False,False,False,False,False,False,False,True
2010-07-01,Australia,437903000000.0,88.97144,5.144157,223.95130974857503,5.3275,4.89,True,82.98817,100.9582,-2.64747136289242,25.57,76.37,390.4,189.1,100.867255582948,71580100000.0,79.97715,0.4375,0,-0.23250000000000082,-0.8525,-0.9055952380952403,0,True,False,False,False,False,False,False,False,False
2010-07-01,Canada,460007750000.0,91.80933,8.0,139.38205,3.29772727272727,0.522,False,90.35541,99.8703806209149,-1.15662398381072,25.57,76.37,390.4,189.1,101.457504421392,-0.628311280317373,80.52513,2.77572727272727,0,-0.27977272727272995,-0.48670750988142997,-0.44246320346321033,0,False,True,False,False,False,False,False,False,False
2010-07-01,France,514114700000.0,94.91,9.2,135.45887,3.07,0.727590909090909,False,100.0172,98.492,-0.377860988129238,25.57,76.37,390.4,189.1,99.9753844883021,0.681198910081737,69.03223,2.342409090909091,0,-0.051067099567099206,-0.45263438735177886,-0.4255454545454551,0,False,False,True,False,False,False,False,False,False
2010-07-01,Germany,693884150000.0,93.19877,6.6,143.11947,2.54318181818182,0.727590909090909,False,92.20361,99.97967,0.520739047110919,25.57,76.37,390.4,189.1,101.585974925482,0.623441396508673,61.42941,1.8155909090909113,0,-0.23217099567098876,-0.6416264822134385,-0.6108636363636348,0,False,False,False,True,False,False,False,False,False
2010-07-01,Italy,426834900000.0,92.89017,8.5,160.7904,4.102,0.727590909090909,False,106.6503,99.31361,1.7238906135604,25.57,76.37,390.4,189.1,100.733816935927,0.761904761904608,82.78886,3.3744090909090914,0,0.07593290043290146,0.07436561264822172,0.07945454545454567,1,False,False,False,False,True,False,False,False,False
2010-07-01,Japan,127187825000000.0,96.61491,5.2,200.45552023839195,1.08,0.1498,False,102.536,100.0955,-5.7087614031194,25.57,76.37,390.4,189.1,99.9067371219911,-1.22075279755766,54.57168,0.9302000000000001,0,-0.16279999999999983,-0.2560999999999998,-0.13769999999999993,1,False,False,False,False,False,True,False,False,False
2010-07-01,South Korea,355163300000000.0,90.7022649826808,3.5,152.0056610107422,4.93,2.45,False,92.16577,101.9565,2.56794357268375,25.57,76.37,390.4,189.1,101.853245185884,0.911458333333326,86.0742,2.4799999999999995,0,-0.020000000000000462,0.3899999999999997,-0.010000000000000231,1,False,False,False,False,False,False,True,False,False
2010-07-01,UK,469606000000.0,90.2,7.8,242.65689,3.6007,0.72839,False,97.10374,99.84649,3.84772598531598,25.57,76.37,390.4,189.1,101.396307669749,0.117924528301905,78.21916,2.8723099999999997,0,-0.2077600000000004,-0.5737000000000001,-0.4093800000000005,0,False,False,False,False,False,False,False,True,False
2010-07-01,USA,16743162000000.0,91.96176,9.4,140.56916,3.2,0.52,False,90.90141,98.53848,-1.52018172287269,25.57,76.37,390.4,189.1,99.6790931431155,-0.588843024103691,63.66211,2.68,0,-0.2899999999999996,-0.8199999999999998,-0.6899999999999995,0,False,False,False,False,False,False,False,False,True
2010-08-01,Australia,437903000000.0,89.52866999999999,5.287928,184.57755083998123,5.145,4.84,True,82.98817,100.8235,-4.6224961479199,24.75,76.82,397.3,188.7,100.844900139287,71580100000.0,81.31329,0.3049999999999997,0,-0.13250000000000028,-0.9400000000000004,-1.0525000000000002,0,True,False,False,False,False,False,False,False,False
2010-08-01,Canada,460007750000.0,92.28338,8.2,153.93521,3.1852380952381,0.575,False,90.93634,99.6107481978856,3.29515169699424,24.75,76.82,397.3,188.7,101.302018420992,1.19223040857346,81.78944,2.6102380952381,0,-0.16548917748917003,-0.7222619047619001,-0.7022619047619001,0,False,True,False,False,False,False,False,False,False
2010-08-01,France,514114700000.0,94.64,9.2,187.1168,2.99,0.848818181818182,False,99.6347,98.34652,-1.17558350755732,24.75,76.82,397.3,188.7,100.084144782077,-1.48849797023006,70.41808,2.1411818181818183,0,-0.2012272727272726,-0.6141181818181818,-0.6990681818181819,0,False,False,True,False,False,False,False,False,False
2010-08-01,Germany,693884150000.0,93.38535,6.5,193.89543,2.61590909090909,0.848818181818182,False,91.23711,100.2034,1.2453139542401,24.75,76.82,397.3,188.7,101.817754877667,0.619578686493227,62.0232,1.767090909090908,0,-0.04850000000000332,-0.6527090909090916,-0.810659090909092,1,False,False,False,True,False,False,False,False,False
2010-08-01,Italy,426834900000.0,93.22288,8.5,144.46776,4.026,0.848818181818182,False,109.2823,98.97868,0.0722422606837414,24.75,76.82,397.3,188.7,100.868079090503,-0.850661625708593,83.46351,3.177181818181818,0,-0.19722727272727347,-0.17411818181818228,-0.22106818181818255,1,False,False,False,False,True,False,False,False,False
2010-08-01,Japan,127187825000000.0,96.10588,5.0,140.971842731191,1.075,0.1516,False,101.9202,100.1241,10.7817932549436,24.75,76.82,397.3,188.7,99.9415483884657,0.62356277245541,53.79427,0.9234,0,-0.006800000000000139,-0.19409999999999994,-0.17610000000000015,1,False,False,False,False,False,True,False,False,False
2010-08-01,South Korea,355163300000000.0,90.8846372452301,3.8,119.2075424194336,4.91,2.58,False,92.45518,102.0188,0.281597976237324,24.75,76.82,397.3,188.7,101.679408724279,1.16129032258065,87.61855,2.33,0,-0.14999999999999947,-0.07000000000000028,-0.13999999999999968,1,False,False,False,False,False,False,True,False,False
2010-08-01,UK,469606000000.0,90.0,7.8,237.96943,3.5087,0.73603,False,95.7346,99.52554,-6.17230317493039,24.75,76.82,397.3,188.7,101.190550511094,0.117785630153144,80.00254,2.77267,0,-0.0996399999999995,-0.6721099999999995,-0.6171800000000003,0,False,False,False,False,False,False,False,True,False
2010-08-01,USA,16743162000000.0,91.98116,9.4,180.01446,3.01,0.41,False,91.09738,98.44367,1.80979418026972,24.75,76.82,397.3,188.7,99.6034869733435,-0.145244358954888,64.83236,2.5999999999999996,0,-0.08000000000000052,-0.9500000000000006,-0.9300000000000002,0,False,False,False,False,False,False,False,False,True
2010-09-01,Australia,437903000000.0,89.52866999999999,5.032297,205.132659058873,4.97,4.74,True,82.8408,101.1763,-0.973501458154458,22.52,75.31,427.1,189.5,100.814066269126,72018600000.0,83.77486,0.22999999999999954,0,-0.07500000000000018,-0.4400000000000013,-1.0875000000000004,0,True,False,False,False,False,False,False,False,False
2010-09-01,Canada,460007750000.0,92.20437,8.2,144.82898,2.94952380952381,0.66,False,90.96571,99.3474583493466,-3.68041554181044,22.52,75.31,427.1,189.5,101.148515350406,0.140323007677989,84.8238,2.2895238095238097,0,-0.32071428571429017,-0.7659761904761901,-0.9691604010025103,0,False,True,False,False,False,False,False,False,False
2010-09-01,France,514114700000.0,94.86,9.3,170.77811,2.68,0.8955,False,100.3408,98.451,-3.87910106124713,22.52,75.31,427.1,189.5,100.29295833488,1.92307692307696,72.66644,1.7845000000000002,0,-0.3566818181818181,-0.6089761904761899,-1.0538,0,False,False,True,False,False,False,False,False,False
2010-09-01,Germany,693884150000.0,93.47865,6.4,146.92627,2.35,0.8955,False,91.23711,100.7017,-2.85000614118144,22.52,75.31,427.1,189.5,102.040546262522,0.738916256157673,63.14136,1.4545000000000001,0,-0.3125909090909078,-0.5932619047618999,-1.0538,1,False,False,False,True,False,False,False,False,False
2010-09-01,Italy,426834900000.0,93.4225,8.2,111.56591,3.802,0.8955,False,109.177,98.86812,-2.90492549153571,22.52,75.31,427.1,189.5,101.062513724243,0.476644423259565,84.4129,2.9065000000000003,0,-0.2706818181818176,-0.3919761904761896,-0.47879999999999967,1,False,False,False,False,True,False,False,False,False
2010-09-01,Japan,127187825000000.0,96.20769,5.1,146.90269740543837,1.023,0.1391,False,103.1519,100.0766,20.455426158644,22.52,75.31,427.1,189.5,99.9629828863119,1.76694915254234,54.00055,0.8838999999999999,0,-0.03950000000000009,-0.20910000000000006,-0.2017,1,False,False,False,False,False,True,False,False,False
2010-09-01,South Korea,355163300000000.0,91.3410949890674,3.5,140.9466552734375,4.68,2.63,False,93.15316,101.9844,2.07316508985189,22.52,75.31,427.1,189.5,101.477347169026,0.510204081632648,90.39651,2.05,0,-0.28000000000000025,-0.4500000000000002,-0.3700000000000001,1,False,False,False,False,False,False,True,False,False
2010-09-01,UK,469606000000.0,90.4,7.8,269.24424,3.233,0.73296,False,94.89205,99.2457,-5.87501089734048,22.52,75.31,427.1,189.5,100.999578265209,0.235294117647022,83.62054,2.5000400000000003,0,-0.27262999999999993,-0.5800299999999998,-0.9292600000000002,0,False,False,False,False,False,False,False,True,False
2010-09-01,USA,16743162000000.0,92.10816,9.5,147.30909,2.7,0.32,False,91.44681,98.15993,0.836528407110526,22.52,75.31,427.1,189.5,99.539968219565,-0.0618672893054728,66.91848,2.3800000000000003,0,-0.2199999999999993,-0.5899999999999994,-1.1199999999999997,0,False,False,False,False,False,False,False,False,True
2010-10-01,Australia,440967000000.0,89.52866999999999,5.054451,155.93391411319877,5.0025,4.82,True,82.8408,101.5371,1.95766859467346,20.37,81.9,442.6,191.2,100.798046243319,72018600000.0,84.78406,0.1825000000000001,0,-0.04749999999999943,-0.2549999999999999,-1.1075,0,True,False,False,False,False,False,False,False,False
2010-10-01,Canada,463228000000.0,92.36239,8.2,202.23102,2.88142857142857,0.85,False,90.98967,99.189381196566,1.77215638969705,20.37,81.9,442.6,191.2,101.048782717973,0.0290828331968029,87.64761,2.03142857142857,0,-0.25809523809523993,-0.7442987012987001,-1.23100621118013,0,False,True,False,False,False,False,False,False,False
2010-10-01,France,517273600000.0,94.79,9.2,214.52643,2.68,0.8805,False,99.16399,98.69351,6.03092132561201,20.37,81.9,442.6,191.2,100.587831546704,-0.269541778975713,74.4689,1.7995,0,0.014999999999999902,-0.5429090909090908,-0.9955434782608696,1,False,False,True,False,False,False,False,False,False
2010-10-01,Germany,699633750000.0,93.38535,6.4,111.59324,2.30045454545455,0.8805,False,92.3969,101.1871,6.26846283297291,20.37,81.9,442.6,191.2,102.247938070068,-0.85574572127145,65.5589,1.4199545454545501,0,-0.034545454545449994,-0.3956363636363611,-1.0372628458497997,1,False,False,False,True,False,False,False,False,False
2010-10-01,Italy,428955600000.0,93.22288,8.4,126.12785,3.862,0.8805,False,113.1777,98.96261,4.37956826496875,20.37,81.9,442.6,191.2,101.325964484184,-0.189753320682851,86.64325,2.9815,0,0.07499999999999973,-0.3929090909090913,-0.3185434782608696,1,False,False,False,False,True,False,False,False,False
2010-10-01,Japan,129491350000000.0,96.4113,5.1,123.96872369100224,0.898,0.1338,True,103.6651,99.95497,-30.6121270573105,20.37,81.9,442.6,191.2,99.9812417607518,0.703859163839304,53.3527,0.7642,0,-0.11969999999999992,-0.16600000000000015,-0.4220999999999999,0,False,False,False,False,False,True,False,False,False
2010-10-01,South Korea,359266200000000.0,92.0684756894084,3.8,170.0675048828125,4.28,2.66,False,92.35622,101.8488,5.02913063122532,20.37,81.9,442.6,191.2,101.259499179106,-0.380710659898476,93.95906,1.62,0,-0.4299999999999997,-0.8599999999999994,-0.46999999999999975,1,False,False,False,False,False,False,True,False,False
2010-10-01,UK,472199000000.0,90.4,7.9,233.24437,3.1271,0.72859,False,94.78673,99.04993,6.25013608775693,20.37,81.9,442.6,191.2,100.861814841646,0.117370892018798,86.2373,2.39851,0,-0.10153000000000034,-0.4737999999999998,-1.0474999999999999,0,False,False,False,False,False,False,False,True,False
2010-10-01,USA,16872266000000.0,92.16174,9.5,182.14672,2.65,0.28,False,91.78156,97.98689,-0.466643622537211,20.37,81.9,442.6,191.2,99.5385346262916,0.498181036880196,70.07586,2.37,0,-0.010000000000000231,-0.31000000000000005,-1.13,0,False,False,False,False,False,False,False,False,True
2010-11-01,Australia,440967000000.0,90.08591,5.284758,112.99476571098754,5.085,4.81,True,82.8408,101.6011,-2.1486607235628,20.1,84.14,473.6,193.7,100.801676938751,72018600000.0,85.07821,0.27500000000000036,0,0.09250000000000025,-0.02999999999999936,-0.9699999999999998,0,True,False,False,False,False,False,False,False,False
2010-11-01,Canada,463228000000.0,92.75744,8.1,211.82932,2.766,0.895,False,90.5539,99.1517663246686,3.93404333199721,20.1,84.14,473.6,193.7,101.026592755699,0.348892530528122,89.56783,1.871,0,-0.1604285714285698,-0.7392380952380999,-1.4615,0,False,True,False,False,False,False,False,False,False
2010-11-01,France,517273600000.0,94.91,9.2,309.01094,2.72,0.997666666666667,False,100.5075,98.91456,-2.88109254659088,20.1,84.14,473.6,193.7,100.937933666464,0.67567567567568,74.92906,1.7223333333333333,0,-0.07716666666666683,-0.418848484848485,-1.0329666666666668,1,False,False,True,False,False,False,False,False,False
2010-11-01,Germany,699633750000.0,93.47865,6.3,116.37976,2.34571428571429,0.997666666666667,False,93.5567,101.5321,6.13247841136055,20.1,84.14,473.6,193.7,102.431612289692,-0.369913686806433,68.64348,1.3480476190476232,0,-0.07190692640692697,-0.4190432900432848,-1.0717523809523763,1,False,False,False,True,False,False,False,False,False
2010-11-01,Italy,428955600000.0,93.4225,8.6,133.06581,3.8,0.997666666666667,False,108.2295,99.07311,-4.65031004444737,20.1,84.14,473.6,193.7,101.625855181715,-0.0950570342203805,85.73327,2.802333333333333,0,-0.17916666666666714,-0.374848484848485,-0.5489666666666673,1,False,False,False,False,True,False,False,False,False
2010-11-01,Japan,129491350000000.0,96.71672,5.1,97.93374177289282,0.903,0.1243,True,104.9994,99.83427,-18.1101944169095,20.1,84.14,473.6,193.7,99.9956336551364,-1.41467633839782,54.72381,0.7787000000000001,0,0.014500000000000068,-0.14469999999999994,-0.3387999999999999,0,False,False,False,False,False,True,False,False,False
2010-11-01,South Korea,359266200000000.0,92.0684756894084,3.7,165.47264099121094,4.11,2.66,False,92.86375,101.7503,3.07299293726868,20.1,84.14,473.6,193.7,101.043550248633,1.52866242038217,95.69982,1.4500000000000002,0,-0.16999999999999993,-0.8799999999999999,-0.9500000000000002,1,False,False,False,False,False,False,True,False,False
2010-11-01,UK,472199000000.0,90.6,7.9,302.28376,3.0685,0.7384,False,93.94418,98.6948,-4.03419912457001,20.1,84.14,473.6,193.7,100.781299351917,-1.05509964830006,86.95272,2.3301,0,-0.06841000000000008,-0.44257000000000035,-1.11468,0,False,False,False,False,False,False,False,True,False
2010-11-01,USA,16872266000000.0,92.2765,9.4,163.42489,2.54,0.27,False,92.04573,97.93621,0.104184754297676,20.1,84.14,473.6,193.7,99.6105724574476,0.698678623450499,71.24583,2.27,0,-0.10000000000000009,-0.3299999999999996,-1.2800000000000002,0,False,False,False,False,False,False,False,False,True
2010-12-01,Australia,440967000000.0,90.08591,5.108949,136.42686193908796,5.3775,5.01,True,82.318,101.5423,1.23383380407376,17.57,89.04,483.7,193.1,100.818684680622,71866200000.0,86.38565,0.3675000000000006,0,0.09250000000000025,0.13750000000000107,-0.3025000000000002,0,True,False,False,False,False,False,False,False,False
2010-12-01,Canada,463228000000.0,92.83645,7.9,182.55609,3.02238095238095,0.9525,False,91.3165,99.2539122402491,-0.273361508016745,17.57,89.04,483.7,193.1,101.075002258491,-0.295000790180766,92.64738,2.06988095238095,0,0.19888095238095005,-0.2196428571428597,-0.9856190476190498,1,False,True,False,False,False,False,False,False,False
2010-12-01,France,517273600000.0,95.02,9.2,152.43801,3.0,1.04204545454545,False,100.2917,99.16619,16.4428119269805,17.57,89.04,483.7,193.1,101.302601839489,-0.402684563758415,75.9206,1.95795454545455,0,0.23562121212121667,0.17345454545454975,-0.43552164502164015,1,False,False,True,False,False,False,False,False,False
2010-12-01,Germany,699633750000.0,93.57194,6.2,137.21382,2.53272727272727,1.04204545454545,False,95.58634,101.7264,-3.2374201445357,17.57,89.04,483.7,193.1,102.586563080742,-0.123762376237635,71.57575,1.49068181818182,0,0.14263419913419684,0.03618181818181987,-0.55708008658008,1,False,False,False,True,False,False,False,False,False
2010-12-01,Italy,428955600000.0,93.4225,8.4,143.53142,4.184,1.04204545454545,False,108.6506,99.09937,4.61514293752092,17.57,89.04,483.7,193.1,101.914144280405,0.475737392959341,85.38654,3.14195454545455,0,0.3396212121212172,0.2354545454545498,-0.1565216450216398,1,False,False,False,False,True,False,False,False,False
2010-12-01,Japan,129491350000000.0,96.4113,5.0,109.09778675251997,1.161,0.1269,True,102.0229,99.81947,0.467078531289555,17.57,89.04,483.7,193.1,100.025295830036,-1.43127911334739,57.70776,1.0341,0,0.25539999999999996,0.1502000000000001,-0.05889999999999995,0,False,False,False,False,False,True,False,False,False
2010-12-01,South Korea,359266200000000.0,91.6141262954273,3.3,167.0720977783203,4.48,2.73,False,94.19907,101.7646,0.468538013304576,17.57,89.04,483.7,193.1,100.864121880079,-0.752823086574672,99.67258,1.7500000000000004,0,0.30000000000000027,-0.2999999999999994,-0.7499999999999996,1,False,False,False,False,False,False,True,False,False
2010-12-01,UK,472199000000.0,90.9,7.9,268.50774,3.311,0.73901,False,95.62928,98.37521,7.33732108656244,17.57,89.04,483.7,193.1,100.745533835092,0.236966824644491,89.17023,2.57199,0,0.24189000000000016,0.07194999999999974,-0.5080800000000001,0,False,False,False,False,False,False,False,True,False
2010-12-01,USA,16872266000000.0,92.31532,9.8,179.13559,2.76,0.27,False,91.79523,98.0344,-1.75195143104951,17.57,89.04,483.7,193.1,99.7421719215209,1.22759941775392,73.43909,2.4899999999999998,0,0.21999999999999975,0.10999999999999943,-0.48,0,False,False,False,False,False,False,False,False,True
2011-01-01,Australia,444819000000.0,90.08591,4.876953,89.53490188775946,5.555,5.03,True,82.318,101.2849,6.6121250262217,17.32,89.42,498.4,194.0,100.82003445585,71866200000.0,86.74475,0.5249999999999995,0,0.15749999999999886,0.34249999999999936,0.08749999999999947,0,True,False,False,False,False,False,False,False,False
2011-01-01,Canada,468424500000.0,92.83645,7.8,142.25425,3.2047619047619,0.994,False,91.34473,99.4359658537398,-2.5443538215756,17.32,89.42,498.4,194.0,101.164724826716,1.56654514714425,93.41709,2.2107619047619,0,0.14088095238094978,0.17933333333333001,-0.5649653679653701,1,False,True,False,False,False,False,False,False,False
2011-01-01,France,520430500000.00006,95.45,9.2,311.90801,3.34,1.02169565217391,False,101.596,99.30613,-2.14243802626893,17.32,89.42,498.4,194.0,101.642769479829,1.3477088948787,78.06924,2.31830434782609,0,0.36034980237154013,0.51880434782609,-0.024104743083000812,1,False,False,True,False,False,False,False,False,False
2011-01-01,Germany,705307710000.0,94.13169,6.1,179.4143,2.9147619047619,1.02169565217391,False,95.00645,101.8575,-0.755859336319908,17.32,89.42,498.4,194.0,102.703455503252,0.0,72.21966,1.89306625258799,0,0.40238443440617,0.47311170713343986,0.07747534349707874,1,False,False,False,True,False,False,False,False,False
2011-01-01,Italy,431159500000.0,93.7552,8.2,109.65502,4.603,1.02169565217391,False,109.2823,99.1366,1.76280841092349,17.32,89.42,498.4,194.0,102.160188900417,-0.568181818181945,88.55569,3.58130434782609,0,0.43934980237153987,0.5998043478260899,0.20689525691699862,1,False,False,False,False,True,False,False,False,False
2011-01-01,Japan,128428250000000.0,96.20769,4.9,107.58573455225354,1.133,0.1259,True,103.7677,99.89174,-0.75318410567824,17.32,89.42,498.4,194.0,100.083419981117,1.65847532385126,59.51399,1.0070999999999999,0,-0.027000000000000135,0.2428999999999999,0.07689999999999975,0,False,False,False,False,False,True,False,False,False
2011-01-01,South Korea,363646800000000.0,91.9778166455978,3.7,156.27919006347656,4.46,2.8,True,94.32782,101.8559,-10.7395284410744,17.32,89.42,498.4,194.0,100.760358592427,1.01137800252846,103.9984,1.6600000000000001,0,-0.0900000000000003,0.040000000000000036,-0.8199999999999994,0,False,False,False,False,False,False,True,False,False
2011-01-01,UK,472612000000.0,91.7,7.9,194.98123,3.6098,0.74962,False,93.73354,98.07201,-2.16664378615433,17.32,89.42,498.4,194.0,100.740915738783,-0.118203309692699,90.49825,2.8601799999999997,0,0.2881899999999997,0.4616699999999998,-0.012129999999999974,0,False,False,False,False,False,False,False,True,False
2011-01-01,USA,16960864000000.002,92.47396,9.3,165.40785,3.29,0.3,False,91.86819,98.29088,4.66101694915249,17.32,89.42,498.4,194.0,99.9213160482248,0.37458214755286,75.83663,2.99,0,0.5000000000000004,0.6200000000000001,0.31000000000000005,0,False,False,False,False,False,False,False,False,True
2011-02-01,Australia,444819000000.0,91.38612,5.004488,84.43441179439952,5.52,4.96,True,82.318,101.0049,-4.9702884577546,17.43,89.58,514.4,195.6,100.786415589473,71866200000.0,88.70717,0.5599999999999996,0,0.03500000000000014,0.28499999999999925,0.2549999999999999,0,True,False,False,False,False,False,False,False,False
2011-02-01,Canada,468424500000.0,93.07348,7.8,128.36739,3.253,0.9625,False,93.07299,99.6077958009433,-0.264011595803448,17.43,89.58,514.4,195.6,101.260591218416,-0.741280203917039,97.07018,2.2905,0,0.07973809523810038,0.4195000000000002,-0.3197380952380997,1,False,True,False,False,False,False,False,False,False
2011-02-01,France,520430500000.00006,95.22,9.2,162.46417,3.44,1.0172380952381,False,102.9297,99.06297,6.13573467094388,17.43,89.58,514.4,195.6,101.916005217996,0.398936170212782,80.27084,2.4227619047619,0,0.10445755693580994,0.7004285714285667,0.2815800865800817,1,False,False,True,False,False,False,False,False,False
2011-02-01,Germany,705307710000.0,93.94511,6.0,140.94584,3.01666666666667,1.0172380952381,False,96.84278,101.8597,12.9671496015089,17.43,89.58,514.4,195.6,102.770412962265,-0.247831474597182,74.39622,1.9994285714285702,0,0.10636231884058023,0.6513809523809471,0.2323376623376623,1,False,False,False,True,False,False,False,False,False
2011-02-01,Italy,431159500000.0,94.13953,8.2,87.86673,4.729,1.0172380952381,False,110.1246,99.15054,1.62802354394769,17.43,89.58,514.4,195.6,102.354214036909,0.857142857142579,92.54505,3.7117619047619,0,0.13045755693581018,0.9094285714285673,0.5345800865800823,1,False,False,False,False,True,False,False,False,False
2011-02-01,Japan,128428250000000.0,96.10588,4.8,109.05842893225726,1.213,0.1289,True,104.0756,99.95073,4.0843066524171,17.43,89.58,514.4,195.6,100.14846884689,-2.73875325651997,61.14294,1.0841,0,0.07700000000000018,0.3054,0.16070000000000007,0,False,False,False,False,False,True,False,False,False
2011-02-01,South Korea,363646800000000.0,93.0709960459656,3.5,137.05404663085938,4.69,2.93,True,95.8355,101.7887,26.7957579972729,17.43,89.58,514.4,195.6,100.734236598892,1.00125156445556,100.1017,1.7600000000000002,0,0.10000000000000009,0.31000000000000005,-0.5699999999999998,0,False,False,False,False,False,False,True,False,False
2011-02-01,UK,472612000000.0,91.8,7.8,195.22676,3.7273,0.76866,False,92.891,97.77092,0.267459653590096,17.43,89.58,514.4,195.6,100.748822737614,-1.18343195266271,91.29873,2.95864,0,0.09846000000000021,0.6285400000000001,0.18596999999999975,0,False,False,False,False,False,False,False,True,False
2011-02-01,USA,16960864000000.002,92.91443,9.1,142.17046,3.39,0.29,False,92.76807,98.54091,-2.15924426450741,17.43,89.58,514.4,195.6,100.110706133969,0.350076365224106,78.38196,3.1,0,0.10999999999999988,0.8300000000000001,0.5000000000000004,0,False,False,False,False,False,False,False,False,True
2011-03-01,Australia,444819000000.0,91.38612,4.971447,75.66768361406017,5.61,4.92,False,80.86264,100.723,-1.35207884710951,20.72,102.94,532.0,204.9,100.700650526342,71763000000.0,85.84511,0.6900000000000004,0,0.13000000000000078,0.3224999999999998,0.46000000000000085,0,True,False,False,False,False,False,False,False,False
2011-03-01,Canada,468424500000.0,93.31051,7.8,180.77666,3.41736842105263,0.9525,False,92.85825,99.8369359600269,0.821813526185622,20.72,102.94,532.0,204.9,101.313202364735,-0.602693779152075,97.16712,2.4648684210526297,0,0.1743684210526295,0.39498746867167966,0.17534461152881997,1,False,True,False,False,False,False,False,False,False
2011-03-01,France,520430500000.00006,95.67,9.2,210.01119,3.6,1.08675,False,104.1457,98.6883,-1.64079492159301,20.72,102.94,532.0,204.9,102.102051524809,0.0,77.71714,2.51325,0,0.0904880952381002,0.5552954545454503,0.72875,1,False,False,True,False,False,False,False,False,False
2011-03-01,Germany,705307710000.0,94.50486,5.9,93.27111,3.199,1.08675,False,96.16624,101.8051,-2.97938400189629,20.72,102.94,532.0,204.9,102.776375123601,0.124223602484386,71.13428,2.1122499999999995,0,0.1128214285714293,0.6215681818181795,0.6577499999999994,1,False,False,False,True,False,False,False,False,False
2011-03-01,Italy,431159500000.0,94.4186,8.1,103.48959,4.736,1.08675,False,107.9137,98.88601,-0.0318621044384626,20.72,102.94,532.0,204.9,102.467038561753,-1.13314447592094,90.33875,3.6492499999999994,0,-0.06251190476190072,0.5072954545454493,0.7427499999999991,1,False,False,False,False,True,False,False,False,False
2011-03-01,Japan,128428250000000.0,96.10588,4.7,104.5250674817925,1.241,0.1186,True,104.7941,99.87949,6.37639229558842,20.72,102.94,532.0,204.9,100.193614876685,1.78134529466019,56.80851,1.1224,0,0.0383,0.08830000000000005,0.23850000000000016,0,False,False,False,False,False,True,False,False,False
2011-03-01,South Korea,363646800000000.0,93.707717702496,3.7,90.9056167602539,4.76,3.13,True,98.78598,101.4947,-24.8093785709963,20.72,102.94,532.0,204.9,100.749705867614,4.95662949194549,99.43889,1.63,0,-0.13000000000000034,-0.12000000000000055,-0.41999999999999993,0,False,False,False,False,False,False,True,False,False
2011-03-01,UK,472612000000.0,92.3,7.8,131.32565,3.8799,0.79962,False,93.83886,97.36269,2.12327122270028,20.72,102.94,532.0,204.9,100.747087683917,0.838323353293413,88.81116,3.08028,0,0.12164000000000019,0.5082900000000001,0.5802399999999999,0,False,False,False,False,False,False,False,True,False
2011-03-01,USA,16960864000000.002,93.37263,9.0,145.5089,3.58,0.28,False,92.57903,98.64883,7.62068965517253,20.72,102.94,532.0,204.9,100.270655467564,0.564247132956486,77.49942,3.3,0,0.19999999999999973,0.81,0.9199999999999995,0,False,False,False,False,False,False,False,False,True
2011-04-01,Australia,443580000000.0,91.38612,4.926334,114.81809211648977,5.435,4.92,False,80.86264,100.5846,-0.444976176983114,16.24,110.04,516.5,208.8,100.555172932043,71763000000.0,89.01131,0.5149999999999997,0,-0.1750000000000007,-0.009999999999999787,0.3324999999999996,0,True,False,False,False,False,False,False,False,False
2011-04-01,Canada,471992000000.0,94.33763,7.8,172.45853,3.26652173913043,0.926,False,92.48236,99.9351247252594,2.85547585544146,16.24,110.04,516.5,208.8,101.270110229673,0.521986713065492,97.37599,2.34052173913043,0,-0.12434668192219966,0.12975983436853022,0.30909316770186024,1,False,True,False,False,False,False,False,False,False
2011-04-01,France,525985100000.0,96.45,9.1,271.07414,3.61,1.17552173913043,False,104.5086,98.38145,-5.04948150954117,16.24,110.04,516.5,208.8,102.174423125689,1.19205298013241,79.38682,2.43447826086957,0,-0.07877173913043034,0.11617391304347979,0.6349782608695698,1,False,False,True,False,False,False,False,False,False
2011-04-01,Germany,718944710000.0,95.06461,5.7,123.78568,3.21173913043478,1.17552173913043,False,97.13273,101.7286,-5.02913059962249,16.24,110.04,516.5,208.8,102.706331780468,2.35732009925562,73.68677,2.03621739130435,0,-0.07603260869564954,0.14315113871635998,0.6162628458497998,1,False,False,False,True,False,False,False,False,False
2011-04-01,Italy,433309600000.0,94.7907,8.1,99.25667,4.875,1.17552173913043,False,110.7563,98.6131,-7.23170993728602,16.24,110.04,516.5,208.8,102.503767272595,0.382043935052945,91.67718,3.69947826086957,0,0.05022826086957055,0.11817391304348002,0.71797826086957,1,False,False,False,False,True,False,False,False,False
2011-04-01,Japan,127058300000000.0,96.30949,4.7,110.06430373757985,1.214,0.1276,True,105.2046,99.54037,-28.2657415447525,16.24,110.04,516.5,208.8,100.192508410471,0.411522633744332,54.42342,1.0864,0,-0.03600000000000003,0.07930000000000015,0.32220000000000004,0,False,False,False,False,False,True,False,False,False
2011-04-01,South Korea,367040100000000.0,94.0724622275946,3.8,164.49742126464844,4.51,3.35,True,95.79613,100.9776,14.6088822750512,16.24,110.04,516.5,208.8,100.738765460069,-7.55608028335302,107.0572,1.1599999999999997,0,-0.4700000000000002,-0.5000000000000004,-0.4600000000000004,0,False,False,False,False,False,False,True,False,False
2011-04-01,UK,473819000000.0,92.6,7.7,177.41306,3.7386,0.80913,False,91.20589,97.12045,-2.00271888697641,16.24,110.04,516.5,208.8,100.720506543212,-0.712589073634162,91.15983,2.92947,0,-0.15081000000000033,0.06929000000000007,0.5309599999999999,0,False,False,False,False,False,False,False,True,False
2011-04-01,USA,16920632000000.002,94.28311,9.0,174.35437,3.41,0.28,False,92.18114,98.59994,4.91829541813509,16.24,110.04,516.5,208.8,100.366092425686,0.27994352193732,79.34373,3.13,0,-0.16999999999999993,0.13999999999999968,0.7599999999999998,0,False,False,False,False,False,False,False,False,True
2011-05-01,Australia,443580000000.0,92.22196,4.959505,63.93616247597441,5.5125,4.9,False,80.86264,100.4767,0.1307161982675,16.91,101.33,528.5,211.7,100.363599640178,71763000000.0,85.74635,0.6124999999999998,0,0.09750000000000014,0.05250000000000021,0.33749999999999947,0,True,False,False,False,False,False,False,False,False
2011-05-01,Canada,471992000000.0,94.65367,7.8,142.33187,3.328,0.965,False,93.53471,99.8860985248203,2.71780840201585,16.91,101.33,528.5,211.7,101.1164181421,-0.375032782585982,95.00018,2.363,0,0.022478260869569944,0.07249999999999979,0.492,1,False,True,False,False,False,False,False,False,False
2011-05-01,France,525985100000.0,96.78,9.1,241.78795,3.69,1.32121052631579,False,103.1749,98.16242,-14.2255867069607,16.91,101.33,528.5,211.7,102.136671517927,-0.392670157068076,79.27151,2.3687894736842097,0,-0.0656887871853602,-0.05397243107769034,0.6464561403508764,1,False,False,True,False,False,False,False,False,False
2011-05-01,Germany,718944710000.0,95.06461,5.6,80.16927,3.34052631578947,1.32121052631579,False,97.51933,101.6059,-2.6376248394455,16.91,101.33,528.5,211.7,102.553991522956,-2.54545454545451,73.44771,2.01931578947368,0,-0.01690160183067002,0.019887218045109734,0.6712681704260568,1,False,False,False,True,False,False,False,False,False
2011-05-01,Italy,433309600000.0,95.25581,8.0,103.88104,4.841,1.32121052631579,False,111.0721,98.33284,2.28372603098257,16.91,101.33,528.5,211.7,102.468878613673,-1.23691722169375,90.11771,3.5197894736842104,0,-0.17968878718535963,-0.1919724310776898,0.7174561403508775,1,False,False,False,False,True,False,False,False,False
2011-05-01,Japan,127058300000000.0,96.4113,4.7,118.87266137667115,1.215,0.1284,True,88.57718,98.90112,-12.1494590893069,16.91,101.33,528.5,211.7,100.153449946573,-7.47062697119864,54.20683,1.0866,0,0.00019999999999997797,0.0024999999999999467,0.30789999999999995,0,False,False,False,False,False,True,False,False,False
2011-05-01,South Korea,367040100000000.0,94.1641754463333,3.5,104.01689910888672,4.48,3.4,True,98.1912,100.3848,-1.66534305844058,16.91,101.33,528.5,211.7,100.650513655834,3.44827586206897,105.675,1.0800000000000005,0,-0.07999999999999918,-0.6799999999999997,-0.36999999999999966,0,False,False,False,False,False,False,True,False,False
2011-05-01,UK,473819000000.0,93.3,7.8,156.23404,3.7619,0.82096,False,90.67931,96.97465,-2.16366132229583,16.91,101.33,528.5,211.7,100.639264167674,0.239234449760706,90.13159,2.94094,0,0.011470000000000091,-0.01770000000000005,0.61084,0,False,False,False,False,False,False,False,True,False
2011-05-01,USA,16920632000000.002,94.89024,9.1,157.49588,3.46,0.23,False,93.16151,98.35714,-0.564971751412335,16.91,101.33,528.5,211.7,100.361346587105,0.4419372335702,78.79452,3.23,0,0.10000000000000009,0.1299999999999999,0.96,1,False,False,False,False,False,False,False,False,True
2011-06-01,Australia,443580000000.0,92.22196,5.013238,117.641876852161,5.325,5.0,False,83.2466,100.3879,-8.8834143979115,19.15,96.29,503.4,211.0,100.138250401409,71993600000.0,82.6988,0.3250000000000002,0,-0.28749999999999964,-0.3650000000000002,-0.042500000000000426,1,True,False,False,False,False,False,False,False,False
2011-06-01,Canada,471992000000.0,95.28575,7.7,171.89311,3.15190476190476,0.9625,False,93.89805,99.8606674880329,-13.2587262656946,19.15,96.29,503.4,211.0,100.875773033747,0.476478795377444,91.54075,2.1894047619047603,0,-0.1735952380952397,-0.2754636591478694,0.11952380952381025,1,False,True,False,False,False,False,False,False,False
2011-06-01,France,525985100000.0,96.83,9.1,164.03364,3.49,1.42509090909091,False,101.4489,98.07323,4.02790697674417,19.15,96.29,503.4,211.0,102.009338552955,0.919842312746466,76.68448,2.06490909090909,0,-0.30388038277511953,-0.44834090909091007,0.1069545454545402,1,False,False,True,False,False,False,False,False,False
2011-06-01,Germany,718944710000.0,95.06461,5.6,93.21104,3.06090909090909,1.42509090909091,False,97.71263,101.5066,8.5215390411385,19.15,96.29,503.4,211.0,102.320360185306,1.61691542288558,71.42152,1.63581818181818,0,-0.3834976076554999,-0.47643181818181946,0.14513636363636007,1,False,False,False,True,False,False,False,False,False
2011-06-01,Italy,433309600000.0,95.34884,8.3,138.29416,4.756,1.42509090909091,True,112.2302,98.10448,-0.798972008017151,19.15,96.29,503.4,211.0,102.360853370896,1.44508670520216,84.69145,3.33090909090909,0,-0.1888803827751202,-0.3183409090909093,0.18895454545454005,0,False,False,False,False,True,False,False,False,False
2011-06-01,Japan,127058300000000.0,96.4113,4.6,115.0231447195454,1.118,0.1259,True,90.2194,98.23683,22.5829845783887,19.15,96.29,503.4,211.0,100.097544583427,4.19924507167149,52.99171,0.9921000000000001,0,-0.09449999999999992,-0.13029999999999997,-0.041999999999999926,0,False,False,False,False,False,True,False,False,False
2011-06-01,South Korea,367040100000000.0,94.3454935339546,3.2,96.73413848876952,4.34,3.46,True,96.77821,100.1997,-1.77040091531305,19.15,96.29,503.4,211.0,100.485132550819,0.49382716049382,103.2426,0.8799999999999999,0,-0.20000000000000062,-0.75,-0.8700000000000006,0,False,False,False,False,False,False,True,False,False
2011-06-01,UK,473819000000.0,93.5,7.9,146.9433,3.5053,0.82344,False,90.04739,97.00706,0.739998660803187,19.15,96.29,503.4,211.0,100.493954855862,1.43198090692127,87.82962,2.6818600000000004,0,-0.25907999999999953,-0.3984199999999998,0.10987000000000036,0,False,False,False,False,False,False,False,True,False
2011-06-01,USA,16920632000000.002,95.33662,9.0,126.19207,3.17,0.21,False,92.83488,98.29892,-9.61302211302221,19.15,96.29,503.4,211.0,100.25340108243,0.12709448025392,75.94405,2.96,0,-0.27,-0.33999999999999986,0.4700000000000002,1,False,False,False,False,False,False,False,False,True
2011-07-01,Australia,448931000000.0,92.22196,4.916713,152.59202314161467,5.16,4.99,False,83.2466,100.184,3.10579100614705,19.23,97.19,509.1,220.3,99.9165621915913,71993600000.0,82.71181,0.16999999999999993,0,-0.15500000000000025,-0.34499999999999975,-0.35499999999999954,1,True,False,False,False,False,False,False,False,False
2011-07-01,Canada,472848750000.0,94.65367,7.7,161.53824,2.98772727272727,0.928,False,92.25392,99.7447252774005,13.0814171223125,19.23,97.19,509.1,220.3,100.581789334894,-0.759798784321997,92.72158,2.05972727272727,0,-0.1296774891774901,-0.28079446640315986,-0.15103463203462963,1,False,True,False,False,False,False,False,False,False
2011-07-01,France,525831400000.00006,96.91,9.2,228.3782,3.43,1.48859090909091,False,104.7635,98.10641,-5.2920727890548,19.23,97.19,509.1,220.3,101.828414225537,-1.82291666666671,76.09155,1.9414090909090902,0,-0.12349999999999994,-0.49306916996047967,-0.3768952569169999,1,False,False,True,False,False,False,False,False,False
2011-07-01,Germany,719625590000.0,95.15791,5.5,172.59468,2.89090909090909,1.48859090909091,False,98.67912,101.4671,-14.6612781127862,19.23,97.19,509.1,220.3,102.014537399456,-2.6927784577724,72.65536,1.4023181818181802,0,-0.23349999999999982,-0.6338992094861697,-0.49074807076980975,1,False,False,False,True,False,False,False,False,False
2011-07-01,Italy,433669900000.0,95.44186,8.2,97.67909,4.816,1.48859090909091,True,110.1246,98.02701,-0.327931956793248,19.23,97.19,509.1,220.3,102.1872843834,-1.13960113960139,80.79442,3.32740909090909,0,-0.0035000000000002807,-0.3720691699604801,-0.2538952569170001,0,False,False,False,False,True,False,False,False,False
2011-07-01,Japan,125980200000000.0,96.30949,4.7,116.5084442188705,1.084,0.113,True,96.17244,98.02821,17.265732825369,19.23,97.19,509.1,220.3,100.035462789218,2.22457627118642,55.51476,0.9710000000000001,0,-0.021100000000000008,-0.11539999999999995,-0.0360999999999998,0,False,False,False,False,False,True,False,False,False
2011-07-01,South Korea,368841500000000.0,94.5278657965038,3.3,129.98988342285156,4.24,3.53,True,97.19104,100.2511,0.676871890273212,19.23,97.19,509.1,220.3,100.250769688294,0.614250614250622,106.9046,0.7100000000000004,0,-0.16999999999999948,-0.4499999999999993,-0.9499999999999997,0,False,False,False,False,False,False,True,False,False
2011-07-01,UK,474365000000.0,93.5,8.0,198.10659,3.4144,0.82512,False,90.88994,97.36995,0.301195077035987,19.23,97.19,509.1,220.3,100.276661089563,-2.11764705882354,89.6133,2.58928,0,-0.09258000000000033,-0.34018999999999977,-0.2708999999999997,0,False,False,False,False,False,False,False,True,False
2011-07-01,USA,17035114000000.002,95.23452,9.1,158.08862,3.0,0.22,False,92.95879,98.28327,-3.61875637104988,19.23,97.19,509.1,220.3,100.053830516165,-0.407225091494623,77.6741,2.78,0,-0.18000000000000016,-0.3500000000000001,-0.2100000000000004,1,False,False,False,False,False,False,False,False,True
2011-08-01,Australia,448931000000.0,92.59345,5.092478,229.396840089949,5.02,4.96,False,83.2466,99.80777,6.25756421175307,35.03,86.33,535.4,221.1,99.7287434081394,71993600000.0,76.76531,0.05999999999999961,0,-0.11000000000000032,-0.5525000000000002,-0.5,1,True,False,False,False,False,False,False,False,False
2011-08-01,Canada,472848750000.0,94.81169,7.4,203.41888,2.9385,0.9225,False,92.8283,99.5346772558782,-7.43997350554699,35.03,86.33,535.4,221.1,100.289969827023,2.22028618195262,86.53025,2.016,0,-0.04372727272727017,-0.347,-0.2745000000000002,1,False,True,False,False,False,False,False,False,False
2011-08-01,France,525831400000.00006,96.48,9.2,211.36402,3.4,1.59761904761905,False,101.9196,98.08308,9.30962651732866,35.03,86.33,535.4,221.1,101.600193777306,0.928381962864688,64.30946,1.80238095238095,0,-0.13902813852814022,-0.5664085213032597,-0.62038095238095,1,False,False,True,False,False,False,False,False,False
2011-08-01,Germany,719625590000.0,95.34449,5.5,184.0123,2.74380952380952,1.59761904761905,True,97.13273,101.4557,15.7623714076319,35.03,86.33,535.4,221.1,101.644085793582,2.64150943396233,59.23936,1.14619047619047,0,-0.25612770562771026,-0.87312531328321,-0.8532380952381002,0,False,False,False,True,False,False,False,False,False
2011-08-01,Italy,433669900000.0,95.72093,8.4,125.64203,5.463,1.59761904761905,True,109.177,98.11465,-3.8993091875796,35.03,86.33,535.4,221.1,101.943515254294,-0.28818443803994,67.46806,3.86538095238095,0,0.5379718614718603,0.3455914786967398,0.15361904761905,0,False,False,False,False,True,False,False,False,False
2011-08-01,Japan,125980200000000.0,96.30949,4.7,145.93925151619206,1.075,0.1247,True,100.0727,98.17141,5.13664013709954,35.03,86.33,535.4,221.1,99.9927295309512,2.69912037594859,50.19857,0.9502999999999999,0,-0.020700000000000163,-0.1363000000000001,-0.13380000000000014,0,False,False,False,False,False,True,False,False,False
2011-08-01,South Korea,368841500000000.0,94.983269365413,3.4,134.77984619140625,4.23,3.59,True,97.96138,100.2089,-0.72808674967545,35.03,86.33,535.4,221.1,99.9642610551094,0.854700854700852,92.78563,0.6400000000000006,0,-0.06999999999999984,-0.43999999999999995,-1.1199999999999997,0,False,False,False,False,False,False,True,False,False
2011-08-01,UK,474365000000.0,93.5,8.2,194.19764,3.3137,0.8289,False,91.10058,97.39727,-2.73893993750634,35.03,86.33,535.4,221.1,99.9676487734876,-0.240384615384559,79.83832,2.4848,0,-0.10448000000000013,-0.45614,-0.47384000000000004,0,False,False,False,False,False,False,False,True,False
2011-08-01,USA,17035114000000.002,95.3189,9.0,197.91636,3.0,0.24,False,93.22564,97.97703,1.81561783888591,35.03,86.33,535.4,221.1,99.785640044222,0.636528854511487,68.76672,2.76,0,-0.020000000000000018,-0.4700000000000002,-0.3400000000000003,1,False,False,False,False,False,False,False,False,True
2011-09-01,Australia,448931000000.0,92.59345,5.270267,337.043862999761,4.4925,4.86,False,84.92751,99.37168,1.18540392322306,36.53,85.61,509.6,222.6,99.5879813428942,72705300000.0,74.20028,-0.3675000000000006,1,-0.4275000000000002,-0.6925000000000008,-1.057500000000001,1,True,False,False,False,False,False,False,False,False
2011-09-01,Canada,472848750000.0,95.04872,7.4,337.30731,2.44636363636364,0.874,False,94.47385,99.2570576898217,0.055459148075987,36.53,85.61,509.6,222.6,100.031534597411,-0.991761150856141,84.74576,1.5723636363636397,0,-0.4436363636363603,-0.6170411255411206,-0.89250478468899,1,False,True,False,False,False,False,False,False,False
2011-09-01,France,525831400000.00006,96.98,9.2,256.70833,2.98,1.55208695652174,False,103.0278,97.96291,-1.61362593462358,36.53,85.61,509.6,222.6,101.329207336378,-0.131406044677995,60.32637,1.42791304347826,0,-0.3744679089026899,-0.63699604743083,-1.0853369565217401,1,False,False,True,False,False,False,False,False,False
2011-09-01,Germany,719625590000.0,95.43778,5.4,280.61475,2.21347826086957,1.55208695652174,True,100.2255,101.2962,-3.03735922717964,36.53,85.61,509.6,222.6,101.226756626083,0.36764705882355,54.41392,0.6613913043478299,0,-0.4847991718426401,-0.9744268774703502,-1.4508586956521696,0,False,False,False,True,False,False,False,False,False
2011-09-01,Italy,433669900000.0,96.0,8.5,173.38817,5.271,1.55208695652174,True,108.8612,98.02129,2.03111444457484,36.53,85.61,509.6,222.6,101.62745717247,0.192678227360021,63.08325,3.71891304347826,0,-0.14646790890269035,0.38800395256916964,0.06966304347826036,0,False,False,False,False,True,False,False,False,False
2011-09-01,Japan,125980200000000.0,96.4113,4.5,232.41452741383824,1.023,0.122,True,100.9965,98.46101,15.0904132471864,36.53,85.61,509.6,222.6,99.9615663034737,0.808080808080835,48.607,0.9009999999999999,0,-0.04930000000000001,-0.09110000000000018,-0.22140000000000015,0,False,False,False,False,False,True,False,False,False
2011-09-01,South Korea,368841500000000.0,95.6210451968716,3.2,219.3811798095703,3.96,3.59,True,98.09332,100.0655,-0.498776670079404,36.53,85.61,509.6,222.6,99.6470476791374,-1.45278450363195,89.14849,0.3700000000000001,0,-0.27000000000000046,-0.5099999999999998,-1.2599999999999998,0,False,False,False,False,False,False,True,False,False
2011-09-01,UK,474365000000.0,93.9,8.3,203.31244,2.7833,0.85782,False,90.78462,97.10565,5.40369164126948,36.53,85.61,509.6,222.6,99.5946045202609,0.481927710843277,79.28227,1.92548,0,-0.5593199999999998,-0.7563800000000003,-1.1548,0,False,False,False,False,False,False,False,True,False
2011-09-01,USA,17035114000000.002,95.58175,9.0,245.12671,2.3,0.29,False,93.66814,97.40202,-0.796398891966787,36.53,85.61,509.6,222.6,99.499594522811,0.0420690461698792,66.55733,2.01,0,-0.75,-0.9500000000000002,-1.29,1,False,False,False,False,False,False,False,False,True
2011-10-01,Australia,455215000000.0,92.59345,5.221909,200.57419156557984,4.2025,4.81,False,84.92751,99.202,-2.51813557908807,32.83,86.41,488.6,231.6,99.4932216256059,72705300000.0,76.03514,-0.6074999999999999,1,-0.23999999999999932,-0.7774999999999999,-1.1224999999999996,1,True,False,False,False,False,False,False,False,False
2011-10-01,Canada,479318500000.0,95.28575,7.5,280.67029,2.19666666666667,0.8725,False,95.47288,98.9444979525412,-0.60971248748396,32.83,86.41,488.6,231.6,99.8206216342127,-0.0469544802400357,83.03756,1.3241666666666698,0,-0.24819696969696992,-0.7355606060606004,-1.0163550724637602,1,False,True,False,False,False,False,False,False,False
2011-10-01,France,528135700000.00006,96.91,9.2,312.25346,2.64,1.53645454545455,True,102.1452,97.68269,-2.81158434204318,32.83,86.41,488.6,231.6,101.017724050369,-0.263157894736921,63.06042,1.1035454545454502,0,-0.3243675889328099,-0.83786363636364,-1.3309328063241197,0,False,False,True,False,False,False,False,False,False
2011-10-01,Germany,725980610000.0,95.62437,5.4,377.84379,1.82909090909091,1.53645454545455,True,99.45232,100.9683,0.910622273497119,32.83,86.41,488.6,231.6,100.804303921285,0.0,58.46436,0.29263636363636003,0,-0.36875494071146986,-1.1096818181818202,-1.74358102766799,0,False,False,False,True,False,False,False,False,False
2011-10-01,Italy,431458400000.0,96.0,9.0,171.93279,5.746,1.53645454545455,True,107.9137,97.84885,-0.232078995802831,32.83,86.41,488.6,231.6,101.246015659434,-0.480769230769496,68.24785,4.2095454545454505,0,0.4906324110671907,0.8821363636363606,0.5100671936758805,0,False,False,False,False,True,False,False,False,False
2011-10-01,Japan,129034375000000.0,96.4113,4.2,149.38720546248152,0.975,0.1149,True,102.536,98.72131,2.87187783253993,32.83,86.41,488.6,231.6,99.9192859836896,-2.80815062014194,48.34142,0.8601,0,-0.040899999999999936,-0.11090000000000011,-0.22630000000000006,0,False,False,False,False,False,True,False,False,False
2011-10-01,South Korea,370782800000000.0,95.5293319781329,3.3,248.31858825683597,3.75,3.58,True,97.36128,99.83789,0.852928007594667,32.83,86.41,488.6,231.6,99.3107747506733,0.859950859950853,90.65257,0.16999999999999993,0,-0.20000000000000018,-0.5400000000000005,-0.9899999999999998,0,False,False,False,False,False,False,True,False,False
2011-10-01,UK,475813000000.0,94.5,8.4,288.86507,2.504,0.9181,False,90.78462,96.66331,-3.33104903350341,32.83,86.41,488.6,231.6,99.2045076597499,-0.239808153477172,82.01352,1.5859,0,-0.33958,-1.00338,-1.3435699999999997,0,False,False,False,False,False,False,False,True,False
2011-10-01,USA,17031312999999.998,95.72689,9.0,204.62979,1.98,0.33,False,94.26667,96.91122,4.15357766143103,32.83,86.41,488.6,231.6,99.2613482652516,-0.370811681697836,67.9489,1.65,0,-0.3599999999999999,-1.13,-1.48,1,False,False,False,False,False,False,False,False,True
2011-11-01,Australia,455215000000.0,92.7792,5.187593,200.2594762872865,4.37,4.72,False,84.92751,99.38837,4.21050380634662,31.94,97.21,442.8,234.9,99.4225075493836,72705300000.0,76.3475,-0.34999999999999964,1,0.2575000000000003,-0.40999999999999925,-0.9624999999999995,1,True,False,False,False,False,False,False,False,False
2011-11-01,Canada,479318500000.0,95.44377,7.5,300.83356,2.296,0.8625,False,96.11541,98.7472249302584,3.29573461420842,31.94,97.21,442.8,234.9,99.6722627382742,0.109611921601349,83.95289,1.4334999999999998,0,0.10933333333332995,-0.5825000000000002,-0.9295000000000002,1,False,True,False,False,False,False,False,False,False
2011-11-01,France,528135700000.00006,97.14,9.3,298.85209,2.99,1.57585714285714,True,101.4489,97.56694,3.2028771129504,31.94,97.21,442.8,234.9,100.709076003148,0.923482849604307,60.70616,1.4141428571428603,0,0.3105974025974101,-0.3882380952380897,-0.9546466165413494,0,False,False,True,False,False,False,False,False,False
2011-11-01,Germany,725980610000.0,95.62437,5.3,217.81927,2.00238095238095,1.57585714285714,True,97.90593,100.7091,-1.47841169033429,31.94,97.21,442.8,234.9,100.434245320787,-0.366300366300398,58.11156,0.4265238095238102,0,0.13388744588745016,-0.7196666666666598,-1.5927919799498698,0,False,False,False,True,False,False,False,False,False
2011-11-01,Italy,431458400000.0,96.55814,8.9,203.88968,5.972,1.57585714285714,True,107.5978,97.6705,-4.41797457547288,31.94,97.21,442.8,234.9,100.816405724591,-0.579710144926715,65.22812,4.396142857142861,0,0.18659740259741042,0.5307619047619108,0.8763533834586505,0,False,False,False,False,True,False,False,False,False
2011-11-01,Japan,129034375000000.0,96.51311,4.4,161.4955773027881,1.038,0.1208,True,101.9202,98.95585,4.73496717424653,31.94,97.21,442.8,234.9,99.8767604433719,-0.205973223480449,47.05346,0.9172,0,0.05710000000000004,-0.03309999999999991,-0.1694,0,False,False,False,False,False,True,False,False,False
2011-11-01,South Korea,370782800000000.0,95.3480138905116,3.2,187.10142517089844,3.86,3.58,True,97.82412,99.76992,-5.50611614087237,31.94,97.21,442.8,234.9,98.9838874934567,0.121802679658956,92.42266,0.2799999999999998,0,0.10999999999999988,-0.36000000000000076,-0.8000000000000007,0,False,False,False,False,False,False,True,False,False
2011-11-01,UK,475813000000.0,94.5,8.5,334.33163,2.529,0.96991,False,91.10058,96.27867,-0.0317414224919488,31.94,97.21,442.8,234.9,98.8412622081355,0.240384615384581,81.92102,1.5590899999999999,0,-0.026810000000000223,-0.92571,-1.38185,0,False,False,False,False,False,False,False,True,False
2011-11-01,USA,17031312999999.998,95.52943,8.8,159.73957,2.15,0.37,False,94.19847,96.84426,6.92024128686333,31.94,97.21,442.8,234.9,99.1376257983064,0.634326416056652,68.64421,1.7799999999999998,0,0.1299999999999999,-0.98,-1.4500000000000002,1,False,False,False,False,False,False,False,False,True
2011-12-01,Australia,455215000000.0,92.7792,5.230971,287.1683602212968,4.0825,4.62,False,85.84814,99.62115,-6.020561016149,25.05,98.57,452.1,236.7,99.373713632351,73399900000.0,75.96712,-0.5375000000000005,1,-0.1875000000000009,-0.16999999999999993,-0.8625000000000007,1,True,False,False,False,False,False,False,False,False
2011-12-01,Canada,479318500000.0,95.52278,7.6,399.84627,2.12238095238095,0.882,True,95.47972,98.6339928490371,1.50821156759955,25.05,98.57,452.1,236.7,99.5815959315183,0.612633280325481,82.75748,1.2403809523809497,0,-0.19311904761905008,-0.33198268398269004,-0.9490238095238106,0,False,True,False,False,False,False,False,False,False
2011-12-01,France,528135700000.00006,97.41,9.3,361.36985,3.41,1.48468181818182,True,101.6549,97.55197,0.333160097376837,25.05,98.57,452.1,236.7,100.434986564466,0.130718954248299,61.66168,1.9253181818181802,0,0.5111753246753199,0.49740513833992006,-0.13959090909091,0,False,False,True,False,False,False,False,False,False
2011-12-01,Germany,725980610000.0,95.81095,5.2,327.94839,1.87409090909091,1.48468181818182,True,99.06572,100.5145,-1.39120849077359,25.05,98.57,452.1,236.7,100.156239719048,0.490196078431415,58.37954,0.3894090909090899,0,-0.037114718614720266,-0.27198221343873996,-1.2464090909090901,0,False,False,False,True,False,False,False,False,False
2011-12-01,Italy,431458400000.0,96.46512,9.5,218.438,7.057,1.48468181818182,True,106.2292,97.54018,0.257144869122694,25.05,98.57,452.1,236.7,100.389438558911,1.1661807580168,65.18739,5.57231818181818,0,1.1761753246753193,1.8534051383399204,2.24140909090909,0,False,False,False,False,True,False,False,False,False
2011-12-01,Japan,129034375000000.0,95.90227,4.5,155.33528707580479,1.062,0.1153,True,103.5624,99.11446,-3.59735152870587,25.05,98.57,452.1,236.7,99.8667933351571,1.64705011473829,47.1927,0.9467000000000001,0,0.02950000000000008,0.045700000000000185,-0.045399999999999996,0,False,False,False,False,False,True,False,False,False
2011-12-01,South Korea,370782800000000.0,95.4386729343223,3.3,221.1630706787109,3.8,3.56,True,100.116,99.89432,-3.79604436668531,25.05,98.57,452.1,236.7,98.6951956335958,-0.486618004866191,92.5584,0.23999999999999977,0,-0.040000000000000036,-0.13000000000000034,-0.6400000000000001,0,False,False,False,False,False,False,True,False,False
2011-12-01,UK,475813000000.0,94.7,8.4,380.26802,2.2917,1.01182,False,90.78462,96.03825,-0.168950160876891,25.05,98.57,452.1,236.7,98.5386076510187,0.839328537170259,83.14214,1.2798800000000001,0,-0.27920999999999974,-0.6456,-1.4019800000000002,0,False,False,False,False,False,False,False,True,False
2011-12-01,USA,17031312999999.998,95.44885,8.6,166.33902,2.01,0.41,False,94.85697,97.07516,-0.9873060648801,25.05,98.57,452.1,236.7,99.1582680018521,1.12051756161331,69.36818,1.5999999999999999,0,-0.17999999999999994,-0.4099999999999999,-1.36,1,False,False,False,False,False,False,False,False,True
2012-01-01,Australia,460048000000.0,92.7792,5.196645,218.74685479388108,3.825,4.51,False,85.84814,99.78056,-1.60047162601823,20.23,100.24,449.5,236.7,99.348904330552,73399900000.0,76.36143,-0.6849999999999996,1,-0.14749999999999908,-0.07749999999999968,-0.8549999999999995,1,True,False,False,False,False,False,False,False,False
2012-01-01,Canada,483127750000.0,94.96971,7.5,309.3749,1.992,0.83,True,95.23417,98.6195601446503,1.40687998627436,20.23,100.24,449.5,236.7,99.5434916400991,0.1787842669845,85.88154,1.162,0,-0.07838095238094978,-0.1621666666666699,-0.8977272727272703,0,False,True,False,False,False,False,False,False,False
2012-01-01,France,529448500000.0,97.8,9.4,283.25139,3.16,1.42609523809524,True,103.724,97.38087,-6.96277071383393,20.23,100.24,449.5,236.7,100.204778444472,0.261096605744204,64.98276,1.73390476190476,0,-0.1914134199134201,0.6303593073593099,-0.20750432900433013,0,False,False,True,False,False,False,False,False,False
2012-01-01,Germany,723710930000.0,95.99754,5.2,203.20614,1.92761904761905,1.42609523809524,True,98.38918,100.4952,8.01541037668325,20.23,100.24,449.5,236.7,99.9790085704349,-0.731707317073216,62.40877,0.5015238095238099,0,0.11211471861472,0.2088874458874499,-0.9007943722943703,0,False,False,False,True,False,False,False,False,False
2012-01-01,Italy,427180500000.0,96.83721,9.7,188.17797,6.812,1.42609523809524,True,106.9661,97.58946,-1.42518698138226,20.23,100.24,449.5,236.7,99.9900932656649,-1.92122958693577,66.91428,5.38590476190476,0,-0.18641341991342042,1.1763593073593093,2.05849567099567,0,False,False,False,False,True,False,False,False,False
2012-01-01,Japan,128864775000000.0,96.00407,4.5,135.2272208065093,0.971,0.1143,True,101.5097,99.21555,-0.603769820654965,20.23,100.24,449.5,236.7,99.8784597089208,-1.81263807961163,47.84957,0.8567,0,-0.09000000000000008,-0.0033999999999999586,-0.11430000000000007,0,False,False,False,False,False,True,False,False,False
2012-01-01,South Korea,372534000000000.0,95.8023632844928,3.2,270.3650207519531,3.81,3.55,True,97.78795,99.99715,0.371163329912072,20.23,100.24,449.5,236.7,98.4836823552705,-0.977995110024432,94.29021,0.26000000000000023,0,0.020000000000000462,0.0900000000000003,-0.4500000000000002,0,False,False,False,False,False,False,True,False,False
2012-01-01,UK,476479000000.0,95.0,8.3,324.93907,2.1828,1.06148,False,91.20589,96.06461,-1.61794047208632,20.23,100.24,449.5,236.7,98.3204484688806,-0.951248513674108,86.26339,1.1213199999999999,0,-0.15856000000000026,-0.4645800000000002,-1.4679600000000002,0,False,False,False,False,False,False,False,True,False
2012-01-01,USA,17222582999999.998,95.21342,8.5,189.39836,1.98,0.49,False,94.85588,97.51543,-0.553972776195,20.23,100.24,449.5,236.7,99.3034356397615,0.0893565774049199,72.31305,1.49,0,-0.10999999999999988,-0.15999999999999992,-1.2899999999999998,1,False,False,False,False,False,False,False,False,True
2012-02-01,Australia,460048000000.0,92.7792,5.049789,140.26635776760406,3.795,4.41,False,85.84814,99.70399,5.00821018062423,18.42,102.25,452.7,236.2,99.3429018027504,73399900000.0,77.64388,-0.6150000000000002,1,0.0699999999999994,-0.26500000000000057,-0.6749999999999998,1,True,False,False,False,False,False,False,False,False
2012-02-01,Canada,483127750000.0,95.36476,7.7,235.51641,1.98,0.825,True,96.14821,98.5758830695748,11.1635468403687,18.42,102.25,452.7,236.2,99.5381767646757,1.79499780151564,87.51072,1.155,0,-0.006999999999999895,-0.27849999999999975,-0.861,0,False,True,False,False,False,False,False,False,False
2012-02-01,France,529448500000.0,97.46,9.5,289.39777,3.18,1.22222727272727,True,101.6843,97.30495,-2.58272091142445,18.42,102.25,452.7,236.2,100.033855686711,-0.520833333333393,68.63309,1.95777272727273,0,0.22386796536797005,0.5436298701298699,0.15539177489178013,0,False,False,True,False,False,False,False,False,False
2012-02-01,Germany,723710930000.0,95.90424,5.1,193.76167,1.82090909090909,1.22222727272727,True,97.32603,100.6093,-3.63774488916685,18.42,102.25,452.7,236.2,99.8978316045786,0.0,67.23806,0.5986818181818199,0,0.09715800865800994,0.17215800865800968,-0.5475086580086501,0,False,False,False,True,False,False,False,False,False
2012-02-01,Italy,427180500000.0,97.11628,9.7,179.26256,6.537,1.22222727272727,True,108.019,97.42487,-5.31046021450796,18.42,102.25,452.7,236.2,99.5977131506619,-0.685602350636616,71.86177,5.31477272727273,0,-0.0711320346320301,0.9186298701298687,1.4493917748917795,0,False,False,False,False,True,False,False,False,False
2012-02-01,Japan,128864775000000.0,96.20769,4.5,138.489547651345,0.959,0.1242,True,103.5624,99.32465,14.2187520733898,18.42,102.25,452.7,236.2,99.90080681854,1.76307313104724,51.52584,0.8348,0,-0.02190000000000003,-0.08240000000000003,-0.11549999999999994,0,False,False,False,False,False,True,False,False,False
2012-02-01,South Korea,372534000000000.0,96.1850287833679,3.2,254.889404296875,3.8,3.55,True,96.07278,99.8632,0.209462645645964,18.42,102.25,452.7,236.2,98.3934603342314,2.09876543209877,99.60397,0.25,0,-0.010000000000000231,-0.029999999999999805,-0.39000000000000057,0,False,False,False,False,False,False,True,False,False
2012-02-01,UK,476479000000.0,94.7,8.3,252.60074,2.1104,1.08709,False,92.04845,96.25303,3.83069050599181,18.42,102.25,452.7,236.2,98.1950429654615,0.840336134453779,89.36356,1.02331,0,-0.09800999999999993,-0.5357799999999999,-1.46149,0,False,False,False,False,False,False,False,True,False
2012-02-01,USA,17222582999999.998,95.63238,8.3,178.28653,1.97,0.4,False,95.354,98.06004,12.5895272958778,18.42,102.25,452.7,236.2,99.5213479065021,-0.294138988309611,75.6142,1.5699999999999998,0,0.07999999999999985,-0.20999999999999996,-1.19,1,False,False,False,False,False,False,False,False,True
2012-03-01,Australia,460048000000.0,92.7792,5.191335,227.51042267389278,3.97,4.37,False,86.26995,99.69137,-0.306404919383496,16.17,106.19,478.1,238.6,99.3599758180865,73921500000.0,77.58922,-0.3999999999999999,1,0.2150000000000003,0.13750000000000062,-0.03249999999999931,1,True,False,False,False,False,False,False,False,False
2012-03-01,Canada,483127750000.0,95.75981,7.6,184.25955,2.021,0.918,True,96.15933,98.6769532230303,-2.36253908597949,16.17,106.19,478.1,238.6,99.5472679495978,-0.947734837513037,86.92337,1.1029999999999998,0,-0.05200000000000027,-0.13738095238094994,-0.46936363636364,0,False,True,False,False,False,False,False,False,False
2012-03-01,France,529448500000.0,97.86,9.5,299.14963,3.02,1.04828571428571,True,101.1743,97.51556,-0.631064748807358,16.17,106.19,478.1,238.6,99.9361335317184,0.785340314136174,70.21676,1.97171428571429,0,0.013941558441559865,0.04639610389610982,0.5438012422360299,0,False,False,True,False,False,False,False,False,False
2012-03-01,Germany,723710930000.0,96.55729,5.1,127.25827,1.85190476190476,1.04828571428571,True,97.71263,100.7016,-3.68378177499494,16.17,106.19,478.1,238.6,99.8668804676378,-1.59705159705159,68.83047,0.8036190476190499,0,0.20493722943723003,0.41420995670995997,0.14222774327122,0,False,False,False,True,False,False,False,False,False
2012-03-01,Italy,427180500000.0,97.48837,10.2,135.01561,5.546,1.04828571428571,True,103.7024,97.30032,-5.48243216315173,16.17,106.19,478.1,238.6,99.2112732296101,1.57790927021766,72.59675,4.49771428571429,0,-0.8170584415584399,-1.0746038961038904,0.77880124223603,0,False,False,False,False,True,False,False,False,False
2012-03-01,Japan,128864775000000.0,96.4113,4.5,133.0341783711457,0.962,0.1172,True,103.8703,99.42599,-2.7316799433777,16.17,106.19,478.1,238.6,99.9267586032873,0.602958643775264,54.86885,0.8448,0,0.010000000000000009,-0.1019000000000001,-0.05619999999999992,0,False,False,False,False,False,True,False,False,False
2012-03-01,South Korea,372534000000000.0,96.5497733084665,3.4,114.40123748779295,3.81,3.53,True,98.2859,99.8241,10.5032107014567,16.17,106.19,478.1,238.6,98.4196601121957,1.81378476420799,100.6228,0.28000000000000025,0,0.03000000000000025,0.04000000000000048,-0.08999999999999986,0,False,False,False,False,False,False,True,False,False
2012-03-01,UK,476479000000.0,95.2,8.2,280.63767,2.2191,1.07249,False,91.94313,96.54737,0.684459886111655,16.17,106.19,478.1,238.6,98.1548336868235,-0.357142857142845,89.09153,1.1466100000000001,0,0.12330000000000019,-0.13327,-0.77887,0,False,False,False,False,False,False,False,True,False
2012-03-01,USA,17222582999999.998,96.05344,8.3,149.63708,1.97,0.3,False,95.93408,98.52432,8.65139949109412,16.17,106.19,478.1,238.6,99.7388947310033,0.61928091956811,76.48755,1.67,0,0.10000000000000009,0.07000000000000006,-0.33999999999999986,1,False,False,False,False,False,False,False,False,True
2012-04-01,Australia,464729000000.0,92.7792,5.183006,134.0201959989223,4.15,4.44,False,86.26995,99.69532,1.68298783331193,17.82,103.33,479.4,239.0,99.4129864419773,73921500000.0,78.87788,-0.29000000000000004,1,0.10999999999999988,0.3949999999999996,0.3174999999999999,1,True,False,False,False,False,False,False,False,False
2012-04-01,Canada,483432750000.0,96.15486,7.4,187.77971,2.10681818181818,0.915,True,94.07145,98.8383976784063,0.346492038182267,17.82,103.33,479.4,239.0,99.5470201163042,-0.28216704288947,84.62113,1.1918181818181801,0,0.08881818181818035,0.02981818181818019,-0.1323484848484897,0,False,True,False,False,False,False,False,False,False
2012-04-01,France,529191600000.0,98.67,9.5,219.13884,2.95,0.858454545454546,True,102.1746,97.98243,-0.766445894731752,17.82,103.33,479.4,239.0,99.9032164721955,0.909090909090882,65.93425,2.091545454545454,0,0.11983116883116418,0.3576406926406941,0.988000000000004,0,False,False,True,False,False,False,False,False,False
2012-04-01,Germany,725299680000.0,97.11703,5.1,112.18206,1.83045454545455,0.858454545454546,True,98.09923,100.7347,6.90654134757598,17.82,103.33,479.4,239.0,99.8440214549675,1.37328339575529,66.66934,0.972000000000004,0,0.16838095238095407,0.47047619047619404,0.6793636363636439,0,False,False,False,True,False,False,False,False,False
2012-04-01,Italy,422347200000.0,97.95349,10.7,140.95085,5.049,0.858454545454546,True,104.2288,97.35861,-9.78565140168504,17.82,103.33,479.4,239.0,98.8572967841439,-3.10679611650523,65.58311,4.190545454545454,0,-0.30716883116883587,-1.1953593073593058,-0.018999999999996575,0,False,False,False,False,True,False,False,False,False
2012-04-01,Japan,130632050000000.0,96.81853,4.5,115.97369475534867,0.966,0.1172,True,103.6651,99.47792,4.63103212198419,17.82,103.33,479.4,239.0,99.9341716120114,-0.211193241816632,52.65264,0.8488,0,0.0040000000000000036,-0.007900000000000018,-0.011299999999999977,0,False,False,False,False,False,True,False,False,False
2012-04-01,South Korea,375758900000000.0,96.5771818565953,3.3,111.1845932006836,3.95,3.54,True,102.1918,100.0342,-6.07033180314039,17.82,103.33,479.4,239.0,98.5297656369683,-2.25653206650833,99.23702,0.41000000000000014,0,0.1299999999999999,0.1499999999999999,0.2400000000000002,0,False,False,False,False,False,False,True,False,False
2012-04-01,UK,480632000000.0,95.4,8.2,254.3474,2.323,1.03757,False,91.20589,96.62575,0.623750139475332,17.82,103.33,479.4,239.0,98.1658267785881,-0.716845878136285,86.81686,1.2854299999999999,0,0.13881999999999972,0.16410999999999998,-0.30047000000000024,0,False,False,False,False,False,False,False,True,False
2012-04-01,USA,17367009999999.998,96.78293,8.2,137.55312,2.17,0.29,False,96.24821,98.78316,-4.44964871194379,17.82,103.33,479.4,239.0,99.8912918592077,1.09733432048973,75.34689,1.88,0,0.20999999999999996,0.3899999999999999,0.22999999999999998,1,False,False,False,False,False,False,False,False,True
2012-05-01,Australia,464729000000.0,93.33643,4.994752,127.21565065934213,3.8575,4.2,False,86.26995,99.55537,-0.913032602351316,21.0,94.7,467.8,239.0,99.5023984815605,73921500000.0,76.62283,-0.34250000000000025,1,-0.05250000000000021,0.27249999999999996,0.007499999999999396,1,True,False,False,False,False,False,False,False,False
2012-05-01,Canada,483432750000.0,96.54991,7.4,173.85983,2.0645,0.9825,True,94.23629,98.9864059602924,0.196807583823189,21.0,94.7,467.8,239.0,99.5244378661803,0.774296444924638,81.09511,1.0819999999999999,0,-0.10981818181818026,-0.07300000000000018,-0.3514999999999999,0,False,True,False,False,False,False,False,False,False
2012-05-01,France,529191600000.0,98.8,9.6,330.94552,2.99,0.744315789473684,True,101.3803,98.53339,0.618624627849101,21.0,94.7,467.8,239.0,99.8956428483431,0.900900900900869,62.71988,2.245684210526316,0,0.15413875598086202,0.28791148325358606,0.8315413533834559,0,False,False,True,False,False,False,False,False,False
2012-05-01,Germany,725299680000.0,96.93046,5.1,139.84864,1.62421052631579,0.744315789473684,True,98.87242,100.7549,-5.68470081021116,21.0,94.7,467.8,239.0,99.7901216425529,0.492610837438456,62.91772,0.879894736842106,0,-0.09210526315789802,0.2812129186602861,0.45337092731829576,0,False,False,False,True,False,False,False,False,False
2012-05-01,Italy,422347200000.0,98.4186,10.7,190.2788,5.676,0.744315789473684,True,104.5447,97.15871,11.607022571841,21.0,94.7,467.8,239.0,98.5211051657076,1.90380761523072,60.99834,4.931684210526316,0,0.7411387559808622,-0.38308851674641353,0.5355413533834552,0,False,False,False,False,True,False,False,False,False
2012-05-01,Japan,130632050000000.0,96.92033,4.5,139.24960715080468,0.914,0.1228,True,103.4598,99.50378,-7.47884709463336,21.0,94.7,467.8,239.0,99.9166613482017,-0.0174544587620784,48.31176,0.7912,0,-0.057599999999999985,-0.04359999999999997,-0.126,0,False,False,False,False,False,True,False,False,False
2012-05-01,South Korea,375758900000000.0,96.567694282243,3.3,122.19598388671876,3.9,3.54,True,99.03495,100.3174,-1.36598580670788,21.0,94.7,467.8,239.0,98.6691100061243,-0.607533414337791,93.86509,0.3599999999999999,0,-0.050000000000000266,0.10999999999999988,0.08000000000000007,0,False,False,False,False,False,False,True,False,False
2012-05-01,UK,480632000000.0,95.9,8.1,222.4167,2.2117,1.01792,False,91.52185,96.48772,0.123692394337183,21.0,94.7,467.8,239.0,98.1972275601408,1.68471720818291,82.94213,1.19378,0,-0.09164999999999979,0.17047000000000012,-0.3653099999999998,0,False,False,False,False,False,False,False,True,False
2012-05-01,USA,17367009999999.998,97.07532,8.2,136.59669,2.05,0.29,True,95.74862,98.9079,-0.258714596949872,21.0,94.7,467.8,239.0,99.95145205039,0.200397722776047,72.17181,1.7599999999999998,0,-0.1200000000000001,0.18999999999999995,-0.020000000000000018,0,False,False,False,False,False,False,False,False,True
2012-06-01,Australia,464729000000.0,93.33643,5.200378,244.48985882172903,3.2775,3.66,True,86.15422,99.43723,2.28678419657515,21.13,82.41,457.0,237.3,99.6316288547918,74979200000.0,74.01759,-0.3825000000000003,1,-0.040000000000000036,0.017499999999999627,0.15500000000000025,0,True,False,False,False,False,False,False,False,False
2012-06-01,Canada,483432750000.0,96.4709,7.6,258.1725,1.92227272727273,0.988,True,95.08273,99.0171009786308,-2.81965663232557,21.13,82.41,457.0,237.3,99.4692655596264,-1.52648372686646,80.17008,0.93427272727273,0,-0.14772727272726982,-0.16872727272726973,-0.30610822510821967,0,False,True,False,False,False,False,False,False,False
2012-06-01,France,529191600000.0,98.75,9.7,313.97367,2.75,0.684909090909091,True,101.596,98.88926,1.57949625892825,21.13,82.41,457.0,237.3,99.8641306706563,-2.55102040816325,61.78586,2.065090909090909,0,-0.1805933014354073,0.0933766233766189,0.13977272727272871,0,False,False,True,False,False,False,False,False,False
2012-06-01,Germany,725299680000.0,96.93046,5.1,169.59648,1.33681818181818,0.684909090909091,True,97.42268,100.7819,-2.64463515355395,21.13,82.41,457.0,237.3,99.6807616382138,0.122549019607843,59.9411,0.6519090909090889,0,-0.22798564593301707,-0.151709956709961,0.26249999999999896,0,False,False,False,True,False,False,False,False,False
2012-06-01,Italy,422347200000.0,98.4186,10.6,147.67372,5.783,0.684909090909091,True,103.176,96.45905,-0.277374907852979,21.13,82.41,457.0,237.3,98.1926089451045,-1.76991150442517,59.44327,5.098090909090909,0,0.16640669856459311,0.6003766233766195,-0.47422727272727094,0,False,False,False,False,True,False,False,False,False
2012-06-01,Japan,130632050000000.0,96.61491,4.4,143.50516910266037,0.846,0.1205,True,102.9466,99.51244,2.25536908776496,21.13,82.41,457.0,237.3,99.8664391186028,-0.0043414543243414,47.26297,0.7255,0,-0.06569999999999998,-0.11929999999999996,-0.22120000000000006,0,False,False,False,False,False,True,False,False,False
2012-06-01,South Korea,375758900000000.0,96.7405789704401,3.1,174.75238037109375,3.75,3.54,True,100.1883,100.5636,-4.67038617096939,21.13,82.41,457.0,237.3,98.7986517564952,0.366748166259168,91.80463,0.20999999999999996,0,-0.1499999999999999,-0.07000000000000028,-0.029999999999999805,0,False,False,False,False,False,False,True,False,False
2012-06-01,UK,480632000000.0,95.9,8.0,378.44966,1.9416,1.005,False,91.73249,96.35075,3.41397713687925,21.13,82.41,457.0,237.3,98.2396816856499,-1.06508875739639,82.78458,0.9366000000000001,0,-0.25717999999999996,-0.21001000000000003,-0.34328000000000003,0,False,False,False,False,False,False,False,True,False
2012-06-01,USA,17367009999999.998,96.9614,8.2,158.56198,1.8,0.29,True,96.44479,98.94286,-4.66894197952209,21.13,82.41,457.0,237.3,99.9235148040535,-0.606239916790607,70.76199,1.51,0,-0.24999999999999978,-0.15999999999999992,-0.08999999999999986,0,False,False,False,False,False,False,False,False,True
2012-07-01,Australia,467987000000.0,93.33643,5.162561,236.63801800385235,2.995,3.49,True,86.15422,99.41872,-4.41373069249982,17.57,87.93,435.9,238.5,99.7702382030977,74979200000.0,75.5226,-0.4950000000000001,1,-0.11249999999999982,-0.20500000000000007,0.1899999999999995,0,True,False,False,False,False,False,False,False,False
2012-07-01,Canada,485004250000.0,96.07585,7.4,249.1064,1.74761904761905,0.8825,True,95.02769,99.0487317248992,2.5176085486933,17.57,87.93,435.9,238.5,99.3873939463085,0.658423412914377,81.07572,0.8651190476190501,0,-0.06915367965367991,-0.32669913419913,-0.2968809523809498,0,False,True,False,False,False,False,False,False,False
2012-07-01,France,528691000000.00006,98.78,9.7,380.17915,2.57,0.658857142857143,True,100.0956,99.06328,-2.54937892091613,17.57,87.93,435.9,238.5,99.7887465275289,1.30890052356021,64.64759,1.9111428571428568,0,-0.15394805194805206,-0.18040259740259734,0.17723809523809675,0,False,False,True,False,False,False,False,False,False
2012-07-01,Germany,726661440000.0,96.74387,5.1,202.49006,1.30047619047619,0.658857142857143,True,99.06572,100.7697,-0.481387709313741,17.57,87.93,435.9,238.5,99.5154097216553,-0.367197062423519,63.28787,0.6416190476190469,0,-0.010290043290042017,-0.3303809523809571,0.14009523809523694,0,False,False,False,True,False,False,False,False,False
2012-07-01,Italy,419511400000.0,98.60465,10.9,141.2333,5.904,0.658857142857143,True,104.7552,95.93335,-6.5730398691548,17.57,87.93,435.9,238.5,97.9150497094161,0.200200200200906,61.07292,5.245142857142857,0,0.14705194805194743,1.0545974025974028,-0.1407619047619031,0,False,False,False,False,True,False,False,False,False
2012-07-01,Japan,129451150000000.0,96.10588,4.3,171.3837543129177,0.789,0.1188,True,101.0991,99.52742,3.95734592156218,17.57,87.93,435.9,238.5,99.7779179663288,-0.0879709069910417,48.08937,0.6702,0,-0.055300000000000016,-0.17859999999999998,-0.1865,0,False,False,False,False,False,True,False,False,False
2012-07-01,South Korea,377885600000000.0,96.6035362297961,3.2,207.79298400878903,3.63,3.54,True,100.6097,100.5342,12.804769998013,17.57,87.93,435.9,238.5,98.887957292166,2.0706455542022,90.82909,0.08999999999999986,0,-0.1200000000000001,-0.3200000000000003,-0.17000000000000037,0,False,False,False,False,False,False,True,False,False
2012-07-01,UK,479979000000.0,95.6,8.0,313.57887,1.7698,0.94978,False,92.46972,96.36002,-2.08570295604559,17.57,87.93,435.9,238.5,98.306119590474,0.358851674641114,85.46852,0.8200200000000001,0,-0.11658000000000002,-0.46540999999999977,-0.3012999999999998,0,False,False,False,False,False,False,False,True,False
2012-07-01,USA,17444525000000.002,96.81921,8.2,194.61057,1.62,0.32,True,96.63422,98.8867,-1.15995990262067,17.57,87.93,435.9,238.5,99.8311382914252,0.136724087144957,72.79951,1.3,0,-0.20999999999999996,-0.5799999999999998,-0.18999999999999995,0,False,False,False,False,False,False,False,False,True
2012-08-01,Australia,467987000000.0,94.35802,5.181787,162.61575945048398,2.8875,3.55,True,86.15422,99.49712,-3.78052716514231,15.69,94.16,438.7,238.1,99.8825265630041,74979200000.0,78.62293,-0.6624999999999996,1,-0.16749999999999954,-0.3199999999999994,-0.04749999999999943,0,True,False,False,False,False,False,False,False,False
2012-08-01,Canada,485004250000.0,95.99684,7.3,187.67164,1.65619047619048,0.8875,True,94.48126,98.9756753519117,-12.4654426888804,15.69,94.16,438.7,238.1,99.2929639454211,0.710772321083653,83.05807,0.76869047619048,0,-0.09642857142857009,-0.3133095238095198,-0.38630952380952,0,False,True,False,False,False,False,False,False,False
2012-08-01,France,528691000000.00006,98.35,9.7,241.55753,2.28,0.497045454545455,True,99.24244,98.87328,-4.35072889868921,15.69,94.16,438.7,238.1,99.6570293165999,0.904392764857853,68.86667,1.7829545454545448,0,-0.12818831168831202,-0.4627296650717714,-0.17481818181818531,0,False,False,True,False,False,False,False,False,False
2012-08-01,Germany,726661440000.0,97.11703,5.1,237.98156,1.24227272727273,0.497045454545455,True,98.00258,100.6943,-2.4832586344078,15.69,94.16,438.7,238.1,99.3114887800266,0.982800982800924,66.81779,0.7452272727272751,0,0.1036082251082282,-0.13466746411483088,0.1465454545454552,0,False,False,False,True,False,False,False,False,False
2012-08-01,Italy,419511400000.0,98.69768,11.0,126.45849,5.996,0.497045454545455,True,102.5443,95.83395,-3.02907229130417,15.69,94.16,438.7,238.1,97.7107869861256,0.499500499499783,65.16604,5.498954545454545,0,0.2538116883116883,0.5672703349282289,0.18418181818181534,0,False,False,False,False,True,False,False,False,False
2012-08-01,Japan,129451150000000.0,95.80046,4.3,98.08285760457618,0.78,0.1194,True,100.3806,99.52325,0.984358566208665,15.69,94.16,438.7,238.1,99.6693500977399,0.224717656938433,48.26471,0.6606000000000001,0,-0.009599999999999942,-0.13059999999999994,-0.1741999999999999,0,False,False,False,False,False,True,False,False,False
2012-08-01,South Korea,377885600000000.0,96.3853220196938,3.1,152.12664794921875,3.3,3.34,True,98.71788,100.2223,-6.16951513335668,15.69,94.16,438.7,238.1,98.93039016491,-0.119331742243423,95.49397,-0.040000000000000036,1,-0.1299999999999999,-0.3999999999999999,-0.29000000000000004,0,False,False,False,False,False,False,True,False,False
2012-08-01,UK,479979000000.0,95.7,7.9,292.40768,1.6523,0.81735,False,91.20589,96.52392,2.29958299384023,15.69,94.16,438.7,238.1,98.4248843335035,0.715137067937999,87.88861,0.8349500000000001,0,0.014929999999999999,-0.35883,-0.18835999999999986,0,False,False,False,False,False,False,False,True,False
2012-08-01,USA,17444525000000.002,96.66142,8.2,184.8797,1.53,0.3,True,96.64472,98.68109,0.202839756592188,15.69,94.16,438.7,238.1,99.7149781607687,-1.03585379735193,75.0352,1.23,0,-0.07000000000000006,-0.5299999999999998,-0.33999999999999986,0,False,False,False,False,False,False,False,False,True
2012-09-01,Australia,467987000000.0,94.35802,5.157259,110.63846362011292,3.1875,3.62,True,88.54986,99.60764,5.15452390536266,15.28,94.72,434.6,237.9,99.9442472373633,74838700000.0,79.39423,-0.4325000000000001,1,0.22999999999999954,-0.04999999999999982,-0.032500000000000195,0,True,False,False,False,False,False,False,False,False
2012-09-01,Canada,485004250000.0,96.23387,7.4,177.26629,1.82681818181818,1.002,True,94.12335,98.9729247189408,9.10678790449215,15.28,94.72,434.6,237.9,99.2108353386126,0.046027565397444,85.56171,0.8248181818181799,0,0.056127705627699864,-0.10945454545455013,-0.27818181818181986,0,False,True,False,False,False,False,False,False,False
2012-09-01,France,528691000000.00006,99.0,9.7,144.79933,2.12,0.332391304347826,True,99.85045,98.40134,3.50160415479292,15.28,94.72,434.6,237.9,99.4821920381912,0.512163892445638,70.23611,1.7876086956521742,0,0.004654150197629381,-0.2774822134387347,-0.1841055900621158,0,False,False,True,False,False,False,False,False,False
2012-09-01,Germany,726661440000.0,97.4902,5.0,161.60618,1.34173913043478,0.332391304347826,True,98.77577,100.509,1.95484964301604,15.28,94.72,434.6,237.9,99.1065823547921,-1.09489051094886,69.60355,1.0093478260869542,0,0.2641205533596791,0.3574387351778653,0.20572877846790427,0,False,False,False,True,False,False,False,False,False
2012-09-01,Italy,419511400000.0,99.06977,10.9,98.05305,5.822,0.332391304347826,True,103.7024,96.11027,3.9241045093108,15.28,94.72,434.6,237.9,97.5800208979522,-0.497017892643425,69.63819,5.489608695652174,0,-0.009345849802371298,0.39151778656126446,0.9918944099378839,0,False,False,False,False,True,False,False,False,False
2012-09-01,Japan,129451150000000.0,96.00407,4.2,98.82625857395044,0.8,0.1162,True,99.86744,99.52034,-8.73844690782228,15.28,94.72,434.6,237.9,99.5596840397793,0.522296206400208,47.91854,0.6838000000000001,0,0.0232,-0.04169999999999996,-0.16099999999999992,0,False,False,False,False,False,True,False,False,False
2012-09-01,South Korea,377885600000000.0,96.8312380142507,3.2,131.95779418945312,3.09,3.19,True,98.06778,99.94151,-7.68138981692318,15.28,94.72,434.6,237.9,98.9271441111356,0.716845878136185,97.51864,-0.10000000000000009,1,-0.06000000000000005,-0.31000000000000005,-0.38000000000000034,0,False,False,False,False,False,False,True,False,False
2012-09-01,UK,479979000000.0,96.1,7.8,218.6783,1.6735,0.70481,False,93.31227,96.78032,-1.39429688443544,15.28,94.72,434.6,237.9,98.6023780785566,-0.473372781065096,88.03069,0.9686899999999999,0,0.13373999999999986,0.03208999999999984,-0.1779200000000002,0,False,False,False,False,False,False,False,True,False
2012-09-01,USA,17444525000000.002,97.19936,8.1,152.35347,1.68,0.26,True,96.83931,98.60864,1.27241179872772,15.28,94.72,434.6,237.9,99.6254844967921,0.590835425873859,77.42225,1.42,0,0.18999999999999995,-0.09000000000000008,-0.25,0,False,False,False,False,False,False,False,False,True
2012-10-01,Australia,470758000000.0,94.35802,5.488585,126.69681770251783,3.0925,3.49,True,88.54986,99.65589,5.01669395827566,16.28,89.57,455.0,240.3,99.9572648725747,74838700000.0,81.80533,-0.3975000000000004,1,0.0349999999999997,0.0974999999999997,-0.10750000000000037,0,True,False,False,False,False,False,False,False,False
2012-10-01,Canada,485668000000.0,96.39189,7.4,211.17247,1.83789473684211,1.0075,True,93.17595,99.0556793590024,7.34153915789397,16.28,89.57,455.0,240.3,99.1574629996249,-0.477955271565456,86.0667,0.8303947368421098,0,0.005576555023929952,-0.03472431077694027,-0.36142344497607026,0,False,True,False,False,False,False,False,False,False
2012-10-01,France,529941800000.0,98.76,9.8,243.70952,2.24,0.2463,True,101.8804,97.94609,-2.63573085846868,16.28,89.57,455.0,240.3,99.2892121124216,-1.14649681528668,69.35961,1.9937000000000002,0,0.20609130434782608,0.08255714285714344,-0.0978454545454539,0,False,False,True,False,False,False,False,False,False
2012-10-01,Germany,728779790000.0,97.5835,5.0,227.42259,1.4905,0.2463,True,98.96907,100.2959,2.80697913180075,16.28,89.57,455.0,240.3,98.9378081886732,0.123001230012321,69.99876,1.2442,0,0.2348521739130458,0.6025809523809531,0.272199999999996,0,False,False,False,True,False,False,False,False,False
2012-10-01,Italy,417380600000.0,99.06977,11.2,101.15517,5.254,0.2463,True,102.8602,96.4268,-0.566748488742774,16.28,89.57,455.0,240.3,97.501777744606,-0.599400599401023,68.86932,5.0077,0,-0.48190869565217387,-0.23744285714285684,0.8171545454545459,0,False,False,False,False,True,False,False,False,False
2012-10-01,Japan,128957800000000.0,96.10588,4.2,103.42912528369065,0.757,0.1175,True,98.63577,99.53421,-10.7053932956085,16.28,89.57,455.0,240.3,99.4588670189528,-0.717088626615603,47.46215,0.6395,0,-0.04430000000000012,-0.03070000000000006,-0.20930000000000004,0,False,False,False,False,False,True,False,False,False
2012-10-01,South Korea,379592800000000.0,97.5238309419668,3.2,160.9791259765625,3.05,3.14,True,96.15683,99.77996,15.998384275606,16.28,89.57,455.0,240.3,98.9126893949498,-2.37247924080665,96.80215,-0.0900000000000003,1,0.009999999999999787,-0.18000000000000016,-0.5000000000000004,0,False,False,False,False,False,False,True,False,False
2012-10-01,UK,484579000000.0,96.4,7.8,309.84897,1.7222,0.64803,False,92.57504,96.88307,2.48600352846562,16.28,89.57,455.0,240.3,98.8112158563914,0.0,88.43055,1.07417,0,0.10548000000000013,0.25415,-0.21125999999999978,0,False,False,False,False,False,False,False,True,False
2012-10-01,USA,17469650000000.002,97.63308,7.8,175.27705,1.72,0.24,True,96.45658,98.77948,5.33980582524252,16.28,89.57,455.0,240.3,99.5894267486461,0.80736461763633,77.60919,1.48,0,0.06000000000000005,0.17999999999999994,-0.3999999999999999,0,False,False,False,False,False,False,False,False,True
2012-11-01,Australia,470758000000.0,94.72951,5.410241,178.72057897284398,3.0225,3.16,True,88.54986,99.73975,-0.338179903608748,16.7,86.66,459.5,241.1,99.9395083225412,74838700000.0,80.68658,-0.13750000000000018,1,0.26000000000000023,0.5249999999999995,0.20500000000000007,0,True,False,False,False,False,False,False,False,False
2012-11-01,Canada,485668000000.0,96.54991,7.4,218.48058,1.81181818181818,0.976,True,92.86166,99.23311534894,-5.13429785302927,16.7,86.66,459.5,241.1,99.1352397064296,-0.0462273357644816,84.82533,0.83581818181818,0,0.005423444976070169,0.06712770562769999,-0.24618181818181983,0,False,True,False,False,False,False,False,False,False
2012-11-01,France,529941800000.0,98.94,10.0,284.00884,2.19,0.207913043478261,True,99.84064,97.54423,-2.2355669939313,16.7,86.66,459.5,241.1,99.0908188173465,0.644329896907214,69.86761,1.982086956521739,0,-0.011613043478261309,0.19913241106719415,-0.26359725400457723,0,False,False,True,False,False,False,False,False,False
2012-11-01,Germany,728779790000.0,97.5835,5.0,174.70271,1.46695652173913,0.207913043478261,True,97.71263,100.1445,-5.93358861726273,16.7,86.66,459.5,241.1,98.8336960671025,0.491400491400529,69.72694,1.259043478260869,0,0.01484347826086907,0.513816205533594,0.3791487414187631,0,False,False,False,True,False,False,False,False,False
2012-11-01,Italy,417380600000.0,99.06977,11.7,130.07621,4.953,0.207913043478261,True,102.7549,96.48405,0.21010514771771,16.7,86.66,459.5,241.1,97.4519814029857,0.201005025125656,67.76749,4.745086956521739,0,-0.262613043478261,-0.7538675889328061,-0.18659725400457727,0,False,False,False,False,True,False,False,False,False
2012-11-01,Japan,128957800000000.0,96.10588,4.1,116.12093934451114,0.76,0.1182,False,96.48036,99.52354,-3.45067339240608,16.7,86.66,459.5,241.1,99.3778345256159,-1.22377019501,48.62183,0.6418,0,0.0023000000000000798,-0.01880000000000004,-0.14939999999999998,1,False,False,False,False,False,True,False,False,False
2012-11-01,South Korea,379592800000000.0,97.3414586794175,3.1,175.7323455810547,2.97,2.93,True,97.45811,99.68835,-6.42714223784347,16.7,86.66,459.5,241.1,98.9096770821824,1.70109356014583,94.70489,0.040000000000000036,0,0.13000000000000034,0.08000000000000007,-0.31999999999999984,0,False,False,False,False,False,False,True,False,False
2012-11-01,UK,484579000000.0,96.8,7.8,374.76809,1.7721,0.54397,False,90.25803,96.85086,4.4495055944602,16.7,86.66,459.5,241.1,99.0295586097483,0.356718192627925,87.75896,1.2281300000000002,0,0.1539600000000001,0.3931800000000001,0.0343500000000001,0,False,False,False,False,False,False,False,True,False
2012-11-01,USA,17469650000000.002,97.59511,7.8,165.94452,1.75,0.23,True,96.38937,99.09757,-1.53158037408495,16.7,86.66,459.5,241.1,99.6212736232249,0.689813348408808,76.13493,1.52,0,0.040000000000000036,0.29000000000000004,-0.23999999999999977,0,False,False,False,False,False,False,False,False,True
2012-12-01,Australia,470758000000.0,94.72951,5.256662,115.9304336302045,3.0875,3.24,True,89.23392,99.87944,2.4423448135735,17.31,88.25,442.1,240.3,99.8959755030464,74810800000.0,83.59423,-0.1525000000000003,1,-0.015000000000000124,0.2799999999999998,0.22999999999999998,0,True,False,False,False,False,False,False,False,False
2012-12-01,Canada,485668000000.0,96.31288,7.4,382.53922,1.73809523809524,0.97,False,92.83657,99.3048152798338,-0.458458398935979,17.31,88.25,442.1,240.3,99.1354650823556,0.136176772867347,85.765,0.7680952380952399,0,-0.06772294372294008,-0.056722943722939956,-0.1661774891774901,0,False,True,False,False,False,False,False,False,False
2012-12-01,France,529941800000.0,98.79,10.2,332.82086,2.14,0.192,True,98.41869,97.37292,-5.21752130363284,17.31,88.25,442.1,240.3,98.9130748360482,0.256081946222886,73.21638,1.9480000000000002,0,-0.034086956521738765,0.160391304347826,-0.11709090909090869,0,False,False,True,False,False,False,False,False,False
2012-12-01,Germany,728779790000.0,97.67679,5.0,214.81981,1.33590909090909,0.192,True,96.35954,100.1147,2.35986629354472,17.31,88.25,442.1,240.3,98.8127860395717,-0.366748166259201,72.98695,1.14390909090909,0,-0.11513438735177894,0.13456126482213593,0.4920000000000012,0,False,False,False,True,False,False,False,False,False
2012-12-01,Italy,417380600000.0,98.88372,11.6,113.17736,4.851,0.192,True,100.6492,96.43509,-3.69926026853101,17.31,88.25,442.1,240.3,97.4391671196034,-1.20361083249746,70.2345,4.659,0,-0.08608695652173903,-0.8306086956521739,-0.4390909090909094,0,False,False,False,False,True,False,False,False,False
2012-12-01,Japan,128957800000000.0,95.80046,4.1,125.18924771912064,0.713,0.1147,False,96.78828,99.51353,7.70345037482878,17.31,88.25,442.1,240.3,99.3356737878932,0.205761316872177,52.54628,0.5982999999999999,0,-0.043500000000000094,-0.08550000000000013,-0.1272000000000001,1,False,False,False,False,False,True,False,False,False
2012-12-01,South Korea,379592800000000.0,96.9956893030235,3.2,188.55874633789065,2.99,2.85,True,100.0053,99.701,7.94062765552797,17.31,88.25,442.1,240.3,98.9215540116426,-0.358422939068104,98.26198,0.14000000000000012,0,0.10000000000000009,0.2400000000000002,-0.06999999999999984,0,False,False,False,False,False,False,True,False,False
2012-12-01,UK,484579000000.0,97.0,7.8,408.435,1.7741,0.52452,False,90.88994,96.93995,-1.00274082889797,17.31,88.25,442.1,240.3,99.2361243336384,-0.592417061611428,89.8544,1.24958,0,0.021449999999999747,0.28089,0.3129799999999998,0,False,False,False,False,False,False,False,True,False
2012-12-01,USA,17469650000000.002,97.1327,7.7,187.49064,1.65,0.23,True,96.69092,99.32568,3.90915347556726,17.31,88.25,442.1,240.3,99.6954896961512,-0.307307216847186,78.39357,1.42,0,-0.10000000000000009,0.0,-0.09000000000000008,0,False,False,False,False,False,False,False,False,True
2013-01-01,Australia,472965000000.0,94.72951,5.431963,193.35743268300766,3.2275,3.11,True,89.23392,100.0446,0.249915703036763,13.51,94.69,453.5,240.7,99.8328535677931,74810800000.0,86.72798,0.11750000000000016,0,0.27000000000000046,0.5150000000000006,0.6125000000000003,0,True,False,False,False,False,False,False,False,False
2013-01-01,Canada,486667500000.0,95.75981,7.3,238.72571,1.76789473684211,0.945,False,93.78397,99.2949601766069,3.95065598505024,13.51,94.69,453.5,240.7,99.1644170548387,0.490082877889764,88.2803,0.8228947368421101,0,0.05479949874687018,-0.007499999999999729,-0.04222431077694,0,False,True,False,False,False,False,False,False,False
2013-01-01,France,529226300000.00006,99.1,10.3,270.13154,2.01,0.185473684210526,True,98.51675,97.38606,9.0769441777534,13.51,94.69,453.5,240.7,98.7737302163712,-0.51085568326954,75.24918,1.8245263157894738,0,-0.1234736842105264,-0.16917368421052648,-0.08661654135338304,0,False,False,True,False,False,False,False,False,False
2013-01-01,Germany,725375330000.0,97.95667,5.0,170.51522,1.29941176470588,0.185473684210526,True,95.68299,100.1765,-2.08560651670283,13.51,94.69,453.5,240.7,98.8808349143619,-0.4907975460123,74.69118,1.113938080495354,0,-0.029971010413736066,-0.13026191950464594,0.47231903287630717,0,False,False,False,True,False,False,False,False,False
2013-01-01,Italy,414303600000.0,99.06977,11.6,141.23976,4.542,0.185473684210526,True,99.28058,96.23099,0.248554818594271,13.51,94.69,453.5,240.7,97.4599035459125,-0.203045685279191,75.7793,4.356526315789473,0,-0.30247368421052645,-0.6511736842105265,-0.8886165413533833,0,False,False,False,False,True,False,False,False,False
2013-01-01,Japan,128888700000000.0,95.80046,4.3,139.8878931211283,0.781,0.1109,False,96.0698,99.57906,-1.38108301090324,13.51,94.69,453.5,240.7,99.3494386395731,-0.19617384625098,57.73806,0.6701,0,0.07180000000000009,0.03060000000000007,-9.999999999998899e-05,1,False,False,False,False,False,True,False,False,False
2013-01-01,South Korea,381499300000000.0,97.1685739912205,3.1,164.72842407226562,3.13,2.88,False,100.599,99.74622,-5.46448609396241,13.51,94.69,453.5,240.7,98.9604797146399,0.599520383693042,98.7761,0.25,0,0.10999999999999988,0.3400000000000003,0.16000000000000014,0,False,False,False,False,False,False,True,False,False
2013-01-01,UK,484039000000.0,97.3,7.8,358.99347,1.8467,0.51848,False,91.62717,97.24828,-9.62156099874689,13.51,94.69,453.5,240.7,99.4194518242978,-0.238379022645951,93.26134,1.32822,0,0.07864000000000004,0.2540499999999999,0.5081999999999999,0,False,False,False,False,False,False,False,True,False
2013-01-01,USA,17489851999999.998,96.87111,7.9,192.82518,1.72,0.24,True,97.079,99.23881,-0.331169691349376,13.51,94.69,453.5,240.7,99.794198482507,0.531439365908626,81.92726,1.48,0,0.06000000000000005,0.0,0.17999999999999994,0,False,False,False,False,False,False,False,False,True
2013-02-01,Australia,472965000000.0,95.101,5.393071,110.67232503314315,3.3975,3.0,True,89.23392,100.1252,-8.84791167916467,14.07,95.32,456.3,239.9,99.765025187303,74810800000.0,91.01151,0.39749999999999996,0,0.2799999999999998,0.5350000000000001,1.0599999999999996,0,True,False,False,False,False,False,False,False,False
2013-02-01,Canada,486667500000.0,95.83882,7.1,223.5266,1.93136363636364,0.92,False,93.37473,99.2824670632895,-2.64383299508877,14.07,95.32,456.3,239.9,99.2184837176373,-0.0791543254008875,88.80955,1.0113636363636398,0,0.18846889952152968,0.17554545454545978,0.24267316017315976,0,False,True,False,False,False,False,False,False,False
2013-02-01,France,529226300000.00006,98.6,10.4,318.23907,2.17,0.204909090909091,True,98.98747,97.40629,-10.7653908057539,14.07,95.32,456.3,239.9,98.6644223529707,0.256739409499329,74.80703,1.965090909090909,0,0.14056459330143523,-0.01699604743082994,0.1821363636363642,0,False,False,True,False,False,False,False,False,False
2013-02-01,Germany,725375330000.0,97.4902,5.1,198.88418,1.51227272727273,0.204909090909091,True,96.16624,100.2789,-4.12927802013654,14.07,95.32,456.3,239.9,99.0142858093085,0.369913686806433,74.36344,1.3073636363636392,0,0.19342555586828514,0.04832015810277013,0.5621363636363641,0,False,False,False,True,False,False,False,False,False
2013-02-01,Italy,414303600000.0,99.25581,12.1,171.18169,4.208,0.204909090909091,True,100.2281,96.07703,-5.75234225403124,14.07,95.32,456.3,239.9,97.5151982932772,0.508646998982676,72.57751,4.0030909090909095,0,-0.3534354066985639,-0.7419960474308294,-1.4958636363636355,0,False,False,False,False,True,False,False,False,False
2013-02-01,Japan,128888700000000.0,95.90227,4.2,95.44319811893936,0.775,0.1114,False,97.40411,99.79987,-1.52082889128381,14.07,95.32,456.3,239.9,99.4347753193475,1.44478844169216,61.93776,0.6636,0,-0.006500000000000061,0.02179999999999993,0.0029999999999998916,1,False,False,False,False,False,True,False,False,False
2013-02-01,South Korea,381499300000000.0,97.7515327264214,3.1,192.95242309570312,3.05,2.86,False,100.6533,99.82605,2.71308345195189,14.07,95.32,456.3,239.9,99.0400252769857,0.476758045291992,98.36987,0.18999999999999995,0,-0.06000000000000005,0.1499999999999999,0.22999999999999998,0,False,False,False,False,False,False,True,False,False
2013-02-01,UK,484039000000.0,97.0,8.0,371.50231,2.0795,0.51228,False,92.78568,97.32408,12.6467279305469,14.07,95.32,456.3,239.9,99.5908922664348,0.477897252090709,95.77787,1.5672199999999998,0,0.23899999999999988,0.33908999999999967,0.7322699999999998,0,False,False,False,False,False,False,False,True,False
2013-02-01,USA,17489851999999.998,97.15759,8.0,157.5333,1.91,0.23,True,97.34109,98.90295,3.98724082934629,14.07,95.32,456.3,239.9,99.918871654322,0.277749289791562,83.34364,1.68,0,0.19999999999999996,0.15999999999999992,0.44999999999999996,0,False,False,False,False,False,False,False,False,True
2013-03-01,Australia,472965000000.0,95.101,5.393937,98.20168079016341,3.4975,2.94,True,88.96604,100.3206,0.251785287925466,13.03,93.05,459.4,241.3,99.703747456536,75901000000.0,91.72515,0.5575000000000001,0,0.16000000000000014,0.7100000000000004,0.9900000000000002,0,True,False,False,False,False,False,False,False,False
2013-03-01,Canada,486667500000.0,96.94495,7.1,174.39271,1.96789473684211,0.9475,False,94.09569,99.3353344472864,0.667164650914365,13.03,93.05,459.4,241.3,99.2887374574436,1.16781233230263,89.09897,1.02039473684211,0,0.009031100478470222,0.2522994987468701,0.19557655502393012,0,False,True,False,False,False,False,False,False,False
2013-03-01,France,529226300000.00006,98.88,10.4,242.87603,2.24,0.22335,True,98.82076,97.34954,6.14797122586008,13.03,93.05,459.4,241.3,98.575125717172,0.640204865557092,76.82344,2.0166500000000003,0,0.051559090909091276,0.0686500000000001,0.2290413043478261,0,False,False,True,False,False,False,False,False,False
2013-03-01,Germany,725375330000.0,98.04996,5.1,152.42019,1.5435,0.22335,True,95.29639,100.4413,2.91780236683898,13.03,93.05,459.4,241.3,99.182398363125,0.245700245700253,76.44746,1.3201500000000002,0,0.012786363636360987,0.17624090909091006,0.310802173913046,0,False,False,False,True,False,False,False,False,False
2013-03-01,Italy,414303600000.0,99.34884,12.1,184.06683,4.493,0.22335,True,100.1228,96.12095,-0.147848878561052,13.03,93.05,459.4,241.3,97.5996797982366,-1.21457489878539,70.99638,4.26965,0,0.2665590909090909,-0.3893499999999994,-1.2199586956521733,0,False,False,False,False,True,False,False,False,False
2013-03-01,Japan,128888700000000.0,95.69865,4.3,104.49026072651948,0.669,0.1037,False,95.39062,100.2225,4.20782808905649,13.03,93.05,459.4,241.3,99.5843587736255,-0.71588555334513,66.35535,0.5653,0,-0.09829999999999994,-0.03299999999999992,-0.11850000000000005,1,False,False,False,False,False,True,False,False,False
2013-03-01,South Korea,381499300000000.0,98.0783269541109,3.2,164.4231414794922,3.04,2.83,False,102.111,100.0006,-5.59312078360843,13.03,93.05,459.4,241.3,99.1423290107172,-0.593119810201659,99.0441,0.20999999999999996,0,0.020000000000000018,0.06999999999999984,0.31000000000000005,0,False,False,False,False,False,False,True,False,False
2013-03-01,UK,484039000000.0,97.5,7.8,265.68391,2.1781,0.50988,False,91.52185,97.31844,-1.47034268214398,13.03,93.05,459.4,241.3,99.7840623751603,-0.594530321046305,97.56867,1.6682200000000003,0,0.10100000000000042,0.41864000000000035,0.6995300000000003,0,False,False,False,False,False,False,False,True,False
2013-03-01,USA,17489851999999.998,97.95331,7.7,114.65412,1.98,0.22,True,97.34555,98.77381,-0.817995910020297,13.03,93.05,459.4,241.3,100.062996255886,0.570557743697742,84.68098,1.76,0,0.08000000000000007,0.3400000000000001,0.3400000000000001,0,False,False,False,False,False,False,False,False,True
2013-04-01,Australia,475276000000.0,95.101,5.640281,81.99257427563724,3.5125,3.05,True,88.96604,100.6157,3.88637495399125,13.97,92.07,445.4,247.4,99.6722065753455,75901000000.0,91.00771,0.46250000000000036,0,-0.09499999999999975,0.3450000000000002,0.8600000000000008,0,True,False,False,False,False,False,False,False,False
2013-04-01,Canada,491023750000.0,97.10297,7.3,258.24166,1.8515,0.9625,False,95.09557,99.2966065774276,2.47991362538933,13.97,92.07,445.4,247.4,99.3520409402773,-0.760293003283685,85.77365,0.8889999999999999,0,-0.13139473684211012,0.06610526315788978,0.05860526315789005,0,False,True,False,False,False,False,False,False,False
2013-04-01,France,529349500000.00006,99.63,10.4,259.25509,2.07,0.20605,True,100.3996,97.25758,-4.6037740858495,13.97,92.07,445.4,247.4,98.518990589888,0.0,75.66122,1.8639499999999998,0,-0.1527000000000005,0.039423684210526,-0.12975000000000048,0,False,False,True,False,False,False,False,False,False
2013-04-01,Germany,722103530000.0,98.51642,5.0,201.00304,1.3545,0.20605,True,95.97294,100.5744,3.06570892643598,13.97,92.07,445.4,247.4,99.3525030670203,-0.36764705882355,74.61021,1.14845,0,-0.17170000000000019,0.03451191950464594,-0.09575,0,False,False,False,True,False,False,False,False,False
2013-04-01,Italy,410076000000.0,99.53488,12.1,241.01821,4.64,0.20605,True,99.49114,96.28111,3.33580646156364,13.97,92.07,445.4,247.4,97.7064836443581,0.409836065573699,71.3304,4.433949999999999,0,0.164299999999999,0.07742368421052603,-0.5737500000000004,0,False,False,False,False,True,False,False,False,False
2013-04-01,Japan,130642425000000.0,95.90227,4.1,124.46578245931158,0.492,0.0999,False,96.99046,100.5846,-1.06782717666746,13.97,92.07,445.4,247.4,99.7987460391867,0.828197478167891,71.72826,0.3921,0,-0.17320000000000002,-0.278,-0.24739999999999995,1,False,False,False,False,False,True,False,False,False
2013-04-01,South Korea,384778000000000.0,97.9876679103003,3.1,125.92017364501952,2.91,2.81,False,100.0255,100.1455,0.387452204990679,13.97,92.07,445.4,247.4,99.2761229513019,0.0,96.40437,0.10000000000000009,0,-0.10999999999999988,-0.1499999999999999,0.1900000000000004,1,False,False,False,False,False,False,True,False,False
2013-04-01,UK,485409000000.0,97.8,7.8,274.71902,1.9768,0.50688,False,91.94313,97.27979,-3.08648426091158,13.97,92.07,445.4,247.4,100.003476045407,1.55502392344493,96.48994,1.46992,0,-0.19830000000000036,0.14169999999999994,0.3957499999999998,0,False,False,False,False,False,False,False,True,False
2013-04-01,USA,17662400000000.0,98.20941,7.5,124.94082,1.96,0.21,True,97.81184,98.8774,-3.51804123711373,13.97,92.07,445.4,247.4,100.210234118393,0.650294800815709,85.15526,1.75,0,-0.010000000000000009,0.27,0.27,0,False,False,False,False,False,False,False,False,True
2013-05-01,Australia,475276000000.0,95.56536,5.588939,106.78863091031923,3.245,3.02,True,88.96604,100.6963,-1.11916968863296,13.49,94.8,431.7,247.3,99.6760992727594,75901000000.0,93.14209,0.2250000000000001,0,-0.23750000000000027,-0.17249999999999988,0.36250000000000027,0,True,False,False,False,False,False,False,False,False
2013-05-01,Canada,491023750000.0,96.94495,7.2,206.53091,1.74863636363636,0.9825,False,95.68649,99.2072166561933,-4.84833196282937,13.49,94.8,431.7,247.3,99.3919057140042,0.908651276438777,87.77636,0.76613636363636,0,-0.12286363636363995,-0.24522727272727984,-0.06968181818182007,0,False,True,False,False,False,False,False,False,False
2013-05-01,France,529349500000.00006,99.48,10.5,300.53116,1.8,0.208904761904762,True,100.5663,97.09077,3.94717616526235,13.49,94.8,431.7,247.3,98.4804396417066,0.0,80.00636,1.5910952380952381,0,-0.27285476190476166,-0.3739956709956709,-0.3909917184265008,0,False,False,True,False,False,False,False,False,False
2013-05-01,Germany,722103530000.0,98.04996,5.0,131.46474,1.19619047619048,0.208904761904762,True,97.71263,100.6448,-0.120447895596953,13.49,94.8,431.7,247.3,99.4961258092202,0.738007380073857,78.491,0.987285714285718,0,-0.16116428571428199,-0.3200779220779212,-0.27175776397515106,0,False,False,False,True,False,False,False,False,False
2013-05-01,Italy,410076000000.0,99.53488,12.2,199.69656,4.278,0.208904761904762,False,98.96473,96.44694,-1.25074605009158,13.49,94.8,431.7,247.3,97.8374479096628,0.204081632653064,76.90094,4.069095238095238,0,-0.36485476190476174,0.06600432900432818,-0.6759917184265012,0,False,False,False,False,True,False,False,False,False
2013-05-01,Japan,130642425000000.0,96.20769,4.1,95.08524600637189,0.589,0.0939,False,97.89037,100.7976,7.57636702198896,13.49,94.8,431.7,247.3,100.047009381087,0.701306499234611,77.29199,0.4951,0,0.10299999999999998,-0.16849999999999998,-0.14670000000000005,1,False,False,False,False,False,True,False,False,False
2013-05-01,South Korea,384778000000000.0,97.8516793445843,3.0,134.6317901611328,2.84,2.8,False,98.94345,100.2803,1.69481858543397,13.49,94.8,431.7,247.3,99.4419623178048,-0.59665871121718,98.17696,0.040000000000000036,0,-0.06000000000000005,-0.1499999999999999,0.0,1,False,False,False,False,False,False,True,False,False
2013-05-01,UK,485409000000.0,98.0,7.7,240.47742,1.7824,0.50557,False,92.99632,97.38625,8.49416959592342,13.49,94.8,431.7,247.3,100.253392088064,-1.41342756183739,100.7186,1.27683,0,-0.19308999999999998,-0.2903899999999999,0.048699999999999743,0,False,False,False,False,False,False,False,True,False
2013-05-01,USA,17662400000000.0,98.10731,7.6,118.71049,1.76,0.2,True,98.21381,99.04517,-0.120208361159357,13.49,94.8,431.7,247.3,100.334262813899,-0.722434838457131,88.4166,1.56,0,-0.18999999999999995,-0.11999999999999988,0.040000000000000036,0,False,False,False,False,False,False,False,False,True
2013-06-01,Australia,475276000000.0,95.56536,5.609659,161.50036835459917,3.324,2.82,True,90.11326,100.4298,0.343555696068476,17.27,95.8,424.7,244.7,99.7006338425014,75963100000.0,86.95584,0.504,0,0.2789999999999999,-0.0535000000000001,0.6565000000000003,0,True,False,False,False,False,False,False,False,False
2013-06-01,Canada,491023750000.0,97.18198,7.1,220.81042,1.90181818181818,0.998,False,95.02256,99.1408387399933,4.44167178301347,17.27,95.8,424.7,244.7,99.4264158064101,0.335468899762792,85.23157,0.9038181818181801,0,0.13768181818182013,-0.11657655502392994,0.13572294372294014,0,False,True,False,False,False,False,False,False,False
2013-06-01,France,529349500000.00006,99.54,10.4,256.80841,1.87,0.201227272727273,True,101.8804,96.89919,1.43578141315697,17.27,95.8,424.7,244.7,98.472489369468,0.508905852417252,76.86725,1.668772727272727,0,0.07767748917748896,-0.3478772727272732,-0.2792272727272731,0,False,False,True,False,False,False,False,False,False
2013-06-01,Germany,722103530000.0,98.42313,5.0,65.21713,1.29409090909091,0.201227272727273,True,97.61598,100.6755,-6.01732325742298,17.27,95.8,424.7,244.7,99.6283458869838,-0.732600732600774,76.11973,1.092863636363637,0,0.10557792207791905,-0.22728636363636312,-0.05104545454545306,0,False,False,False,True,False,False,False,False,False
2013-06-01,Italy,410076000000.0,99.53488,12.4,130.0248,3.964,0.201227272727273,False,98.12247,96.75312,5.00835058403268,17.27,95.8,424.7,244.7,98.0059189332145,-0.712830957230126,72.37974,3.762772727272727,0,-0.3063225108225107,-0.5068772727272735,-0.8962272727272729,0,False,False,False,False,True,False,False,False,False
2013-06-01,Japan,130642425000000.0,96.30949,4.1,93.0620949582772,0.879,0.097,False,98.09035,100.8598,-4.80664625797471,17.27,95.8,424.7,244.7,100.304533154605,-0.116487455196845,70.23016,0.782,0,0.28690000000000004,0.2167,0.18370000000000009,1,False,False,False,False,False,True,False,False,False
2013-06-01,South Korea,384778000000000.0,97.8516793445843,3.0,109.64276123046876,2.9,2.72,False,99.66697,100.3349,2.04076793823678,17.27,95.8,424.7,244.7,99.599046041216,0.0,93.882,0.17999999999999972,0,0.13999999999999968,-0.03000000000000025,0.03999999999999959,1,False,False,False,False,False,False,True,False,False
2013-06-01,UK,485409000000.0,98.2,7.7,162.96872,1.9462,0.50563,False,92.891,97.58126,0.330635131021495,17.27,95.8,424.7,244.7,100.522566131694,0.238948626045343,95.5213,1.44057,0,0.16374,-0.22765000000000035,0.19099,0,False,False,False,False,False,False,False,True,False
2013-06-01,USA,17662400000000.0,98.28198,7.5,104.30455,1.93,0.2,True,98.10179,99.25853,-0.521529820807631,17.27,95.8,424.7,244.7,100.449558649539,0.187165427840563,86.20319,1.73,0,0.16999999999999993,-0.030000000000000027,0.31000000000000005,0,False,False,False,False,False,False,False,False,True
2013-07-01,Australia,477143000000.0,95.56536,5.695127,117.86759030696017,3.555,2.8,True,90.11326,100.1164,-0.174340446983801,13.97,104.61,419.7,243.9,99.7286251856113,75963100000.0,89.96494,0.7550000000000003,0,0.25100000000000033,0.2925,0.6375000000000002,0,True,False,False,False,False,False,False,False,False
2013-07-01,Canada,493851500000.0,97.18198,7.2,143.97371,2.2445,1.025,False,94.82378,99.2630738128177,-2.93191241204457,13.97,104.61,419.7,243.9,99.4912386471735,1.8552502576737,86.92616,1.2195,0,0.31568181818181995,0.3305000000000001,0.3966052631578899,0,False,True,False,False,False,False,False,False,False
2013-07-01,France,533209000000.0,99.7,10.4,293.78504,2.21,0.21025,True,101.4881,96.69903,1.82854804970273,13.97,104.61,419.7,243.9,98.5110988989391,0.253164556962004,78.66272,1.99975,0,0.33097727272727284,0.13580000000000014,0.17522368421052614,0,False,False,True,False,False,False,False,False,False
2013-07-01,Germany,729971380000.0,98.51642,4.9,126.39472,1.5305,0.21025,True,96.84278,100.6958,8.61656727983209,13.97,104.61,419.7,243.9,99.7774263597612,0.738007380073857,76.90051,1.32025,0,0.2273863636363629,0.17179999999999995,0.2063119195046459,0,False,False,False,True,False,False,False,False,False
2013-07-01,Italy,410390800000.0,99.81396,12.4,134.50195,4.379,0.21025,False,100.0175,97.00656,0.340123560810501,13.97,104.61,419.7,243.9,98.2240501643915,0.307692307692276,72.0407,4.168749999999999,0,0.40597727272727235,-0.2652000000000001,-0.18777631578947407,0,False,False,False,False,True,False,False,False,False
2013-07-01,Japan,131825174999999.98,96.30949,3.9,110.72819704345201,0.822,0.0955,False,99.5902,100.8071,-3.57649892853806,13.97,104.61,419.7,243.9,100.547359316831,-0.206205520650315,76.55325,0.7264999999999999,0,-0.055500000000000105,0.3343999999999999,0.056399999999999895,1,False,False,False,False,False,True,False,False,False
2013-07-01,South Korea,389265100000000.0,97.7325575777168,3.1,149.0504608154297,3.31,2.69,False,99.09028,100.4436,-3.43620980777428,13.97,104.61,419.7,243.9,99.7199371937375,0.720288115246115,93.06755,0.6200000000000001,0,0.4400000000000004,0.52,0.3700000000000001,1,False,False,False,False,False,False,True,False,False
2013-07-01,UK,488930000000.0,98.0,7.7,216.77474,2.3063,0.50794,False,93.20695,97.92049,0.160214787330859,13.97,104.61,419.7,243.9,100.794090247068,1.19189511323001,98.83331,1.7983599999999997,0,0.35778999999999983,0.32843999999999984,0.4701399999999998,0,False,False,False,False,False,False,False,True,False
2013-07-01,USA,17709671000000.0,98.51783,7.5,114.61614,2.3,0.19,True,98.1919,99.59885,2.70197607205214,13.97,104.61,419.7,243.9,100.563421086916,0.686303631682672,88.49967,2.11,0,0.3799999999999999,0.3599999999999999,0.6299999999999999,0,False,False,False,False,False,False,False,False,True
2013-08-01,Australia,477143000000.0,96.49408,5.635084,179.2459984063504,3.772,2.76,True,90.11326,100.0916,-1.02472382956325,14.21,106.57,410.4,241.2,99.7631354577512,75963100000.0,92.93604,1.012,0,0.2569999999999997,0.7869999999999999,0.6145,0,True,False,False,False,False,False,False,False,False
2013-08-01,Canada,493851500000.0,97.26099,7.3,135.83992,2.43818181818182,1.012,False,94.53516,99.4447699919021,0.329636211805817,14.21,106.57,410.4,241.2,99.5930041788017,-1.07855961695092,88.02386,1.4261818181818198,0,0.20668181818181974,0.6600454545454598,0.41481818181818,0,False,True,False,False,False,False,False,False,False
2013-08-01,France,533209000000.0,99.4,10.3,215.33032,2.25,0.221434782608696,True,100.027,96.7962,0.522318419824771,14.21,106.57,410.4,241.2,98.6040888079572,-0.883838383838365,82.09077,2.028565217391304,0,0.028815217391304104,0.4374699792960659,0.06347430830039502,0,False,False,True,False,False,False,False,False,False
2013-08-01,Germany,729971380000.0,98.98288,4.9,160.84449,1.56565217391304,0.221434782608696,True,98.58247,100.729,-4.95085806400715,14.21,106.57,410.4,241.2,99.9499423480137,-0.732600732600774,78.8091,1.344217391304344,0,0.02396739130434411,0.35693167701862605,0.036853754940704864,0,False,False,False,True,False,False,False,False,False
2013-08-01,Italy,410390800000.0,99.90697,12.2,172.21577,4.418,0.221434782608696,False,100.0175,97.33047,-3.75232693757068,14.21,106.57,410.4,241.2,98.4813214332427,0.0,76.66433,4.196565217391304,0,0.027815217391304436,0.12746997929606607,0.19347430830039425,0,False,False,False,False,True,False,False,False,False
2013-08-01,Japan,131825174999999.98,96.51311,3.8,120.61412572635236,0.79,0.1005,False,98.5903,100.6515,0.447204875790974,14.21,106.57,410.4,241.2,100.760956929628,0.704934541791968,73.83617,0.6895,0,-0.03699999999999992,0.19440000000000002,0.025900000000000034,1,False,False,False,False,False,True,False,False,False
2013-08-01,South Korea,389265100000000.0,97.942338388395,3.2,116.5053253173828,3.47,2.68,False,99.12859,100.5208,9.09473132743899,14.21,106.57,410.4,241.2,99.7836801933778,0.476758045291992,94.3812,0.79,0,0.16999999999999993,0.75,0.6000000000000001,1,False,False,False,False,False,False,True,False,False
2013-08-01,UK,488930000000.0,98.0,7.7,141.8207,2.471,0.50944,False,94.26014,98.47762,1.77327136873233,14.21,106.57,410.4,241.2,101.060621017587,0.706713780918689,98.86803,1.96156,0,0.16320000000000023,0.6847300000000001,0.39434000000000013,0,False,False,False,False,False,False,False,True,False
2013-08-01,USA,17709671000000.0,98.55664,7.3,94.03991,2.58,0.14,True,98.37598,99.7748,0.301047120419562,14.21,106.57,410.4,241.2,100.652830969307,0.417832880935531,88.94305,2.44,0,0.33000000000000007,0.8799999999999999,0.76,0,False,False,False,False,False,False,False,False,True
2013-09-01,Australia,477143000000.0,96.49408,5.844022,192.50975388808618,3.894,2.6,True,91.83372,100.2634,2.4597134231902,14.69,106.29,426.3,241.4,99.824296030001,76659600000.0,95.20129,1.294,0,0.28200000000000003,0.79,0.7364999999999999,0,True,False,False,False,False,False,False,False,False
2013-09-01,Canada,493851500000.0,97.26099,7.3,143.07606,2.61142857142857,0.9925,False,94.9216,99.6154980511259,3.85484481870708,14.69,106.29,426.3,241.4,99.7272665866299,0.943113772455195,89.34368,1.6189285714285697,0,0.19274675324674995,0.7151103896103896,0.5985338345864597,0,False,True,False,False,False,False,False,False,False
2013-09-01,France,533209000000.0,99.86,10.1,143.93038,2.36,0.225863636363636,True,99.39935,97.24719,-1.82699622223082,14.69,106.29,426.3,241.4,98.7462285860763,1.40127388535036,83.63224,2.134136363636364,0,0.10557114624505992,0.46536363636363687,0.11748636363636367,0,False,False,True,False,False,False,False,False,False
2013-09-01,Germany,729971380000.0,98.98288,4.9,131.17686,1.735,0.225863636363636,True,97.03608,100.7723,3.07777761862476,14.69,106.29,426.3,241.4,100.139247284881,0.615006150061537,80.3456,1.5091363636363642,0,0.16491897233202013,0.4162727272727271,0.188986363636364,0,False,False,False,True,False,False,False,False,False
2013-09-01,Italy,410390800000.0,100.2791,12.5,126.31225,4.419,0.225863636363636,False,99.91226,97.47647,2.63929938577057,14.69,106.29,426.3,241.4,98.7498118721517,-0.613496932515267,78.36819,4.193136363636364,0,-0.0034288537549400644,0.4303636363636367,-0.07651363636363673,0,False,False,False,False,True,False,False,False,False
2013-09-01,Japan,131825174999999.98,96.81853,4.1,84.33399577944334,0.708,0.0981,False,100.0901,100.5433,2.43796776171994,14.69,106.29,426.3,241.4,100.95395306148,-1.50822784810112,76.50298,0.6099,0,-0.0796,-0.17210000000000003,0.04459999999999997,1,False,False,False,False,False,True,False,False,False
2013-09-01,South Korea,389265100000000.0,98.289161939717,3.2,98.12825775146484,3.61,2.66,False,98.27313,100.522,0.21850592275845,14.69,106.29,426.3,241.4,99.7801883193383,0.948991696322654,98.81786,0.9499999999999997,0,0.1599999999999997,0.77,0.7399999999999998,1,False,False,False,False,False,False,True,False,False
2013-09-01,UK,488930000000.0,98.4,7.6,217.50978,2.7088,0.51262,False,94.26014,99.25689,-2.59051957125632,14.69,106.29,426.3,241.4,101.322780771185,0.233918128655031,99.3566,2.19618,0,0.23462000000000005,0.7556100000000001,0.5279599999999998,0,False,False,False,False,False,False,False,True,False
2013-09-01,USA,17709671000000.0,98.6752,7.2,102.77067,2.74,0.12,True,98.06214,99.73689,-0.652485971551475,14.69,106.29,426.3,241.4,100.706450932926,0.34884725827824,90.11507,2.62,0,0.18000000000000016,0.8900000000000001,0.8600000000000001,0,False,False,False,False,False,False,False,False,True
2013-10-01,Australia,481018000000.0,96.49408,5.70677,125.56663944858897,4.033,2.58,True,91.83372,100.5805,-2.69115053428802,15.41,100.54,424.8,242.1,99.9265866649922,76659600000.0,96.25526,1.4530000000000003,0,0.15900000000000025,0.698,0.9904999999999999,0,True,False,False,False,False,False,False,False,False
2013-10-01,Canada,497912500000.0,97.41901,7.1,133.10943,2.698,0.9875,False,95.75151,99.8310369828828,-1.2211479648038,15.41,100.54,424.8,242.1,99.8792711949265,0.753868209006869,91.01359,1.7105,0,0.09157142857143019,0.4909999999999999,0.8215,1,False,True,False,False,False,False,False,False,False
2013-10-01,France,532693900000.0,99.63,10.3,244.41395,2.49,0.223238095238095,True,98.64424,97.78839,0.704604554647886,15.41,100.54,424.8,242.1,98.9075814922842,0.376884422110568,85.8204,2.266761904761905,0,0.13262554112554126,0.2670119047619053,0.4028119047619054,0,False,False,True,False,False,False,False,False,False
2013-10-01,Germany,733980950000.0,98.98288,4.9,130.39104,1.88809523809524,0.223238095238095,True,98.96907,100.8213,-0.114981589969121,15.41,100.54,424.8,242.1,100.338944649151,0.0,83.1757,1.664857142857145,0,0.15572077922078087,0.3446071428571451,0.5164071428571451,0,False,False,False,True,False,False,False,False,False
2013-10-01,Italy,411306100000.0,100.0,12.6,170.23085,4.541,0.223238095238095,False,98.0172,97.58673,-0.803258105283999,15.41,100.54,424.8,242.1,99.0150367063082,0.514403292181043,83.43411,4.317761904761905,0,0.1246255411255417,0.14901190476190607,-0.11618809523809404,0,False,False,False,False,True,False,False,False,False
2013-10-01,Japan,133098150000000.0,97.12395,3.9,99.63608302397138,0.669,0.1001,False,100.3901,100.5151,5.88098208422794,15.41,100.54,424.8,242.1,101.129899376792,0.391525158287553,76.63834,0.5689000000000001,0,-0.040999999999999925,-0.15759999999999985,0.17680000000000007,1,False,False,False,False,False,True,False,False,False
2013-10-01,South Korea,392597800000000.0,98.4799676016906,3.0,122.00677490234376,3.53,2.66,False,99.52652,100.485,-19.3751967571102,15.41,100.54,424.8,242.1,99.7390283779507,-1.05757931844888,100.7953,0.8699999999999997,0,-0.08000000000000007,0.24999999999999956,0.7699999999999996,1,False,False,False,False,False,False,True,False,False
2013-10-01,UK,493002000000.0,98.7,7.4,181.16468,2.8443,0.51688,False,93.73354,99.76202,3.16219027639941,15.41,100.54,424.8,242.1,101.550263002011,-0.700116686114316,99.6535,2.32742,0,0.13124000000000002,0.5290600000000003,0.8575000000000002,0,False,False,False,False,False,False,False,True,False
2013-10-01,USA,17860450000000.0,98.78996,7.2,144.40178,2.81,0.11,True,98.63718,99.45435,-0.157625114935256,15.41,100.54,424.8,242.1,100.73669980214,-0.569138411142467,92.16814,2.7,0,0.08000000000000007,0.5900000000000003,0.9500000000000002,0,False,False,False,False,False,False,False,False,True
2013-11-01,Australia,481018000000.0,97.23705,5.822808,108.58575465228873,4.009,2.58,True,91.83372,100.8604,0.486161456778333,12.92,93.86,424.7,239.0,100.051260628964,76659600000.0,97.72205,1.4290000000000003,0,-0.02400000000000002,0.41700000000000026,1.2040000000000002,0,True,False,False,False,False,False,False,False,False
2013-11-01,Canada,497912500000.0,97.18198,7.3,264.02279,2.51818181818182,0.924,False,96.54491,100.027136320703,-1.35389879273317,12.92,93.86,424.7,239.0,100.01800423359,-0.414591664009034,93.42351,1.59418181818182,0,-0.11631818181817999,0.16800000000000015,0.82804545454546,1,False,True,False,False,False,False,False,False,False
2013-11-01,France,532693900000.0,99.5,10.1,287.16965,2.39,0.225826086956522,True,99.61509,98.12425,3.16777193085416,12.92,93.86,424.7,239.0,99.0487312585581,-0.87609511889869,87.05868,2.164173913043478,0,-0.10258799171842714,0.13560869565217404,0.5730786749482399,0,False,False,True,False,False,False,False,False,False
2013-11-01,Germany,733980950000.0,98.7963,4.8,209.00706,1.76217391304348,0.225826086956522,True,98.67912,100.9231,1.04936116217682,12.92,93.86,424.7,239.0,100.520898685469,0.488997555012149,86.68056,1.5363478260869579,0,-0.12850931677018718,0.19213043478261382,0.5490621118012399,0,False,False,False,True,False,False,False,False,False
2013-11-01,Italy,411306100000.0,99.81396,12.6,153.34208,4.248,0.225826086956522,False,100.0175,97.66788,-0.697965590122596,12.92,93.86,424.7,239.0,99.261272834244,-0.102354145342842,84.68022,4.022173913043479,0,-0.29558799171842676,-0.17439130434782513,-0.046921325051759055,0,False,False,False,False,True,False,False,False,False
2013-11-01,Japan,133098150000000.0,97.22575,4.0,102.22339035161555,0.59,0.0906,True,101.19,100.5352,2.9583955675573,12.92,93.86,424.7,239.0,101.289720305124,0.186970881895698,78.70822,0.49939999999999996,0,-0.06950000000000012,-0.19010000000000005,0.0042999999999999705,0,False,False,False,False,False,True,False,False,False
2013-11-01,South Korea,392597800000000.0,98.1795277472018,3.1,143.5281524658203,3.44,2.66,False,97.79646,100.4843,19.4959584268163,12.92,93.86,424.7,239.0,99.6736233659268,-0.475059382422816,99.93661,0.7799999999999998,0,-0.08999999999999986,-0.010000000000000231,0.7399999999999998,1,False,False,False,False,False,False,True,False,False
2013-11-01,UK,493002000000.0,98.8,7.2,229.49416,2.6784,0.51663,False,94.99737,99.95473,-1.94669286544606,12.92,93.86,424.7,239.0,101.728221016205,1.29259694477086,101.5092,2.1617699999999997,0,-0.1656500000000003,0.20020999999999978,0.8849399999999998,0,False,False,False,False,False,False,False,True,False
2013-11-01,USA,17860450000000.0,98.53555,7.2,171.02225,2.62,0.12,True,99.16573,99.07097,-1.93395605841346,12.92,93.86,424.7,239.0,100.74940944086,0.28079480121912,94.64922,2.5,0,-0.20000000000000018,0.06000000000000005,0.94,0,False,False,False,False,False,False,False,False,True
2013-12-01,Australia,481018000000.0,97.23705,5.796258,74.09328392615947,4.175,2.58,True,93.28983,100.9157,1.27530450282241,14.19,97.63,420.8,239.2,100.144732530787,77593600000.0,95.01513,1.5949999999999998,0,0.16599999999999948,0.3009999999999997,1.0909999999999997,0,True,False,False,False,False,False,False,False,False
2013-12-01,Canada,497912500000.0,97.18198,7.1,135.22496,2.5585,0.925,False,97.89358,100.000302215179,0.328495348825686,14.19,97.63,420.8,239.2,100.117153954484,0.721781544070388,93.14001,1.6335,0,0.03931818181818003,0.014571428571430234,0.7296818181818199,1,False,True,False,False,False,False,False,False,False
2013-12-01,France,532693900000.0,99.46,10.2,185.95941,2.27,0.223380952380952,True,99.1738,98.15186,-1.69263344183548,14.19,97.63,420.8,239.2,99.1441709504313,0.37878787878789,85.14575,2.046619047619048,0,-0.11755486542443006,-0.08751731601731594,0.37784632034632093,0,False,False,True,False,False,False,False,False,False
2013-12-01,Germany,733980950000.0,98.98288,4.8,110.15919,1.67714285714286,0.223380952380952,True,98.00258,101.0497,1.71825610928025,14.19,97.63,420.8,239.2,100.663170588323,-0.486618004866102,87.57316,1.453761904761908,0,-0.08258592132504994,-0.055374458874456245,0.3608982683982709,0,False,False,False,True,False,False,False,False,False
2013-12-01,Italy,411306100000.0,99.53488,12.6,187.17675,4.095,0.223380952380952,False,100.3334,97.50784,0.38329014406564,14.19,97.63,420.8,239.2,99.4618106558702,0.102459016393386,82.54955,3.8716190476190477,0,-0.15055486542443086,-0.3215173160173159,0.1088463203463208,0,False,False,False,False,True,False,False,False,False
2013-12-01,Japan,133098150000000.0,97.22575,3.9,70.62983838718465,0.605,0.0871,True,101.49,100.3434,3.74617756164035,14.19,97.63,420.8,239.2,101.413265948982,-0.304702608367691,81.02563,0.5179,0,0.018500000000000072,-0.09199999999999997,-0.2641,0,False,False,False,False,False,True,False,False,False
2013-12-01,South Korea,392597800000000.0,98.1605525984973,3.1,84.72370910644531,3.584,2.65,False,101.1289,100.6977,-6.13374316602284,14.19,97.63,420.8,239.2,99.6135991224352,0.596658711217191,98.94515,0.9340000000000002,0,0.15400000000000036,-0.01599999999999957,0.7540000000000004,1,False,False,False,False,False,False,True,False,False
2013-12-01,UK,493002000000.0,98.8,7.2,176.47414,2.7598,0.52344,False,94.47077,99.92602,1.80408293229226,14.19,97.63,420.8,239.2,101.852717165361,-0.812064965197323,99.83622,2.23636,0,0.07459000000000016,0.04017999999999988,0.79579,0,False,False,False,False,False,False,False,True,False
2013-12-01,USA,17860450000000.0,98.3343,6.9,89.90614,2.72,0.12,True,99.04796,98.83395,1.75744566675649,14.19,97.63,420.8,239.2,100.754400999291,0.43908900885743,95.09109,2.6,0,0.10000000000000009,-0.020000000000000018,0.8700000000000001,0,False,False,False,False,False,False,False,False,True
2014-01-01,Australia,484878000000.0,97.23705,5.899915,115.99813434567912,4.262,2.6,True,93.28983,100.8281,-1.3158170427637,14.24,94.62,421.5,238.4,100.162901302141,77593600000.0,96.18234,1.6619999999999995,0,0.06699999999999973,0.2089999999999992,0.9069999999999991,0,True,False,False,False,False,False,False,False,False
2014-01-01,Canada,503123500000.0,96.94495,7.4,132.9837,2.6735,0.9175,False,97.56447,99.8006731216152,-6.69222649330941,14.24,94.62,421.5,238.4,100.169636895485,0.215227333871559,95.7065,1.7560000000000002,0,0.12250000000000028,0.04550000000000032,0.5365000000000002,1,False,True,False,False,False,False,False,False,False
2014-01-01,France,536571900000.0,99.8,10.2,223.97088,2.33,0.2735,True,100.6252,97.9682,6.64857879475622,14.24,94.62,421.5,238.4,99.1840699429526,0.880503144654066,87.08395,2.0565,0,0.009880952380952213,-0.21026190476190498,0.0567500000000003,0,False,False,True,False,False,False,False,False,False
2014-01-01,Germany,736023590000.0,99.35605,4.8,166.10238,1.79777777777778,0.2735,True,99.64562,101.2084,-2.93549285657507,14.24,94.62,421.5,238.4,100.765251473669,1.10024449877746,89.84804,1.5242777777777798,0,0.07051587301587192,-0.1405793650793652,0.20402777777777992,0,False,False,False,True,False,False,False,False,False
2014-01-01,Italy,410568800000.0,99.72093,12.6,94.33846,4.114,0.2735,False,100.0175,97.49071,2.39862148759413,14.24,94.62,421.5,238.4,99.6351150615147,0.102354145342831,87.25465,3.8405,0,-0.031119047619047713,-0.47726190476190533,-0.32824999999999926,0,False,False,False,False,True,False,False,False,False
2014-01-01,Japan,132955025000000.0,97.32757,3.7,89.41162004693817,0.688,0.0914,True,101.89,100.1721,-1.10549181011819,14.24,94.62,421.5,238.4,101.48472853188,1.10330992978953,82.49344,0.5965999999999999,0,0.07869999999999988,0.027699999999999836,-0.12990000000000002,0,False,False,False,False,False,True,False,False,False
2014-01-01,South Korea,396032700000000.0,98.2796743653647,3.2,125.79771423339844,3.653,2.65,False,100.0426,100.919,-4.75206461552864,14.24,94.62,421.5,238.4,99.5815268562194,0.474495848161349,96.97469,1.0030000000000001,0,0.06899999999999995,0.13300000000000045,0.383,1,False,False,False,False,False,False,True,False,False
2014-01-01,UK,496466000000.0,99.2,7.1,190.23351,2.9458,0.52474,False,94.5761,99.90483,1.90483944776589,14.24,94.62,421.5,238.4,101.953952557889,0.935672514619901,101.8433,2.42106,0,0.1847000000000003,0.09364000000000017,0.6227000000000005,0,False,False,False,False,False,False,False,True,False
2014-01-01,USA,18016147000000.0,98.32586,6.7,104.60212,2.9,0.14,True,99.29161,98.93504,-1.23928806855681,14.24,94.62,421.5,238.4,100.759917905502,-0.343794675364995,95.98233,2.76,0,0.1599999999999997,0.05999999999999961,0.6499999999999999,0,False,False,False,False,False,False,False,False,True
2014-02-01,Australia,484878000000.0,97.88716,5.946556,77.63706238194844,4.158,2.62,True,93.28983,100.5605,-1.51807894010544,15.47,100.82,427.9,238.1,100.088919736732,77593600000.0,96.73953,1.5380000000000003,0,-0.12399999999999922,0.10899999999999999,0.5260000000000002,0,True,False,False,False,False,False,False,False,False
2014-02-01,Canada,503123500000.0,97.26099,7.3,132.78744,2.53409090909091,0.894,False,96.72771,99.5625288930309,0.662355538725845,15.47,100.82,427.9,238.1,100.186599938706,-0.431970713850005,97.41881,1.64009090909091,0,-0.1159090909090903,0.04590909090909001,0.21390909090909016,1,False,True,False,False,False,False,False,False,False
2014-02-01,France,536571900000.0,99.24,10.2,221.4138,2.38,0.292045454545455,True,99.60529,97.94826,-13.3465559025308,15.47,100.82,427.9,238.1,99.1903177901748,-0.748129675810405,88.27788,2.087954545454545,0,0.031454545454544736,-0.0762193675889331,0.05938932806324093,0,False,False,True,False,False,False,False,False,False
2014-02-01,Germany,736023590000.0,98.7963,4.8,106.1858,1.75590909090909,0.292045454545455,True,99.83892,101.3722,0.176447246027167,15.47,100.82,427.9,238.1,100.82167978774,-0.725513905683239,89.74779,1.463863636363635,0,-0.060414141414144806,-0.07248418972332282,0.119646245059291,0,False,False,False,True,False,False,False,False,False
2014-02-01,Italy,410568800000.0,99.90697,13.0,116.01048,3.866,0.292045454545455,False,98.85945,97.48067,-3.28827499678489,15.47,100.82,427.9,238.1,99.7788058041856,-0.408997955010137,89.32352,3.573954545454545,0,-0.26654545454545486,-0.44821936758893344,-0.6226106719367586,0,False,False,False,False,True,False,False,False,False
2014-02-01,Japan,132955025000000.0,97.22575,3.7,100.1720193383765,0.614,0.0872,True,101.89,99.89519,7.87061603196075,15.47,100.82,427.9,238.1,101.479961545911,-0.10460251045955,77.41898,0.5267999999999999,0,-0.06979999999999997,0.02739999999999998,-0.16270000000000007,0,False,False,False,False,False,True,False,False,False
2014-02-01,South Korea,396032700000000.0,98.8078160043081,3.1,105.64112854003906,3.647,2.65,False,101.4556,101.0691,14.2678818152652,15.47,100.82,427.9,238.1,99.5856348603816,-0.1180637544274,96.3472,0.9969999999999999,0,-0.006000000000000227,0.21700000000000008,0.20699999999999985,1,False,False,False,False,False,False,True,False,False
2014-02-01,UK,496466000000.0,98.7,6.9,206.44778,2.91,0.52093,False,94.5761,100.161,0.182409751939372,15.47,100.82,427.9,238.1,102.050904447119,0.695249130938658,101.4896,2.3890700000000002,0,-0.03198999999999996,0.2273000000000005,0.4275100000000003,0,False,False,False,False,False,False,False,True,False
2014-02-01,USA,18016147000000.0,98.69166,6.6,93.50074,2.86,0.12,True,99.50137,99.24061,-3.88466159391269,15.47,100.82,427.9,238.1,100.753585110879,0.379202775790821,95.36447,2.7399999999999998,0,-0.020000000000000018,0.23999999999999977,0.2999999999999998,0,False,False,False,False,False,False,False,False,True
2014-03-01,Australia,484878000000.0,97.88716,5.875315,68.17382530917327,4.104,2.63,True,94.84708,100.2668,0.916264229044739,14.84,100.8,422.3,237.7,99.9491739793345,78714800000.0,97.89485,1.4740000000000002,0,-0.06400000000000006,-0.12099999999999955,0.18000000000000016,0,True,False,False,False,False,False,False,False,False
2014-03-01,Canada,503123500000.0,98.05109,7.3,165.5119,2.42,0.87,False,97.08991,99.5377987136288,0.157144555811861,14.84,100.8,422.3,237.7,100.203685983722,1.0000490220109,99.59733,1.5499999999999998,0,-0.09009090909091011,-0.08350000000000013,-0.0689285714285699,1,False,True,False,False,False,False,False,False,False
2014-03-01,France,536571900000.0,99.79,10.2,139.9691,2.25,0.2881,True,98.26179,98.03093,4.17492816841638,14.84,100.8,422.3,237.7,99.1684239109255,0.502512562814017,89.46375,1.9619,0,-0.12605454545454498,-0.08471904761904803,-0.17223636363636396,0,False,False,True,False,False,False,False,False,False
2014-03-01,Germany,736023590000.0,99.26276,4.8,134.59872,1.5585,0.2881,True,99.16237,101.5134,0.482309302424855,14.84,100.8,422.3,237.7,100.836262780763,0.0,88.25562,1.2704,0,-0.19346363636363506,-0.18336190476190795,-0.2387363636363642,0,False,False,False,True,False,False,False,False,False
2014-03-01,Italy,410568800000.0,99.81396,12.9,136.19007,3.651,0.2881,False,100.6492,97.57222,3.13039578086016,14.84,100.8,422.3,237.7,99.9144584799442,0.0,93.0903,3.3629,0,-0.21105454545454538,-0.508719047619048,-0.8302363636363639,0,False,False,False,False,True,False,False,False,False
2014-03-01,Japan,132955025000000.0,97.22575,3.6,127.8025370085079,0.586,0.0922,True,103.5898,99.52866,-5.98593935995244,14.84,100.8,422.3,237.7,101.38670123894,1.29643480428794,76.60934,0.49379999999999996,0,-0.032999999999999974,-0.024100000000000066,-0.11610000000000004,0,False,False,False,False,False,True,False,False,False
2014-03-01,South Korea,396032700000000.0,99.0713597363157,3.6,80.7980728149414,3.522,2.65,False,102.0684,101.1969,22.8959365333828,14.84,100.8,422.3,237.7,99.6038105913145,3.30969267139483,97.0781,0.8719999999999999,0,-0.125,-0.06200000000000028,-0.07799999999999985,1,False,False,False,False,False,False,True,False,False
2014-03-01,UK,496466000000.0,99.1,6.7,181.96483,2.8147,0.52153,False,94.78673,100.6232,-5.79145227992196,14.84,100.8,422.3,237.7,102.14595124047,-0.230149597238261,100.5595,2.29317,0,-0.09590000000000032,0.05681000000000003,0.09698999999999991,0,False,False,False,False,False,False,False,True,False
2014-03-01,USA,18016147000000.0,99.05661,6.7,88.98535,2.71,0.13,False,99.12598,99.41454,0.736111111111248,14.84,100.8,422.3,237.7,100.740961224554,-1.3270478579536,97.53705,2.58,0,-0.1599999999999997,-0.020000000000000018,-0.040000000000000036,0,False,False,False,False,False,False,False,False,True
2014-04-01,Australia,488615000000.0,97.88716,5.875077,82.71459692280325,4.092,2.65,True,94.84708,100.0046,-3.5869170458668,14.2,102.07,412.2,214.4,99.7856120008381,78714800000.0,99.24743,1.4419999999999997,0,-0.03200000000000047,-0.21999999999999975,-0.011000000000000565,0,True,False,False,False,False,False,False,False,False
2014-04-01,Canada,503973750000.0,98.60416,7.1,199.52416,2.45428571428571,0.8425,False,98.90002,99.7150264583538,-0.658876927522822,14.2,102.07,412.2,214.4,100.247568057736,0.0024268310441222,100.7263,1.6117857142857102,0,0.061785714285710336,-0.14421428571429007,-0.09871428571428975,1,False,True,False,False,False,False,False,False,False
2014-04-01,France,536325300000.0,100.24,10.2,221.99613,2.15,0.305333333333333,True,100.1348,98.10863,3.87471617470281,14.2,102.07,412.2,214.4,99.1338470308327,-0.624999999999998,91.35033,1.844666666666667,0,-0.11723333333333308,-0.21183333333333332,-0.4220952380952383,0,False,False,True,False,False,False,False,False,False
2014-04-01,Germany,743229810000.0,99.54263,4.8,130.77836,1.50857142857143,0.305333333333333,True,99.16237,101.5744,0.853574161767678,14.2,102.07,412.2,214.4,100.799058686585,0.609013398294822,89.13858,1.203238095238097,0,-0.06716190476190298,-0.32103968253968285,-0.46161904761904804,0,False,False,False,True,False,False,False,False,False
2014-04-01,Italy,410961900000.0,99.90697,12.8,128.5175,3.399,0.305333333333333,False,99.80698,97.96446,1.02118552923465,14.2,102.07,412.2,214.4,100.044021925781,0.102669404517397,96.41814,3.093666666666667,0,-0.26923333333333277,-0.746833333333333,-1.2240952380952383,0,False,False,False,False,True,False,False,False,False
2014-04-01,Japan,133993174999999.98,97.42937,3.7,110.04142738065268,0.605,0.0987,True,102.8899,99.1508,-1.64479885102732,14.2,102.07,412.2,214.4,101.215376536241,0.0,75.46642,0.5063,0,0.012500000000000011,-0.09029999999999994,-0.0626000000000001,0,False,False,False,False,False,True,False,False,False
2014-04-01,South Korea,399424500000000.0,99.253731998865,3.4,55.90073013305664,3.543,2.65,True,101.4641,101.2256,-17.7309289244532,14.2,102.07,412.2,214.4,99.6161904966586,-2.97482837528605,99.00532,0.8930000000000002,0,0.02100000000000035,-0.10999999999999988,0.023000000000000576,0,False,False,False,False,False,False,True,False,False
2014-04-01,UK,500552000000.0,99.3,6.6,217.1249,2.7837,0.52157,False,95.31332,100.9757,9.07419804011866,14.2,102.07,412.2,214.4,102.229665285915,0.57670126874283,100.83,2.26213,0,-0.031039999999999957,-0.15893000000000024,-0.06529000000000007,0,False,False,False,False,False,False,False,True,False
2014-04-01,USA,17953974000000.0,99.69453,6.7,93.46759,2.72,0.12,False,99.87865,99.48507,6.01130566662011,14.2,102.07,412.2,214.4,100.756997005635,1.07061889734856,98.45526,2.6,0,0.020000000000000018,-0.1599999999999997,-0.10000000000000009,1,False,False,False,False,False,False,False,False,True
2014-05-01,Australia,488615000000.0,98.53726,5.804595,37.09054282513895,4.027,2.68,True,94.84708,99.80804,-0.813206292932089,12.48,102.18,401.8,214.0,99.6440076471632,78714800000.0,99.6807,1.347,0,-0.09499999999999975,-0.19100000000000028,-0.0820000000000003,0,True,False,False,False,False,False,False,False,False
2014-05-01,Canada,503973750000.0,98.9202,7.1,123.92582,2.4447619047619,0.926,False,99.21972,99.9271614531509,6.31810705325155,12.48,102.18,401.8,214.0,100.312394074516,-0.145606329021697,102.0304,1.5187619047618997,0,-0.09302380952381051,-0.12132900432901028,-0.07541991341992027,1,False,True,False,False,False,False,False,False,False
2014-05-01,France,536325300000.0,100.2,10.1,175.99145,2.03,0.32975,True,99.4778,98.12945,0.727777706342988,12.48,102.18,401.8,214.0,99.0838588154103,1.25786163522013,92.26177,1.7002499999999998,0,-0.14441666666666708,-0.38770454545454514,-0.46392391304347824,0,False,False,True,False,False,False,False,False,False
2014-05-01,Germany,743229810000.0,99.35605,4.8,93.58223,1.4565,0.32975,True,99.45232,101.5765,-1.36028391129305,12.48,102.18,401.8,214.0,100.708857442101,0.605326876513357,89.8037,1.12675,0,-0.07648809523809708,-0.3371136363636351,-0.40959782608695794,0,False,False,False,True,False,False,False,False,False
2014-05-01,Italy,410961900000.0,100.093,12.8,102.56397,3.228,0.32975,False,98.64889,98.62517,-3.63312530032728,12.48,102.18,401.8,214.0,100.159336204135,0.307692307692276,94.30395,2.89825,0,-0.19541666666666702,-0.6757045454545452,-1.1239239130434786,0,False,False,False,False,True,False,False,False,False
2014-05-01,Japan,133993174999999.98,99.46552,3.6,112.3636039906435,0.61,0.0935,True,104.2897,98.91194,-17.4829047571055,12.48,102.18,401.8,214.0,100.99517135209,8.1069313827935,75.76424,0.5165,0,0.010199999999999987,-0.010299999999999976,0.017100000000000004,0,False,False,False,False,False,True,False,False,False
2014-05-01,South Korea,399424500000000.0,99.3180366694749,3.6,65.95553588867188,3.54,2.65,True,102.1684,101.1946,3.3306666870073,12.48,102.18,401.8,214.0,99.6113448434786,0.235849056603765,98.92178,0.8900000000000001,0,-0.0030000000000001137,-0.10699999999999976,0.11000000000000032,0,False,False,False,False,False,False,True,False,False
2014-05-01,UK,500552000000.0,99.6,6.4,114.79574,2.7417,0.52665,False,94.5761,101.3042,0.52861912291402,12.48,102.18,401.8,214.0,102.298357251494,0.229357798165086,103.6177,2.2150499999999997,0,-0.04708000000000023,-0.1740200000000005,0.053279999999999994,0,False,False,False,False,False,False,False,True,False
2014-05-01,USA,17953974000000.0,100.0232,6.2,91.11802,2.71,0.12,False,100.8882,99.51752,-1.48263753413937,12.48,102.18,401.8,214.0,100.802760003118,1.25859299050035,99.72694,2.59,0,-0.010000000000000231,-0.1499999999999999,0.08999999999999986,1,False,False,False,False,False,False,False,False,True
2014-06-01,Australia,488615000000.0,98.53726,5.929871,82.8541336541513,3.781,2.69,True,96.56195,99.61749,-0.960614793467962,11.54,105.79,407.7,214.5,99.5504986113259,78764600000.0,99.04755,1.0910000000000002,0,-0.2559999999999998,-0.383,-0.5039999999999996,0,True,False,False,False,False,False,False,False,False
2014-06-01,Canada,503973750000.0,99.39426,7.3,126.08412,2.3152380952381,0.925,False,100.5188,100.029225936933,1.40041732717231,11.54,105.79,407.7,214.5,100.388966804304,1.12766422825474,104.3338,1.3902380952381,0,-0.12852380952379971,-0.1597619047618999,-0.24326190476190002,1,False,True,False,False,False,False,False,False,False
2014-06-01,France,536325300000.0,100.22,10.1,188.42922,1.84,0.324571428571429,True,99.45819,98.01938,-1.90395343196701,11.54,105.79,407.7,214.5,98.9978714845794,-0.496894409937843,93.13263,1.5154285714285711,0,-0.1848214285714287,-0.44647142857142885,-0.5311904761904769,0,False,False,True,False,False,False,False,False,False
2014-06-01,Germany,743229810000.0,99.26276,4.7,129.218,1.32714285714286,0.324571428571429,True,99.06572,101.5967,4.24605117601875,11.54,105.79,407.7,214.5,100.573704157171,-0.601684717208217,91.3672,1.0025714285714311,0,-0.1241785714285688,-0.26782857142856886,-0.4511904761904768,0,False,False,False,True,False,False,False,False,False
2014-06-01,Italy,410961900000.0,100.0,12.7,105.47378,3.123,0.324571428571429,False,99.7017,99.27867,1.04332726608531,11.54,105.79,407.7,214.5,100.223855941969,0.511247443762874,96.91768,2.798428571428571,0,-0.09982142857142895,-0.5644714285714287,-1.0731904761904767,0,False,False,False,False,True,False,False,False,False
2014-06-01,Japan,133993174999999.98,99.87274,3.6,87.5140585917238,0.566,0.0905,True,99.79018,98.94579,3.12096215212885,11.54,105.79,407.7,214.5,100.734847612817,-15.4325041566904,80.33395,0.4754999999999999,0,-0.041000000000000036,-0.01830000000000004,-0.042400000000000104,0,False,False,False,False,False,True,False,False,False
2014-06-01,South Korea,399424500000000.0,99.4814337833196,3.5,66.65896606445312,3.402,2.65,True,102.4972,101.0831,-0.373525124789342,11.54,105.79,407.7,214.5,99.58388735773,-1.17647058823529,99.23155,0.7520000000000002,0,-0.1379999999999999,-0.11999999999999966,-0.18199999999999994,0,False,False,False,False,False,False,True,False,False
2014-06-01,UK,500552000000.0,99.6,6.3,198.74093,2.6989,0.52744,False,94.99737,101.5671,0.753647141283253,11.54,105.79,407.7,214.5,102.325055592241,0.457665903890181,103.177,2.17146,0,-0.043589999999999574,-0.12170999999999976,-0.06489999999999974,0,False,False,False,False,False,False,False,True,False
2014-06-01,USA,17953974000000.0,100.3725,6.3,90.39225,2.56,0.11,False,100.9534,99.591,3.14191419141909,11.54,105.79,407.7,214.5,100.859450545276,0.0894561291437945,102.1338,2.45,0,-0.13999999999999968,-0.1299999999999999,-0.1499999999999999,1,False,False,False,False,False,False,False,False,True
2014-07-01,Australia,491071000000.0,98.53726,6.048489,67.34064293336652,3.713,2.7,True,96.56195,99.36501,-1.0782035955158,12.3,103.59,405.1,214.4,99.5281842279449,78764600000.0,100.6367,1.013,0,-0.07800000000000029,-0.4289999999999998,-0.6489999999999996,0,True,False,False,False,False,False,False,False,False
2014-07-01,Canada,508567750000.0,99.47327,7.2,111.1764,2.29857142857143,0.935,False,100.7863,99.9957695029056,0.625822966627632,12.3,103.59,405.1,214.4,100.469417434968,0.235514647569168,106.4434,1.3635714285714298,0,-0.02666666666667017,-0.2482142857142804,-0.39242857142857046,1,False,True,False,False,False,False,False,False,False
2014-07-01,France,536814000000.0,100.18,10.2,159.18368,1.71,0.241428571428571,True,97.90875,97.8728,1.39500686442276,12.3,103.59,405.1,214.4,98.8824585744166,-0.124843945068709,89.99406,1.4685714285714289,0,-0.046857142857142264,-0.37609523809523804,-0.5879285714285714,0,False,False,True,False,False,False,False,False,False
2014-07-01,Germany,743381110000.0,99.54263,4.7,70.29832,1.26428571428571,0.241428571428571,True,98.58247,101.6315,-7.1337116726608,12.3,103.59,405.1,214.4,100.399636644988,-0.726392251815922,89.57235,1.0228571428571391,0,0.020285714285708023,-0.18038095238095786,-0.5014206349206407,0,False,False,False,True,False,False,False,False,False
2014-07-01,Italy,410949300000.0,100.093,12.2,104.60303,2.92,0.241428571428571,False,98.33304,99.61394,3.86351115809236,12.3,103.59,405.1,214.4,100.201745932893,-0.203458799593104,93.23506,2.678571428571429,0,-0.11985714285714222,-0.4150952380952382,-1.1619285714285712,0,False,False,False,False,True,False,False,False,False
2014-07-01,Japan,131596025000000.0,99.77094,3.7,63.48065868146014,0.536,0.0884,True,101.89,99.22411,-0.282107312395985,12.3,103.59,405.1,214.4,100.48894262066,2.93287344236508,82.20078,0.4476,0,-0.027899999999999925,-0.058699999999999974,-0.1489999999999999,0,False,False,False,False,False,True,False,False,False
2014-07-01,South Korea,402905900000000.0,99.3538786170279,3.5,70.28411865234375,3.286,2.65,True,99.07219,100.915,-4.94843275358399,12.3,103.59,405.1,214.4,99.5472141488807,1.54761904761904,100.5348,0.6360000000000001,0,-0.1160000000000001,-0.2570000000000001,-0.367,0,False,False,False,False,False,False,True,False,False
2014-07-01,UK,504939000000.0,99.8,6.1,123.77553,2.7842,0.54394,False,94.47077,101.7205,-2.64179416428679,12.3,103.59,405.1,214.4,102.294178019385,0.683371298405522,102.6874,2.2402599999999997,0,0.06879999999999953,-0.021870000000000278,-0.18080000000000052,0,False,False,False,False,False,False,False,True,False
2014-07-01,USA,18185911000000.0,100.5595,6.1,81.00762,2.6,0.11,False,101.3666,99.5773,4.50531166005441,12.3,103.59,405.1,214.4,100.908897162878,0.161311969828382,102.8774,2.49,0,0.040000000000000036,-0.10999999999999988,-0.2699999999999996,1,False,False,False,False,False,False,False,False,True
2014-08-01,Australia,491071000000.0,98.72301,6.173297,77.25982620793158,3.486,2.65,True,96.56195,99.27589,1.05347166799721,13.49,96.54,415.9,216.4,99.5807537554648,78764600000.0,101.4328,0.8360000000000003,0,-0.1769999999999996,-0.5109999999999997,-0.702,0,True,False,False,False,False,False,False,False,False
2014-08-01,Canada,508567750000.0,99.31525,7.1,143.09218,2.19454545454545,0.948,False,101.6367,99.9396200002889,2.56840946870549,13.49,96.54,415.9,216.4,100.539936798161,0.748039991368743,107.2668,1.24654545454545,0,-0.1170259740259798,-0.2722164502164497,-0.39354545454545997,1,False,True,False,False,False,False,False,False,False
2014-08-01,France,536814000000.0,99.86,10.2,148.74221,1.56,0.20504347826087,True,99.30128,97.77207,0.260531972920083,13.49,96.54,415.9,216.4,98.767871331998,0.375000000000014,87.4003,1.3549565217391302,0,-0.11361490683229869,-0.34529347826086965,-0.7329980237154148,0,False,False,True,False,False,False,False,False,False
2014-08-01,Germany,743381110000.0,99.82251,4.7,105.19635,1.11434782608696,0.20504347826087,True,98.67912,101.6152,6.32107951673948,13.49,96.54,415.9,216.4,100.20424055108,1.34146341463413,85.20767,0.9093043478260899,0,-0.1135527950310492,-0.21744565217391,-0.5545592885375451,0,False,False,False,True,False,False,False,False,False
2014-08-01,Italy,410949300000.0,100.0,12.9,110.70175,2.794,0.20504347826087,False,100.3334,99.41846,1.08560862752889,13.49,96.54,415.9,216.4,100.089198412898,-0.407747196738051,88.38186,2.58895652173913,0,-0.08961490683229867,-0.30929347826086984,-0.984998023715415,0,False,False,False,False,True,False,False,False,False
2014-08-01,Japan,131596025000000.0,99.87274,3.7,75.09111608139291,0.527,0.0912,True,100.5901,99.55025,4.88743641987588,13.49,96.54,415.9,216.4,100.294980682638,1.01575112803742,81.96356,0.4358,0,-0.011799999999999977,-0.08069999999999994,-0.09099999999999991,0,False,False,False,False,False,True,False,False,False
2014-08-01,South Korea,402905900000000.0,99.4993547570961,3.5,92.3905792236328,3.056,2.65,True,101.563,100.8703,7.53510977497012,13.49,96.54,415.9,216.4,99.5222862828679,0.586166471277849,102.4784,0.40600000000000014,0,-0.22999999999999998,-0.484,-0.5909999999999997,0,False,False,False,False,False,False,True,False,False
2014-08-01,UK,504939000000.0,99.6,6.0,146.22757,2.7343,0.55641,False,94.78673,101.8074,3.46912386688349,13.49,96.54,415.9,216.4,102.205146779134,0.226244343891358,101.826,2.17789,0,-0.06236999999999959,-0.03715999999999964,-0.21118000000000015,0,False,False,False,False,False,False,False,True,False
2014-08-01,USA,18185911000000.0,100.5202,6.2,76.64489,2.54,0.13,False,101.7029,99.55072,-2.8903857930192,13.49,96.54,415.9,216.4,100.944078362413,0.265218240445142,101.5284,2.41,0,-0.08000000000000007,-0.17999999999999972,-0.3299999999999996,1,False,False,False,False,False,False,False,False,True
2014-09-01,Australia,491071000000.0,98.72301,6.099975,95.73200727867803,3.43,2.63,True,97.80712,99.3455,-0.207595279463768,13.47,93.21,413.6,216.6,99.6947402944563,79579600000.0,99.80123,0.8000000000000003,0,-0.03600000000000003,-0.2909999999999999,-0.6739999999999999,0,True,False,False,False,False,False,False,False,False
2014-09-01,Canada,508567750000.0,99.31525,7.0,155.50932,2.062,0.95,False,101.0467,99.9112601584292,0.143068804087343,13.47,93.21,413.6,216.6,100.587613121775,0.687751362413991,107.1606,1.1119999999999999,0,-0.13454545454545008,-0.27823809523810006,-0.43799999999999994,1,False,True,False,False,False,False,False,False,False
2014-09-01,France,536814000000.0,100.3,10.2,132.21719,1.41,0.191571428571429,True,100.0956,97.80212,-0.425624515972127,13.47,93.21,413.6,216.6,98.6770719531475,-0.249066002490628,90.66413,1.218428571428571,0,-0.1365279503105592,-0.29700000000000015,-0.743471428571429,0,False,False,True,False,False,False,False,False,False
2014-09-01,Germany,743381110000.0,99.82251,4.7,142.96779,0.956190476190476,0.191571428571429,True,100.3222,101.5001,0.849391306963021,13.47,93.21,413.6,216.6,100.006334484047,-1.44404332129963,88.18429,0.7646190476190471,0,-0.14468530020704284,-0.23795238095238402,-0.5057809523809529,0,False,False,False,True,False,False,False,False,False
2014-09-01,Italy,410949300000.0,100.186,12.5,78.32361,2.633,0.191571428571429,False,98.85945,98.92175,-1.37069996531302,13.47,93.21,413.6,216.6,99.9161255508399,-0.614124872057353,92.33006,2.441428571428571,0,-0.14752795031055932,-0.3570000000000002,-0.9214714285714289,0,False,False,False,False,True,False,False,False,False
2014-09-01,Japan,131596025000000.0,100.0764,3.5,77.91662980055698,0.488,0.0884,True,100.3901,99.74742,-2.72056676804694,13.47,93.21,413.6,216.6,100.154488673453,-0.202336862702801,84.71029,0.39959999999999996,0,-0.036200000000000065,-0.07589999999999997,-0.0942,0,False,False,False,False,False,True,False,False,False
2014-09-01,South Korea,402905900000000.0,99.6732936202212,3.6,79.65977478027344,3.086,2.52,True,102.3419,100.8468,-0.349878514019275,13.47,93.21,413.6,216.6,99.5272009962896,0.466200466200473,101.6122,0.5659999999999998,0,0.1599999999999997,-0.1860000000000004,-0.30600000000000005,0,False,False,False,False,False,False,True,False,False
2014-09-01,UK,504939000000.0,99.9,6.0,209.91403,2.5347,0.56119,False,95.7346,101.8052,-1.50350531496517,13.47,93.21,413.6,216.6,102.074928080833,0.338600451467252,102.7743,1.97351,0,-0.20438,-0.19795000000000007,-0.31965999999999983,0,False,False,False,False,False,False,False,True,False
2014-09-01,USA,18185911000000.0,100.3523,6.1,71.26214,2.42,0.13,False,101.9187,99.54248,1.7404464623527,13.47,93.21,413.6,216.6,100.960758159931,0.123653365122212,102.3879,2.29,0,-0.1200000000000001,-0.16000000000000014,-0.29000000000000004,1,False,False,False,False,False,False,False,False,True
2014-10-01,Australia,493185000000.0,98.72301,6.236625,88.75442898089351,3.573,2.66,True,97.80712,99.42841,-2.5098925946868,18.06,84.4,411.1,217.7,99.8514362499395,79579600000.0,97.03217,0.9129999999999998,0,0.11299999999999955,-0.10000000000000009,-0.5289999999999999,0,True,False,False,False,False,False,False,False,False
2014-10-01,Canada,513442750000.00006,99.39426,7.0,140.3446,2.18095238095238,0.9275,True,99.36431,99.9172222759092,-4.18727227026198,18.06,84.4,411.1,217.7,100.594562586912,-0.179626565823754,100.7782,1.2534523809523799,0,0.14145238095238,-0.11011904761904989,-0.3583333333333303,0,False,True,False,False,False,False,False,False,False
2014-10-01,France,539859100000.0,99.92,10.4,242.48574,1.35,0.0970909090909091,True,98.50695,97.80795,-0.152337121406902,18.06,84.4,411.1,217.7,98.6277222758054,1.37328339575533,84.61759,1.252909090909091,0,0.03448051948052,-0.2156623376623379,-0.5917575757575759,0,False,False,True,False,False,False,False,False,False
2014-10-01,Germany,746936850000.0,99.82251,4.7,177.00503,0.921363636363636,0.0970909090909091,True,96.74613,101.2732,-1.47154160265673,18.06,84.4,411.1,217.7,99.8201891467349,1.58730158730158,82.40456,0.8242727272727269,0,0.05965367965367985,-0.1985844155844122,-0.37896536796537006,0,False,False,False,True,False,False,False,False,False
2014-10-01,Italy,411624300000.0,99.81396,12.9,135.201,2.4,0.0970909090909091,False,97.38551,98.50208,-1.7752098236346,18.06,84.4,411.1,217.7,99.7275112255648,0.514933058702449,85.35027,2.302909090909091,0,-0.13851948051947982,-0.3756623376623378,-0.790757575757576,0,False,False,False,False,True,False,False,False,False
2014-10-01,Japan,131724075000000.02,100.28,3.5,92.26693225272666,0.497,0.091,True,99.49021,99.71674,2.4394380441658,18.06,84.4,411.1,217.7,100.066696521809,1.00132841811857,80.80453,0.406,0,0.006400000000000072,-0.04159999999999997,-0.10029999999999994,0,False,False,False,False,False,True,False,False,False
2014-10-01,South Korea,404193000000000.0,99.6089889496113,3.5,64.48342895507812,3.012,2.35,True,98.37634,100.8893,-7.06370085798017,18.06,84.4,411.1,217.7,99.581683892006,0.928074245939658,96.72011,0.6619999999999999,0,0.09600000000000009,0.0259999999999998,-0.23100000000000032,0,False,False,False,False,False,False,True,False,False
2014-10-01,UK,508741000000.0,100.0,5.9,267.56604,2.4919,0.56291,False,95.20801,101.7895,0.369024655737427,18.06,84.4,411.1,217.7,101.925443340894,0.224971878515134,97.177,1.9289899999999998,0,-0.04452000000000034,-0.31126999999999994,-0.3331400000000002,0,False,False,False,False,False,False,False,True,False
2014-10-01,USA,18406941000000.0,100.4278,5.9,84.33692,2.53,0.12,False,101.76,99.63799,-5.46671625139455,18.06,84.4,411.1,217.7,100.961460509639,0.597814291941035,98.07211,2.4099999999999997,0,0.11999999999999966,-0.08000000000000052,-0.1900000000000004,1,False,False,False,False,False,False,False,False,True
2014-11-01,Australia,493185000000.0,98.90875,6.356944,88.3233807365144,3.344,2.72,True,97.80712,99.39036,1.65603618230379,13.41,75.79,404.5,217.3,100.036358153253,79579600000.0,98.87231,0.6239999999999997,0,-0.28900000000000015,-0.21200000000000063,-0.7230000000000003,0,True,False,False,False,False,False,False,False,False
2014-11-01,Canada,513442750000.00006,99.47327,6.8,159.83577,2.01045454545455,0.894,True,101.2682,99.857836520462,1.31414845023972,13.41,75.79,404.5,217.3,100.551205151796,0.584836861296556,103.387,1.11645454545455,0,-0.13699783549782985,-0.13009090909089993,-0.4023073593073496,0,False,True,False,False,False,False,False,False,False
2014-11-01,France,539859100000.0,99.95,10.4,208.56678,1.26,0.0826086956521739,True,99.75239,97.78699,-0.851041914779931,13.41,75.79,404.5,217.3,98.6379730138537,-0.246305418719284,87.58737,1.1773913043478261,0,-0.07551778656126484,-0.17756521739130404,-0.5228586956521737,0,False,False,True,False,False,False,False,False,False
2014-11-01,Germany,746936850000.0,99.54263,4.7,150.627,0.790909090909091,0.0826086956521739,True,99.16237,101.1093,3.5701241870868,13.41,75.79,404.5,217.3,99.6717761547672,-0.961538461538525,87.26277,0.7083003952569171,0,-0.11597233201580981,-0.2010039525691728,-0.4184496047430828,0,False,False,False,True,False,False,False,False,False
2014-11-01,Italy,411624300000.0,99.90697,13.0,104.25889,2.424,0.0826086956521739,False,98.0172,98.34151,7.63753325753667,13.41,75.79,404.5,217.3,99.5812140797118,0.819672131147486,85.77872,2.341391304347826,0,0.038482213438734814,-0.24756521739130433,-0.5568586956521742,0,False,False,False,False,True,False,False,False,False
2014-11-01,Japan,131724075000000.02,99.97455,3.6,103.25913355044145,0.465,0.0889,True,100.5901,99.54192,-2.4159787024751,13.41,75.79,404.5,217.3,100.020725322085,0.987375240940347,89.18202,0.3761,0,-0.029900000000000038,-0.05970000000000003,-0.14039999999999997,0,False,False,False,False,False,True,False,False,False
2014-11-01,South Korea,404193000000000.0,99.3085490951226,3.6,88.13387298583984,2.769,2.21,True,98.03799,100.858,4.18173656441609,13.41,75.79,404.5,217.3,99.6843010193414,-2.18390804597701,97.4371,0.5590000000000002,0,-0.10299999999999976,0.15300000000000002,-0.33099999999999996,0,False,False,False,False,False,False,True,False,False
2014-11-01,UK,508741000000.0,100.1,5.9,159.83263,2.2469,0.55836,False,96.05055,101.6351,7.32838774659967,13.41,75.79,404.5,217.3,101.765836106357,-0.673400673400637,100.748,1.6885400000000002,0,-0.2404499999999996,-0.48934999999999995,-0.5265099999999996,0,False,False,False,False,False,False,False,True,False
2014-11-01,USA,18406941000000.0,100.1755,5.7,100.20666,2.3,0.12,False,102.0786,99.84365,0.472069236822237,13.41,75.79,404.5,217.3,100.948446120515,-0.215573203812169,102.2602,2.1799999999999997,0,-0.22999999999999998,-0.23000000000000043,-0.41000000000000014,1,False,False,False,False,False,False,False,False,True
2014-12-01,Australia,493185000000.0,98.90875,6.296704,65.1724632677116,3.294,2.75,True,97.92593,99.35777,-1.72944853863941,16.29,59.29,400.6,217.0,100.238893677638,80792800000.0,96.76395,0.544,0,-0.07999999999999963,-0.2560000000000002,-0.5470000000000002,0,True,False,False,False,False,False,False,False,False
2014-12-01,Canada,513442750000.00006,99.07822,6.8,216.45082,2.00315789473684,0.9025,True,102.0788,99.7553486302649,-1.88046859760113,16.29,59.29,400.6,217.0,100.457543423152,-0.0353099032508242,100.1089,1.1006578947368402,0,-0.01579665071770986,-0.011342105263159707,-0.28958020050125977,0,False,True,False,False,False,False,False,False,False
2014-12-01,France,539859100000.0,99.78,10.5,195.1889,1.14,0.0809,True,98.1343,97.88334,-1.59852483816721,16.29,59.29,400.6,217.0,98.7078770520467,-0.1234567901234,88.08463,1.0591,0,-0.1182913043478262,-0.15932857142857104,-0.4563285714285712,0,False,False,True,False,False,False,False,False,False
2014-12-01,Germany,746936850000.0,99.54263,4.6,109.45728,0.719,0.0809,True,99.45232,101.0795,-0.434737367830063,16.29,59.29,400.6,217.0,99.5834776427019,0.970873786407833,90.31265,0.6381,0,-0.07020039525691713,-0.1265190476190471,-0.3644714285714311,0,False,False,False,True,False,False,False,False,False
2014-12-01,Italy,411624300000.0,99.72093,13.3,159.69913,2.29,0.0809,False,97.91191,98.22118,-1.02827676074866,16.29,59.29,400.6,217.0,99.4958626044536,0.101626016260226,85.12902,2.2091,0,-0.132291304347826,-0.232328571428571,-0.5893285714285712,0,False,False,False,False,True,False,False,False,False
2014-12-01,Japan,131724075000000.02,99.66913,3.4,108.15757585106617,0.42,0.0803,True,100.5901,99.32784,-0.384589649669842,16.29,59.29,400.6,217.0,100.007248959934,-0.581288337422714,90.98632,0.3397,0,-0.03639999999999999,-0.05989999999999995,-0.13579999999999992,0,False,False,False,False,False,True,False,False,False
2014-12-01,South Korea,404193000000000.0,99.1082558587968,3.5,104.9105987548828,2.692,2.14,True,98.17311,100.6672,2.664615937584,16.29,59.29,400.6,217.0,99.8297350910316,-0.352526439482959,96.50879,0.552,0,-0.007000000000000117,-0.01399999999999979,-0.20000000000000018,0,False,False,False,False,False,False,True,False,False
2014-12-01,UK,508741000000.0,99.9,5.7,142.29186,2.1593,0.55628,False,96.05055,101.56,-4.34875699742566,16.29,59.29,400.6,217.0,101.61570275352,1.24293785310736,99.29762,1.60302,0,-0.08552000000000026,-0.3704900000000002,-0.5684400000000003,0,False,False,False,False,False,False,False,True,False
2014-12-01,USA,18406941000000.0,99.63463,5.8,88.56003,2.33,0.13,False,102.0901,100.1328,-0.339336987731942,16.29,59.29,400.6,217.0,100.917214228287,0.20770973901969,101.3765,2.2,0,0.020000000000000462,-0.08999999999999986,-0.25,1,False,False,False,False,False,False,False,False,True
2015-01-01,Australia,495047000000.0,98.90875,6.104256,91.33516952537433,2.964,2.75,True,97.92593,99.3126,1.28857003552303,19.12,47.22,392.4,218.0,100.419906882986,80792800000.0,98.78583,0.21399999999999997,0,-0.33000000000000007,-0.6989999999999998,-0.7989999999999999,0,True,False,False,False,False,False,False,False,False
2015-01-01,Canada,516991500000.0,98.36713,6.7,147.49512,1.85190476190476,0.902,True,101.7034,99.7679998947897,0.380848050292348,19.12,47.22,392.4,218.0,100.326630329325,0.110676776715546,100.9038,0.9499047619047599,0,-0.15075313283208025,-0.30354761904761995,-0.41366666666666985,0,False,True,False,False,False,False,False,False,False
2015-01-01,France,539353400000.0,99.86,10.5,261.02573,0.92,0.0809047619047619,True,96.74177,98.1182,-2.08505163142094,19.12,47.22,392.4,218.0,98.8313444805877,0.123609394313906,90.7668,0.8390952380952381,0,-0.22000476190476181,-0.41381385281385286,-0.6294761904761907,0,False,False,True,False,False,False,False,False,False
2015-01-01,Germany,752989250000.0,99.54263,4.6,152.41962,0.588947368421053,0.0809047619047619,True,99.35567,101.1225,-3.35038166208343,19.12,47.22,392.4,218.0,99.5620249523899,-0.240384615384637,93.31048,0.5080426065162911,0,-0.13005739348370893,-0.31623012075643586,-0.5148145363408481,0,False,False,False,True,False,False,False,False,False
2015-01-01,Italy,410248700000.0,99.72093,12.4,120.30161,1.99,0.0809047619047619,False,97.91191,98.14339,-3.95731330130904,19.12,47.22,392.4,218.0,99.4959816785074,0.913705583756341,86.32163,1.9090952380952382,0,-0.30000476190476166,-0.39381385281385284,-0.7694761904761906,0,False,False,False,False,True,False,False,False,False
2015-01-01,Japan,132337275000000.0,99.66913,3.4,105.83862671795114,0.33,0.0837,True,100.5901,99.18331,-0.937324839392895,19.12,47.22,392.4,218.0,100.0279918603,0.6046703266124,89.62939,0.24630000000000002,0,-0.09339999999999998,-0.1597,-0.20129999999999998,0,False,False,False,False,False,True,False,False,False
2015-01-01,South Korea,406194100000000.0,99.0987682844445,3.6,107.76136016845705,2.681,2.13,True,98.44869,100.4351,3.13399930689924,19.12,47.22,392.4,218.0,100.00777357929,0.8254716981132,95.50292,0.5510000000000002,0,-0.0009999999999998899,-0.11099999999999977,-0.08499999999999996,0,False,False,False,False,False,False,True,False,False
2015-01-01,UK,512334000000.0,99.9,5.6,210.36075,1.9287,0.55818,False,96.36651,101.5244,0.437401197535503,19.12,47.22,392.4,218.0,101.482148741506,0.558035714285654,100.2738,1.37052,0,-0.23249999999999993,-0.5584699999999998,-0.8697399999999997,0,False,False,False,False,False,False,False,True,False
2015-01-01,USA,18500031000000.0,99.06969,5.6,85.1875,2.21,0.15,False,102.7354,100.4875,3.22158198009412,19.12,47.22,392.4,218.0,100.866649853222,0.576263045968139,100.0791,2.06,0,-0.14000000000000012,-0.34999999999999964,-0.43000000000000016,1,False,False,False,False,False,False,False,False,True
2015-02-01,Australia,495047000000.0,99.18737,6.352319,108.08183326064646,2.622,2.7,True,97.92593,99.2357,0.845825883647877,15.9,50.58,376.8,218.1,100.545754653881,80792800000.0,106.3397,-0.07800000000000029,1,-0.29200000000000026,-0.702,-0.9140000000000006,0,True,False,False,False,False,False,False,False,False
2015-02-01,Canada,516991500000.0,98.20911,6.8,286.05152,1.52571428571429,0.765,True,102.1093,99.9225179169311,-6.36030612605644,15.9,50.58,376.8,218.1,100.168821842005,0.792698703925865,105.7285,0.76071428571429,0,-0.18919047619046991,-0.35574025974026,-0.48583116883115995,0,False,True,False,False,False,False,False,False,False
2015-02-01,France,539353400000.0,98.86,10.4,178.69872,0.67,0.0626666666666667,True,100.1741,98.47842,8.85541965699654,15.9,50.58,376.8,218.1,98.9960909153021,0.987654320987663,98.72089,0.6073333333333333,0,-0.23176190476190484,-0.5700579710144928,-0.7476231884057969,0,False,False,True,False,False,False,False,False,False
2015-02-01,Germany,752989250000.0,98.51642,4.5,201.27247,0.39,0.0626666666666667,True,100.9987,101.267,3.04771751116941,15.9,50.58,376.8,218.1,99.5987703568728,1.4457831325301,100.9564,0.3273333333333333,0,-0.18070927318295776,-0.3809670619235838,-0.5819710144927566,0,False,False,False,True,False,False,False,False,False
2015-02-01,Italy,410248700000.0,99.34884,12.4,99.27146,1.702,0.0626666666666667,False,98.96473,98.20756,8.37493396188989,15.9,50.58,376.8,218.1,99.5887556712786,0.0,94.92488,1.6393333333333333,0,-0.26976190476190487,-0.7020579710144925,-0.9496231884057968,0,False,False,False,False,True,False,False,False,False
2015-02-01,Japan,132337275000000.0,99.56732,3.6,91.17315521986352,0.275,0.0811,True,100.1901,99.21556,0.702873310260022,15.9,50.58,376.8,218.1,100.067690072071,-0.296442687747811,94.07663,0.19390000000000002,0,-0.0524,-0.18219999999999997,-0.2419,0,False,False,False,False,False,True,False,False,False
2015-02-01,South Korea,406194100000000.0,99.7702777136,3.4,165.8157958984375,2.415,2.13,True,100.9778,100.2896,4.17028905704073,15.9,50.58,376.8,218.1,100.185018800921,3.74269005847954,97.5077,0.28500000000000014,0,-0.266,-0.274,-0.121,0,False,False,False,False,False,False,True,False,False
2015-02-01,UK,512334000000.0,99.2,5.6,201.19104,1.589,0.5626,False,97.84097,101.6585,0.265793252746538,15.9,50.58,376.8,218.1,101.383165043338,2.10876803551594,104.3025,1.0264,0,-0.34412,-0.6621400000000002,-1.1514900000000001,0,False,False,False,False,False,False,False,True,False
2015-02-01,USA,18500031000000.0,98.60348,5.7,117.16063,1.88,0.16,False,102.7297,100.8809,-6.24207054047201,15.9,50.58,376.8,218.1,100.791292397543,-0.842859113061944,102.7756,1.72,0,-0.3400000000000001,-0.45999999999999974,-0.6900000000000002,1,False,False,False,False,False,False,False,False,True
2015-03-01,Australia,495047000000.0,99.18737,6.154372,141.45085183148495,2.49,2.36,True,98.65428,99.37363,-0.177292874190438,14.81,47.82,362.7,218.0,100.604322163293,81549000000.0,107.2095,0.13000000000000034,0,0.20800000000000063,-0.4139999999999997,-0.6699999999999999,0,True,False,False,False,False,False,False,False,False
2015-03-01,Canada,516991500000.0,99.07822,6.9,240.58942,1.37947368421053,0.5325,True,101.4177,99.9882009208485,0.599549485359052,14.81,47.82,362.7,218.0,99.990271430232,-2.31271878646451,104.0623,0.84697368421053,0,0.08625939849623998,-0.2536842105263102,-0.2650263157894699,0,False,True,False,False,False,False,False,False,False
2015-03-01,France,539353400000.0,99.52,10.3,238.49513,0.6,0.0482,True,99.80141,98.86644,-2.28122523771791,14.81,47.82,362.7,218.0,99.1869624034537,0.855745721271473,103.4775,0.5518,0,-0.05553333333333332,-0.5073,-0.666628571428571,0,False,False,True,False,False,False,False,False,False
2015-03-01,Germany,752989250000.0,99.21654,4.5,161.29883,0.302,0.0482,True,98.58247,101.4539,1.02255132633107,14.81,47.82,362.7,218.0,99.67815195105,0.356294536817137,107.9198,0.25379999999999997,0,-0.07353333333333334,-0.38430000000000003,-0.5108190476190471,0,False,False,False,True,False,False,False,False,False
2015-03-01,Italy,410248700000.0,99.72093,12.4,85.66958,1.557,0.0482,False,98.64889,98.71519,0.529763470726596,14.81,47.82,362.7,218.0,99.7622915178224,0.0,101.6257,1.5088,0,-0.1305333333333334,-0.7002999999999999,-0.9326285714285709,0,False,False,False,False,True,False,False,False,False
2015-03-01,Japan,132337275000000.0,99.36371,3.5,74.64918497869209,0.33,0.0873,True,102.6899,99.37292,-1.24908798969001,14.81,47.82,362.7,218.0,100.12892597721,-0.889844163266418,100.1631,0.24270000000000003,0,0.04880000000000001,-0.09699999999999998,-0.15689999999999993,0,False,False,False,False,False,True,False,False,False
2015-03-01,South Korea,406194100000000.0,99.7112439176303,3.7,125.8762664794922,2.346,2.12,True,99.1339,100.2903,-6.38623764636569,14.81,47.82,362.7,218.0,100.321782718,-2.59301014656144,100.0709,0.22599999999999998,0,-0.05900000000000016,-0.32600000000000007,-0.33999999999999986,0,False,False,False,False,False,False,True,False,False
2015-03-01,UK,512334000000.0,99.5,5.5,190.1389,1.7365,0.56363,False,97.20906,101.9452,-1.71225878490656,14.81,47.82,362.7,218.0,101.327511314673,-1.63043478260853,104.3932,1.17287,0,0.1464700000000001,-0.4301499999999998,-0.80064,0,False,False,False,False,False,False,False,True,False
2015-03-01,USA,18500031000000.0,99.03172,5.5,100.31974,1.98,0.15,False,101.9262,101.1459,-2.3815967523679,14.81,47.82,362.7,218.0,100.694425950916,-0.25323758796113,102.2537,1.83,0,0.1100000000000001,-0.3700000000000001,-0.45999999999999996,1,False,False,False,False,False,False,False,False,True
2015-04-01,Australia,499779000000.0,99.18737,6.103536,53.48806301548109,2.475,2.3,True,98.65428,99.65068,3.79579661634424,13.49,54.45,365.8,216.9,100.594822707673,81549000000.0,107.4749,0.17500000000000027,0,0.04499999999999993,-0.0389999999999997,-0.7379999999999995,0,True,False,False,False,False,False,False,False,False
2015-04-01,Canada,514113000000.00006,99.78931,6.9,131.63589,1.42136363636364,0.5525,True,100.7692,99.8962728266668,-4.16633321592228,13.49,54.45,365.8,216.9,99.819199496223,1.07503762631711,106.6098,0.86886363636364,0,0.02188995215310996,-0.08104112554111997,-0.38458874458873993,0,False,True,False,False,False,False,False,False,False
2015-04-01,France,542224400000.0,100.17,10.4,174.19758,0.51,0.0271818181818182,True,100.8017,99.24167,2.21157927412559,13.49,54.45,365.8,216.9,99.376632367311,-0.606060606060699,106.7376,0.4828181818181818,0,-0.06898181818181814,-0.3562770562770563,-0.7700909090909092,0,False,False,True,False,False,False,False,False,False
2015-04-01,Germany,749206540000.0,99.71662,4.5,80.55538,0.227272727272727,0.0271818181818182,True,99.64562,101.6227,0.4010368155279,13.49,54.45,365.8,216.9,99.7793154657471,0.0,109.3831,0.2000909090909088,0,-0.05370909090909118,-0.3079516974253823,-0.6241818181818182,0,False,False,False,True,False,False,False,False,False
2015-04-01,Italy,411434400000.0,99.81396,12.6,109.0559,1.294,0.0271818181818182,False,99.38586,99.5627,1.09141419135237,13.49,54.45,365.8,216.9,99.9802489296092,-0.201207243460766,105.4278,1.2668181818181818,0,-0.24198181818181808,-0.6422770562770563,-1.0360909090909092,0,False,False,False,False,True,False,False,False,False
2015-04-01,Japan,134346400000000.0,99.66913,3.4,76.94385925106837,0.4,0.0914,True,99.79018,99.63211,0.0246029641473466,13.49,54.45,365.8,216.9,100.209029536799,0.60613892581074,102.6604,0.30860000000000004,0,0.06590000000000001,0.06230000000000002,-0.09739999999999999,0,False,False,False,False,False,True,False,False,False
2015-04-01,South Korea,409287800000000.0,99.7207314919826,3.5,97.98577880859376,2.276,1.95,False,100.5809,100.3365,0.557205261748139,13.49,54.45,365.8,216.9,100.416861678873,3.35648148148147,104.777,0.32599999999999985,0,0.09999999999999987,-0.2250000000000003,-0.3360000000000001,0,False,False,False,False,False,False,True,False,False
2015-04-01,UK,513850000000.0,99.6,5.5,209.5493,1.7941,0.56436,False,98.36756,102.2124,2.81945319223913,13.49,54.45,365.8,216.9,101.314667818359,0.773480662983528,106.0855,1.22974,0,0.056869999999999976,-0.1407799999999999,-0.6992499999999997,0,False,False,False,False,False,False,False,True,False
2015-04-01,USA,18666621000000.0,99.62112,5.4,105.21813,2.04,0.14,True,101.2595,101.1482,7.90130302190175,13.49,54.45,365.8,216.9,100.585396038719,-0.80136595689958,103.8488,1.9,0,0.06999999999999984,-0.16000000000000014,-0.5099999999999998,0,False,False,False,False,False,False,False,False,True
2015-05-01,Australia,499779000000.0,100.0232,6.112684,88.46543439584904,2.41,2.25,True,98.65428,99.75266,-10.9797297297298,13.34,59.27,371.2,217.2,100.527307630972,81549000000.0,103.8753,0.16000000000000014,0,-0.015000000000000124,0.23800000000000043,-0.4639999999999995,0,True,False,False,False,False,False,False,False,False
2015-05-01,Canada,514113000000.00006,99.7103,7.0,177.39942,1.41095238095238,0.618,True,100.1591,99.8978521859411,12.8513178633948,13.34,59.27,371.2,217.2,99.6791875923452,0.418350705523518,105.4901,0.7929523809523801,0,-0.07591125541125987,0.03223809523809007,-0.32350216450216995,0,False,True,False,False,False,False,False,False,False
2015-05-01,France,542224400000.0,100.28,10.4,211.13492,0.44,0.0047,True,100.6252,99.44373,-1.26811369637168,13.34,59.27,371.2,217.2,99.5436515312351,-0.487804878048737,104.8846,0.4353,0,-0.04751818181818179,-0.17203333333333326,-0.7420913043478261,0,False,False,True,False,False,False,False,False,False
2015-05-01,Germany,749206540000.0,100.2167,4.4,105.49148,0.122,0.0047,True,99.64562,101.7546,-0.647741650778677,13.34,59.27,371.2,217.2,99.8840594994142,-0.236686390532559,105.1591,0.1173,0,-0.08279090909090879,-0.2100333333333333,-0.5910003952569172,0,False,False,False,True,False,False,False,False,False
2015-05-01,Italy,411434400000.0,100.0,12.2,54.12688,1.357,0.0047,False,99.80698,100.0867,7.8273160499567,13.34,59.27,371.2,217.2,100.18318937459,0.201612903225823,104.4308,1.3523,0,0.08548181818181821,-0.28703333333333325,-0.9890913043478258,0,False,False,False,False,True,False,False,False,False
2015-05-01,Japan,134346400000000.0,100.1782,3.4,80.541964954468,0.34,0.0872,True,99.29023,99.84087,-1.87225550603731,13.34,59.27,371.2,217.2,100.28954659381,-0.405830516621375,104.4679,0.2528,0,-0.055800000000000016,0.05890000000000001,-0.12329999999999997,0,False,False,False,False,False,True,False,False,False
2015-05-01,South Korea,409287800000000.0,99.7513025648954,3.6,76.98116302490234,2.177,1.81,False,99.48502,100.3744,3.85052866154922,13.34,59.27,371.2,217.2,100.470086500208,-2.12765957446808,105.3001,0.367,0,0.04100000000000015,0.08199999999999985,-0.19200000000000017,0,False,False,False,False,False,False,True,False,False
2015-05-01,UK,513850000000.0,99.9,5.6,255.48547,1.755,0.5695,False,99.52607,102.3998,0.800407242751344,13.34,59.27,371.2,217.2,101.320031260574,0.109649122806932,105.9059,1.1854999999999998,0,-0.04424000000000028,0.1590999999999998,-0.5030400000000004,0,False,False,False,False,False,False,False,True,False
2015-05-01,USA,18666621000000.0,99.82364,5.4,109.64379,1.94,0.13,True,100.935,101.0514,-3.44295991778004,13.34,59.27,371.2,217.2,100.478262616741,0.529352173695585,104.4068,1.81,0,-0.08999999999999986,0.09000000000000008,-0.36999999999999966,0,False,False,False,False,False,False,False,False,True
2015-06-01,Australia,499779000000.0,100.0232,5.931174,126.9096394456947,2.882,2.15,False,98.39799,99.73615,4.37418369107174,14.34,59.82,384.7,217.4,100.413555428437,82015000000.0,101.2482,0.7320000000000002,0,0.5720000000000001,0.6019999999999999,0.18800000000000017,0,True,False,False,False,False,False,False,False,False
2015-06-01,Canada,514113000000.00006,100.2634,6.9,213.99817,1.744,0.6575,True,99.28503,99.7516834671649,-0.385943932853039,14.34,59.82,384.7,217.4,99.5684458274417,0.331874029091939,103.4648,1.0865,0,0.29354761904761995,0.23952631578947003,-0.014157894736840149,0,False,True,False,False,False,False,False,False,False
2015-06-01,France,542224400000.0,100.52,10.5,197.79858,0.89,-0.0103684210526316,True,99.58567,99.4509,-0.341502611490558,14.34,59.82,384.7,217.4,99.6694110585716,1.59313725490198,102.2,0.9003684210526316,0,0.4650684210526316,0.34856842105263164,-0.15873157894736833,0,False,False,True,False,False,False,False,False,False
2015-06-01,Germany,749206540000.0,100.4167,4.4,113.39719,0.55578947368421,-0.0103684210526316,False,100.4188,101.8005,-3.67253034121643,14.34,59.82,384.7,217.4,99.9705601932467,0.711743772241946,101.2552,0.5661578947368415,0,0.4488578947368415,0.31235789473684156,-0.07194210526315847,0,False,False,False,True,False,False,False,False,False
2015-06-01,Italy,411434400000.0,100.093,12.4,146.40518,1.812,-0.0103684210526316,False,100.0175,100.1443,-7.82995463180303,14.34,59.82,384.7,217.4,100.336685080567,0.100603621730344,102.7753,1.8223684210526316,0,0.4700684210526316,0.3135684210526317,-0.3867315789473682,0,False,False,False,False,True,False,False,False,False
2015-06-01,Japan,134346400000000.0,100.4836,3.3,89.00496457591177,0.39,0.0841,True,99.69019,99.95273,4.62422768875013,14.34,59.82,384.7,217.4,100.370660137231,-0.905303214709674,106.5378,0.3059,0,0.05309999999999998,0.06319999999999998,-0.0338,0,False,False,False,False,False,True,False,False,False
2015-06-01,South Korea,409287800000000.0,100.030658920824,3.7,87.52241516113281,2.49,1.8,False,100.3266,100.4394,-1.46812718684709,14.34,59.82,384.7,217.4,100.481818155187,1.25858123569793,102.6101,0.6900000000000002,0,0.3230000000000002,0.4640000000000002,0.13800000000000012,0,False,False,False,False,False,False,True,False,False
2015-06-01,UK,513850000000.0,100.1,5.6,272.46484,2.0243,0.56798,False,100.0527,102.393,-0.676634716893032,14.34,59.82,384.7,217.4,101.313277365851,0.657174151150119,102.8565,1.4563200000000003,0,0.2708200000000005,0.2834500000000002,-0.1466999999999996,0,False,False,False,False,False,False,False,True,False
2015-06-01,USA,18666621000000.0,100.3325,5.6,101.01894,2.2,0.15,True,100.3601,100.9965,3.08674827035671,14.34,59.82,384.7,217.4,100.373607233191,-0.0192395315011584,103.1632,2.0500000000000003,0,0.2400000000000002,0.2200000000000002,-0.1499999999999999,0,False,False,False,False,False,False,False,False,True
2015-07-01,Australia,500407000000.0,100.0232,6.007581,87.65711865060649,2.985,2.15,False,98.39799,99.70496,2.92298248099325,14.35,50.9,373.0,217.3,100.278943141421,82015000000.0,101.7224,0.835,0,0.10299999999999976,0.6599999999999997,0.621,0,True,False,False,False,False,False,False,False,False
2015-07-01,Canada,512709500000.00006,100.5004,6.9,174.02783,1.78,0.61,True,98.35815,99.7373462503619,-14.3931247626972,14.35,50.9,373.0,217.3,99.4769173581479,-0.0750697914467358,100.7142,1.17,0,0.08349999999999991,0.30113636363636,0.22009523809524,0,False,True,False,False,False,False,False,False,False
2015-07-01,France,543112500000.0,100.44,10.4,303.52773,1.2,-0.0139090909090909,True,100.331,99.28361,4.1423100181415,14.35,50.9,373.0,217.3,99.7605749979831,0.844390832327879,102.6293,1.2139090909090908,0,0.31354066985645923,0.731090909090909,0.3748138528138527,0,False,False,True,False,False,False,False,False,False
2015-07-01,Germany,755031950000.0,100.4167,4.4,212.82468,0.792727272727273,-0.0139090909090909,False,100.6121,101.7598,3.23692505465223,14.35,50.9,373.0,217.3,100.020693215281,1.29564193168483,101.8991,0.8066363636363638,0,0.2404784688995223,0.606545454545455,0.29859375712007274,0,False,False,False,True,False,False,False,False,False
2015-07-01,Italy,413000900000.0,100.2791,12.4,119.77799,2.199,-0.0139090909090909,False,100.9651,99.96887,2.79584261302861,14.35,50.9,373.0,217.3,100.42888803302,0.0,103.1124,2.2129090909090907,0,0.3905406698564591,0.9460909090909089,0.30381385281385254,0,False,False,False,False,True,False,False,False,False
2015-07-01,Japan,134562850000000.0,100.1782,3.4,82.08369722779774,0.455,0.0845,True,99.69019,99.95552,0.647602088006516,14.35,50.9,373.0,217.3,100.432399836647,1.1944862369121,105.616,0.3705,0,0.06459999999999999,0.061899999999999955,0.12419999999999998,0,False,False,False,False,False,True,False,False,False
2015-07-01,South Korea,411277500000000.0,100.050688244456,3.8,130.55377197265625,2.468,1.7,False,97.71879,100.3662,5.92969231792511,14.35,50.9,373.0,217.3,100.46062279048,0.0,102.3287,0.768,0,0.07799999999999985,0.44200000000000017,0.21699999999999986,0,False,False,False,False,False,False,True,False,False
2015-07-01,UK,516876000000.0,100.1,5.5,199.78225,2.1696,0.57188,False,100.4739,102.2641,4.02560090023805,14.35,50.9,373.0,217.3,101.277282631696,-0.108813928182827,100.7856,1.5977199999999998,0,0.14139999999999953,0.36797999999999975,0.22719999999999985,0,False,False,False,False,False,False,False,True,False
2015-07-01,USA,18782243000000.0,100.6839,5.3,108.95279,2.36,0.18,True,99.90313,100.9159,-0.942178626742929,14.35,50.9,373.0,217.3,100.263070900515,0.544957209818464,101.6938,2.1799999999999997,0,0.12999999999999945,0.2799999999999998,0.11999999999999966,0,False,False,False,False,False,False,False,False,True
2015-08-01,Australia,500407000000.0,100.1161,6.275908,110.42176705787423,2.922,2.14,False,98.39799,99.49422,-1.67461919618246,19.43,42.87,355.7,216.6,100.137461412241,82015000000.0,97.80973,0.782,0,-0.052999999999999936,0.6219999999999999,0.8600000000000003,0,True,False,False,False,False,False,False,False,False
2015-08-01,Canada,512709500000.00006,100.5794,7.0,179.12131,1.56954545454545,0.47,True,99.15469,99.7141504952912,6.98703120256734,19.43,42.87,355.7,216.6,99.3781756676043,0.267637046601688,97.85998,1.09954545454545,0,-0.07045454545454999,0.30659307359306986,0.33883116883115993,0,False,True,False,False,False,False,False,False,False
2015-08-01,France,543112500000.0,100.03,10.3,314.76037,1.11,-0.0187391304347826,True,100.5565,99.15571,-2.50471789412562,19.43,42.87,355.7,216.6,99.8426986225085,-0.11961722488063,101.0319,1.1287391304347827,0,-0.08516996047430814,0.6934391304347827,0.5214057971014494,0,False,False,True,False,False,False,False,False,False
2015-08-01,Germany,755031950000.0,100.6168,4.3,176.39804,0.71,-0.0187391304347826,False,100.5155,101.654,3.5350983679473,19.43,42.87,355.7,216.6,100.030397797011,-0.697674418605099,98.31521,0.7287391304347826,0,-0.07789723320158126,0.6114391304347826,0.40140579710144925,0,False,False,False,True,False,False,False,False,False
2015-08-01,Italy,413000900000.0,100.186,11.7,142.43015,2.042,-0.0187391304347826,False,100.3334,99.78712,4.22345752965205,19.43,42.87,355.7,216.6,100.487104472247,0.301507537688295,103.0892,2.0607391304347824,0,-0.1521699604743083,0.7084391304347823,0.4214057971014491,0,False,False,False,False,True,False,False,False,False
2015-08-01,Japan,134562850000000.0,100.0764,3.3,97.98333781874165,0.41,0.0872,True,100.4901,99.92416,0.288231157002183,19.43,42.87,355.7,216.6,100.45491910417,-0.289227842920858,104.0154,0.3228,0,-0.04770000000000002,0.06999999999999995,0.12889999999999996,0,False,False,False,False,False,True,False,False,False
2015-08-01,South Korea,411277500000000.0,100.230952157149,3.7,126.27262115478516,2.45,1.65,False,99.33926,100.1241,-2.31393683720357,19.43,42.87,355.7,216.6,100.419824419271,-2.93785310734462,97.15717,0.8000000000000003,0,0.03200000000000025,0.4330000000000003,0.5150000000000001,0,False,False,False,False,False,False,True,False,False
2015-08-01,UK,516876000000.0,100.0,5.4,179.13893,2.1353,0.58084,False,100.5793,102.4043,-2.42422057362373,19.43,42.87,355.7,216.6,101.210190799979,0.217864923747046,97.74457,1.55446,0,-0.043259999999999854,0.3689600000000002,0.52806,0,False,False,False,False,False,False,False,True,False
2015-08-01,USA,18782243000000.0,100.6907,5.2,98.91843,2.32,0.19,True,99.60089,100.93,0.26058631921837,19.43,42.87,355.7,216.6,100.140570280433,-0.10535485646096,98.64014,2.13,0,-0.04999999999999982,0.31999999999999984,0.4099999999999999,0,False,False,False,False,False,False,False,False,True
2015-09-01,Australia,500407000000.0,100.1161,6.08794,77.32316608510997,2.738,2.14,False,101.2506,99.36641,-1.10354159861888,24.38,45.48,341.8,217.2,100.009533462676,83121100000.0,92.4131,0.5979999999999999,0,-0.18400000000000016,-0.13400000000000034,0.4679999999999995,0,True,False,False,False,False,False,False,False,False
2015-09-01,Canada,512709500000.00006,100.5794,7.1,176.80305,1.3915,0.385,True,100.6106,99.5381676288322,0.999810497097697,24.38,45.48,341.8,217.2,99.2510724980039,0.578332435786133,93.99223,1.0065,0,-0.09304545454544999,-0.08000000000000007,0.15952631578946996,0,False,True,False,False,False,False,False,False,False
2015-09-01,France,543112500000.0,100.35,10.3,171.73944,1.01,-0.0276666666666667,True,99.64451,99.14012,1.05157363807255,24.38,45.48,341.8,217.2,99.9238528993569,0.0,93.75701,1.0376666666666667,0,-0.09107246376811595,0.13729824561403514,0.4858666666666668,0,False,False,True,False,False,False,False,False,False
2015-09-01,Germany,755031950000.0,100.6168,4.3,158.6809,0.608571428571429,-0.0276666666666667,False,101.9652,101.5096,1.13656918767993,24.38,45.48,341.8,217.2,100.002128120612,1.40515222482465,91.18983,0.6362380952380957,0,-0.09250103519668684,0.07008020050125419,0.38243809523809574,0,False,False,False,True,False,False,False,False,False
2015-09-01,Italy,413000900000.0,100.3721,11.6,114.18859,1.839,-0.0276666666666667,False,101.4915,99.72266,-6.40968255027987,24.38,45.48,341.8,217.2,100.535412968882,1.10220440881805,97.52267,1.8666666666666667,0,-0.1940724637681157,0.04429824561403506,0.3578666666666668,0,False,False,False,False,True,False,False,False,False
2015-09-01,Japan,134562850000000.0,100.1782,3.4,115.52362452170745,0.38,0.0784,True,100.3901,99.88058,0.354575108138411,24.38,45.48,341.8,217.2,100.423202839059,-0.395300041115587,93.87422,0.3016,0,-0.021199999999999997,-0.004300000000000026,0.05889999999999995,0,False,False,False,False,False,True,False,False,False
2015-09-01,South Korea,411277500000000.0,100.371157422577,3.7,144.34707641601562,2.308,1.64,False,98.68703,100.0819,1.46895316634901,24.38,45.48,341.8,217.2,100.386622677569,1.62980209545982,96.4541,0.6679999999999999,0,-0.13200000000000034,-0.02200000000000024,0.44199999999999995,0,False,False,False,False,False,False,True,False,False
2015-09-01,UK,516876000000.0,100.3,5.3,137.50152,1.9799,0.5867,False,100.3686,102.4944,-0.503973357485143,24.38,45.48,341.8,217.2,101.096100265972,0.326086956522409,92.30527,1.3932,0,-0.16125999999999996,-0.06312000000000029,0.22032999999999991,0,False,False,False,False,False,False,False,True,False
2015-09-01,USA,18782243000000.0,100.5481,5.1,129.69532,2.17,0.26,True,100.2225,100.815,0.402858999350797,24.38,45.48,341.8,217.2,99.9842984247772,0.559835207608139,93.22412,1.91,0,-0.21999999999999997,-0.14000000000000035,0.07999999999999985,0,False,False,False,False,False,False,False,False,True
2015-10-01,Australia,505489000000.0,100.1161,6.174258,100.2146979988026,2.724,2.17,False,101.2506,99.44645,4.53419519214915,16.79,46.22,340.6,219.4,99.9019158237066,83121100000.0,95.34311,0.5540000000000003,0,-0.043999999999999595,-0.2809999999999997,0.379,0,True,False,False,False,False,False,False,False,False
2015-10-01,Canada,514545500000.0,100.4214,7.1,205.35665,1.48142857142857,0.4,True,101.6957,99.318988744993,-0.619646873261492,16.79,46.22,340.6,219.4,99.0976159349247,0.600614582363201,95.97256,1.08142857142857,0,0.07492857142857012,-0.08857142857142986,0.21256493506493013,0,False,True,False,False,False,False,False,False,False
2015-10-01,France,544252800000.0,99.95,10.3,263.03016,1.0,-0.0370454545454546,True,100.5859,99.32314,3.09365061823897,16.79,46.22,340.6,219.4,100.007921774513,1.43712574850388,97.39767,1.0370454545454546,0,-0.0006212121212121335,-0.17686363636363622,0.5542272727272728,0,False,False,True,False,False,False,False,False,False
2015-10-01,Germany,757982430000.0,100.4167,4.3,165.86697,0.654090909090909,-0.0370454545454546,False,99.45232,101.3296,-1.54975045269684,16.79,46.22,340.6,219.4,99.9411375936971,-0.577367205542767,93.41651,0.6911363636363635,0,0.054898268398267835,-0.11550000000000027,0.4910454545454548,0,False,False,False,True,False,False,False,False,False
2015-10-01,Italy,413866900000.0,100.0,11.6,124.55348,1.92,-0.0370454545454546,False,98.96473,100.1136,5.46791971407325,16.79,46.22,340.6,219.4,100.60709100567,-0.297324083251305,100.3354,1.9570454545454545,0,0.09037878787878784,-0.2558636363636362,0.6902272727272727,0,False,False,False,False,True,False,False,False,False
2015-10-01,Japan,134709525000000.0,100.28,3.4,122.33420892916358,0.35,0.0878,True,98.79028,99.88007,-2.61289039307344,16.79,46.22,340.6,219.4,100.352339612935,1.19446067215092,97.11602,0.2622,0,-0.03939999999999999,-0.10830000000000001,-0.04640000000000005,0,False,False,False,False,False,True,False,False,False
2015-10-01,South Korea,417287500000000.0,100.110776215354,3.5,190.6709442138672,2.216,1.6,False,100.9108,100.2144,8.84069433129941,16.79,46.22,340.6,219.4,100.366352653514,0.687285223367717,100.4637,0.6160000000000001,0,-0.051999999999999824,-0.1519999999999999,0.29000000000000026,0,False,False,False,False,False,False,True,False,False
2015-10-01,UK,518915000000.0,100.2,5.2,279.84175,1.8814,0.58576,False,100.8952,102.4728,2.69359921481926,16.79,46.22,340.6,219.4,100.945929389637,-0.975081256771837,96.14877,1.2956400000000001,0,-0.09755999999999987,-0.3020799999999997,0.06590000000000007,0,False,False,False,False,False,False,False,True,False
2015-10-01,USA,18857418000000.0,100.3915,5.0,138.72169,2.17,0.27,True,100.0629,100.625,-2.47217188713503,16.79,46.22,340.6,219.4,99.8044957741371,-0.0631610960782236,96.70031,1.9,0,-0.010000000000000009,-0.2799999999999998,0.0,0,False,False,False,False,False,False,False,False,True
2015-11-01,Australia,505489000000.0,100.5805,5.911515,74.92292441981641,2.657,2.15,False,101.2506,99.51714,-7.23748053530743,16.21,42.44,334.1,220.2,99.809327528171,83121100000.0,94.15915,0.5070000000000001,0,-0.04700000000000015,-0.2749999999999999,0.347,0,True,False,False,False,False,False,False,False,False
2015-11-01,Canada,514545500000.0,100.5004,7.0,199.5714,1.46333333333333,0.4025,True,99.53628,99.2654984974921,-0.507143801131926,16.21,42.44,334.1,220.2,98.9383017015896,0.791410191142172,93.61954,1.06083333333333,0,-0.02059523809524011,-0.038712121212119976,0.2678809523809499,0,False,True,False,False,False,False,False,False,False
2015-11-01,France,544252800000.0,100.01,10.3,231.93369,0.87,-0.0535909090909091,True,101.6254,99.55598,-0.469268286872997,16.21,42.44,334.1,220.2,100.086916632923,0.118063754426623,101.3281,0.9235909090909091,0,-0.11345454545454547,-0.20514822134387356,0.4882909090909091,0,False,False,True,False,False,False,False,False,False
2015-11-01,Germany,757982430000.0,100.4167,4.2,187.63602,0.518181818181818,-0.0535909090909091,False,99.64562,101.1035,4.45580815785058,16.21,42.44,334.1,220.2,99.8588711636122,0.696864111498119,99.70134,0.5717727272727271,0,-0.11936363636363645,-0.15696640316205546,0.4544727272727271,0,False,False,False,True,False,False,False,False,False
2015-11-01,Italy,413866900000.0,100.186,11.8,95.38362,1.696,-0.0535909090909091,False,100.1228,100.7627,2.86328319983959,16.21,42.44,334.1,220.2,100.723059172828,-0.795228628230471,101.4747,1.749590909090909,0,-0.20745454545454556,-0.31114822134387343,0.3972909090909089,0,False,False,False,False,True,False,False,False,False
2015-11-01,Japan,134709525000000.0,100.28,3.2,112.80084465126339,0.3,0.086,True,100.4901,99.89014,1.83452512907185,16.21,42.44,334.1,220.2,100.249038290625,-0.593633567551111,101.9017,0.214,0,-0.04819999999999999,-0.10879999999999998,-0.03880000000000003,0,False,False,False,False,False,True,False,False,False
2015-11-01,South Korea,417287500000000.0,100.110776215354,3.5,126.6414031982422,2.088,1.58,False,102.1333,100.4262,-2.91172990970178,16.21,42.44,334.1,220.2,100.35988050846,1.59271899886233,99.78048,0.508,0,-0.1080000000000001,-0.29200000000000026,0.14100000000000001,0,False,False,False,False,False,False,True,False,False
2015-11-01,UK,518915000000.0,100.3,5.1,155.6047,1.846,0.58006,False,100.7899,102.3947,-0.744640659104434,16.21,42.44,334.1,220.2,100.774419471928,2.07877461706758,95.63457,1.26594,0,-0.02970000000000006,-0.2885199999999999,0.08044000000000029,0,False,False,False,False,False,False,False,True,False
2015-11-01,USA,18857418000000.0,100.3464,5.0,102.89402,2.07,0.25,True,99.77198,100.4538,0.46449900464498,16.21,42.44,334.1,220.2,99.6301366386945,-0.128843296141556,97.66068,1.8199999999999998,0,-0.08000000000000007,-0.31000000000000005,0.009999999999999787,0,False,False,False,False,False,False,False,False,True
2015-12-01,Australia,505489000000.0,100.5805,5.850451,48.75554846871986,2.889,2.22,False,101.496,99.71473,1.75652004671074,18.03,37.19,323.0,219.3,99.7334819706508,83732800000.0,93.61902,0.6689999999999996,0,0.16199999999999948,0.07099999999999973,-0.06300000000000061,0,True,False,False,False,False,False,False,False,False
2015-12-01,Canada,514545500000.0,100.4214,7.1,142.00075,1.6335,0.4525,True,99.31012,99.3734980744292,-2.03539051532214,18.03,37.19,323.0,219.3,98.7927427220882,-0.592340894480525,91.58231,1.181,0,0.12016666666667009,0.1745000000000001,0.09450000000000003,0,False,True,False,False,False,False,False,False,False
2015-12-01,France,544252800000.0,99.82,10.3,200.97588,0.88,-0.0876190476190476,True,101.6941,99.74706,-1.34084830643859,18.03,37.19,323.0,219.3,100.150633266482,-0.589622641508625,97.06868,0.9676190476190476,0,0.04402813852813847,-0.07004761904761914,0.067250626566416,0,False,False,True,False,False,False,False,False,False
2015-12-01,Germany,757982430000.0,99.71662,4.2,193.55434,0.516190476190476,-0.0876190476190476,False,100.5155,100.9294,-1.98137384110081,18.03,37.19,323.0,219.3,99.7722273005143,-0.230680507496739,97.49394,0.6038095238095236,0,0.032036796536796475,-0.03242857142857214,0.03765162907268205,0,False,False,False,True,False,False,False,False,False
2015-12-01,Italy,413866900000.0,99.81396,11.5,95.95145,1.57,-0.0876190476190476,False,100.2281,101.306,5.9402402763127,18.03,37.19,323.0,219.3,100.832861088171,-0.501002004007878,98.95942,1.6576190476190478,0,-0.0919718614718612,-0.20904761904761893,-0.16474937343358387,0,False,False,False,False,True,False,False,False,False
2015-12-01,Japan,134709525000000.0,99.87274,3.3,92.94054008197367,0.3,0.0758,True,100.5901,99.9831,-4.81568463438081,18.03,37.19,323.0,219.3,100.130514559128,-0.693069306931127,99.94139,0.22419999999999998,0,0.010199999999999987,-0.0774,-0.08170000000000002,0,False,False,False,False,False,True,False,False,False
2015-12-01,South Korea,417287500000000.0,99.9210247283084,3.6,94.25080108642578,2.254,1.59,False,101.5205,100.611,3.67584965580279,18.03,37.19,323.0,219.3,100.353293012792,2.57558790593504,98.04718,0.6639999999999999,0,0.15599999999999992,-0.0040000000000000036,-0.026000000000000245,0,False,False,False,False,False,False,True,False,False
2015-12-01,UK,518915000000.0,100.3,5.1,208.38194,1.9779,0.57371,False,101.6324,102.3786,-0.461950322071036,18.03,37.19,323.0,219.3,100.6040384387,-1.17899249731999,93.56385,1.4041899999999998,0,0.13824999999999976,0.010989999999999833,-0.052130000000000454,0,False,False,False,False,False,False,False,True,False
2015-12-01,USA,18857418000000.0,100.1346,5.1,92.10044,2.26,0.3,True,99.31243,100.4831,-2.40422721268112,18.03,37.19,323.0,219.3,99.4857298636908,-0.45961994907826,95.55367,1.9599999999999997,0,0.1399999999999999,0.04999999999999982,-0.09000000000000052,0,False,False,False,False,False,False,False,False,True
2016-01-01,Australia,508457000000.0,100.5805,5.738608,67.1367960104185,2.852,2.34,False,101.496,99.90419,1.48233156409887,23.72,31.68,309.5,219.3,99.6794204482306,83732800000.0,90.90173,0.512,0,-0.15699999999999958,-0.04200000000000026,-0.32299999999999995,0,True,False,False,False,False,False,False,False,False
2016-01-01,Canada,514886500000.0,99.94733,7.3,128.38042,1.45952380952381,0.484,True,99.62583,99.374495039435,-1.5922737714978,23.72,31.68,309.5,219.3,98.668438914353,0.531202365005634,86.42041,0.9755238095238099,0,-0.20547619047619015,-0.10590476190476017,-0.19447619047619003,0,False,True,False,False,False,False,False,False,False
2016-01-01,France,545327600000.0,100.04,10.2,206.39485,0.93,-0.126318181818182,True,99.43858,99.86666,0.394803871625075,23.72,31.68,309.5,219.3,100.196288762634,-2.25385527876675,90.8555,1.056318181818182,0,0.08869913419913433,0.01927272727272733,-0.1575909090909089,0,False,False,True,False,False,False,False,False,False
2016-01-01,Germany,761386860000.0,99.71662,4.2,127.08607,0.5455,-0.126318181818182,False,99.25902,100.9135,-1.60396770043123,23.72,31.68,309.5,219.3,99.6879902071607,-0.346820809248982,90.35313,0.671818181818182,0,0.0680086580086584,-0.019318181818181568,-0.13481818181818184,0,False,False,False,True,False,False,False,False,False
2016-01-01,Italy,415876500000.0,99.81396,11.7,86.65267,1.579,-0.126318181818182,False,100.9651,101.5693,-5.14438293852857,23.72,31.68,309.5,219.3,100.889296407808,0.302114803625342,90.56963,1.705318181818182,0,0.047699134199134186,-0.2517272727272726,-0.5075909090909088,0,False,False,False,False,True,False,False,False,False
2016-01-01,Japan,134474549999999.98,99.87274,3.3,96.23474969874988,0.27,0.0854,True,99.99016,100.0791,3.24755668929326,23.72,31.68,309.5,219.3,100.011534314295,-1.29407902693578,91.55745,0.18460000000000001,0,-0.03959999999999997,-0.07759999999999997,-0.18589999999999998,0,False,False,False,False,False,True,False,False,False
2016-01-01,South Korea,420167600000000.0,100.220410407869,3.5,172.0449981689453,2.181,1.67,False,100.5373,100.6027,2.61515301057098,23.72,31.68,309.5,219.3,100.341297310408,-1.52838427947597,94.3633,0.5110000000000001,0,-0.1529999999999998,-0.10499999999999998,-0.2569999999999999,0,False,False,False,False,False,False,True,False,False
2016-01-01,UK,521920000000.0,100.4,5.1,164.42555,1.9234,0.58277,False,100.2633,102.4323,3.90412829818423,23.72,31.68,309.5,219.3,100.441372151809,0.542299349240905,90.03909,1.34063,0,-0.06355999999999984,0.04498999999999986,-0.2570899999999998,0,False,False,False,False,False,False,False,True,False
2016-01-01,USA,18892206000000.0,99.79242,5.0,99.34261,2.24,0.54,True,98.57007,100.5999,-3.88467785598273,23.72,31.68,309.5,219.3,99.3634310313663,0.21839840833886,89.20781,1.7000000000000002,0,-0.25999999999999956,-0.19999999999999973,-0.47999999999999954,0,False,False,False,False,False,False,False,False,True
2016-02-01,Australia,508457000000.0,100.4876,6.042809,67.03876241654469,2.708,2.3,False,101.496,99.92487,-5.26551382933607,22.52,30.32,302.9,219.2,99.6607411311708,83732800000.0,89.40309,0.40800000000000036,0,-0.10399999999999965,-0.09899999999999975,-0.37399999999999967,0,True,False,False,False,False,False,False,False,False
2016-02-01,Canada,514886500000.0,100.1844,7.2,156.00354,1.258,0.435,True,100.0699,99.0062359930811,2.20019295602802,22.52,30.32,302.9,219.2,98.5724823001188,-0.114868590333506,88.01437,0.823,0,-0.15252380952380995,-0.23783333333333,-0.27654545454545,0,False,True,False,False,False,False,False,False,False
2016-02-01,France,545327600000.0,99.08,10.3,241.42454,0.84,-0.14615,True,99.78181,99.88801,5.82446856707924,22.52,30.32,302.9,219.2,100.223536222741,3.88349514563062,87.2772,0.98615,0,-0.07016818181818196,0.06255909090909084,-0.14258913043478272,0,False,False,True,False,False,False,False,False,False
2016-02-01,Germany,761386860000.0,99.0165,4.1,203.99564,0.4305,-0.14615,False,99.74227,101.0177,1.08198166417719,22.52,30.32,302.9,219.2,99.6078686575896,2.90023201856167,85.18068,0.57665,0,-0.09516818181818198,0.004877272727272897,-0.15208913043478256,0,False,False,False,True,False,False,False,False,False
2016-02-01,Italy,415876500000.0,99.6,11.6,96.98988,1.534,-0.14615,False,99.07001,101.4855,9.1292014266132,22.52,30.32,302.9,219.2,100.882724636784,0.301204819276868,80.9886,1.68015,0,-0.025168181818181923,-0.06944090909090894,-0.3805891304347824,0,False,False,False,False,True,False,False,False,False
2016-02-01,Japan,134474549999999.98,99.46552,3.2,134.7515296844189,0.095,0.0793,True,98.09035,100.0726,3.36795071429674,22.52,30.32,302.9,219.2,99.9034610718844,0.507099391480792,85.20278,0.015700000000000006,0,-0.1689,-0.19829999999999998,-0.3071,0,False,False,False,False,False,True,False,False,False
2016-02-01,South Korea,420167600000000.0,100.39118674621,3.4,181.939767789866,2.025,1.67,False,99.67973,100.3607,-11.0928729621276,22.52,30.32,302.9,219.2,100.324898478134,1.5521064301552,94.62334,0.355,0,-0.15600000000000014,-0.15300000000000002,-0.4450000000000003,0,False,False,False,False,False,False,True,False,False
2016-02-01,UK,521920000000.0,99.9,5.1,249.41543,1.7833,0.58976,False,99.84203,102.6198,-4.64478888313267,22.52,30.32,302.9,219.2,100.291245679262,0.323624595468952,89.18767,1.19354,0,-0.14708999999999994,-0.07240000000000002,-0.3609199999999999,0,False,False,False,False,False,False,False,True,False
2016-02-01,USA,18892206000000.0,99.95739,4.8,119.01519,2.09,0.57,True,98.07523,100.6973,1.18293198141104,22.52,30.32,302.9,219.2,99.2568697230099,0.352277487729147,88.24099,1.52,0,-0.18000000000000016,-0.2999999999999998,-0.6099999999999999,0,False,False,False,False,False,False,False,False,True
2016-03-01,Australia,508457000000.0,100.4876,5.694871,97.05064292318724,2.465,2.28,False,103.3335,99.84422,2.56894879510583,15.85,37.55,306.7,221.2,99.6758196336936,84489500000.0,92.95984,0.18500000000000005,0,-0.2230000000000003,-0.48399999999999954,-0.4129999999999998,0,True,False,False,False,False,False,False,False,False
2016-03-01,Canada,514886500000.0,100.4214,7.3,186.64318,1.1245,0.4575,True,100.675,98.6318581685704,-2.62484894235535,15.85,37.55,306.7,221.2,98.5278143366762,1.58240949445756,93.31869,0.667,0,-0.15599999999999992,-0.514,-0.3394999999999999,0,False,True,False,False,False,False,False,False,False
2016-03-01,France,545327600000.0,99.33,10.4,324.04654,0.59,-0.183571428571429,True,101.341,99.82597,0.111310899905829,15.85,37.55,306.7,221.2,100.224695331126,0.11682242990676,92.12899,0.773571428571429,0,-0.21257857142857095,-0.19404761904761858,-0.2640952380952377,0,False,False,True,False,False,False,False,False,False
2016-03-01,Germany,761386860000.0,99.31655,4.1,181.86091,0.172857142857143,-0.183571428571429,False,101.2887,101.0754,1.1119511025488,15.85,37.55,306.7,221.2,99.5376319941121,-1.57835400225507,90.18927,0.356428571428572,0,-0.220221428571428,-0.2473809523809516,-0.27980952380952373,0,False,False,False,True,False,False,False,False,False
2016-03-01,Italy,415876500000.0,99.4,11.7,119.48193,1.558,-0.183571428571429,False,102.2285,101.3476,-0.152695264206781,15.85,37.55,306.7,221.2,100.849225169289,-0.500500500500178,86.38954,1.741571428571429,0,0.06142142857142896,0.08395238095238122,-0.1250952380952377,0,False,False,False,False,True,False,False,False,False
2016-03-01,Japan,134474549999999.98,99.56732,3.3,169.8709624033679,-0.065,0.0351,True,100.2901,99.9561,-11.2630864566571,15.85,37.55,306.7,221.2,99.8212175277389,1.11866573986747,87.52148,-0.1001,1,-0.1158,-0.3243,-0.40169999999999995,0,False,False,False,False,False,True,False,False,False
2016-03-01,South Korea,420167600000000.0,100.821290116846,4.0,166.5955244297357,1.826,1.64,False,99.98404,100.0664,0.161524152749326,15.85,37.55,306.7,221.2,100.311711933745,0.0,98.14563,0.18600000000000017,0,-0.16899999999999982,-0.47799999999999976,-0.48199999999999976,0,False,False,False,False,False,False,True,False,False
2016-03-01,UK,521920000000.0,100.1,5.1,312.5996,1.5032,0.59073,False,100.3686,102.6305,1.96020336181912,15.85,37.55,306.7,221.2,100.144939381729,2.15053763440818,93.30228,0.9124700000000001,0,-0.28106999999999993,-0.4917199999999997,-0.4807299999999999,0,False,False,False,False,False,False,False,True,False
2016-03-01,USA,18892206000000.0,100.0397,4.9,114.62456,1.78,0.54,True,98.58752,100.7104,0.0417536534446539,15.85,37.55,306.7,221.2,99.170957065897,-0.398019307244191,94.19507,1.24,0,-0.28,-0.7199999999999998,-0.6699999999999999,0,False,False,False,False,False,False,False,False,True
2016-04-01,Australia,513160000000.0,100.4876,5.65378,86.07586780094273,2.561,2.31,False,103.3335,99.82626,1.81602172437207,14.3,40.75,318.9,223.6,99.7207125329466,84489500000.0,92.92297,0.2509999999999999,0,0.06599999999999984,-0.2610000000000001,-0.3030000000000004,0,True,False,False,False,False,False,False,False,False
2016-04-01,Canada,517933000000.0,101.0535,7.2,218.51525,1.26818181818182,0.46,True,99.74361,98.6416831886945,-0.21079719428031,14.3,40.75,318.9,223.6,98.5526235487911,1.21360322419926,95.19677,0.8081818181818201,0,0.14118181818182007,-0.1673419913419898,-0.27324675324674996,0,False,True,False,False,False,False,False,False,False
2016-04-01,France,548723000000.0,100.02,10.2,253.68586,0.51,-0.22852380952381,True,101.2528,99.58377,-2.18268901813207,14.3,40.75,318.9,223.6,100.190018082373,0.350058343056903,92.8195,0.73852380952381,0,-0.035047619047618994,-0.3177943722943719,-0.2985216450216446,0,False,False,True,False,False,False,False,False,False
2016-04-01,Germany,767817500000.0,100.0167,4.0,190.58182,0.171428571428571,-0.22852380952381,False,101.0954,101.0909,-4.09963966752982,14.3,40.75,318.9,223.6,99.4849918419851,-0.343642611684269,91.52528,0.399952380952381,0,0.04352380952380902,-0.271865800865801,-0.29118398268398255,0,False,False,False,True,False,False,False,False,False
2016-04-01,Italy,417330600000.0,99.6,11.6,104.27644,1.375,-0.22852380952381,False,100.7545,101.2134,-4.01718492715232,14.3,40.75,318.9,223.6,100.799705953633,0.704225352113053,85.72925,1.60352380952381,0,-0.13804761904761897,-0.10179437229437194,-0.3535216450216445,0,False,False,False,False,True,False,False,False,False
2016-04-01,Japan,135442575000000.02,99.66913,3.2,140.3007776635384,-0.05,0.0155,True,99.49021,99.79889,4.5139380267549,14.3,40.75,318.9,223.6,99.7614166252747,-0.502641274368643,86.11491,-0.0655,1,0.03459999999999999,-0.2501,-0.3277,0,False,False,False,False,False,True,False,False,False
2016-04-01,South Korea,421313100000000.0,100.560908909623,3.8,112.43480884518152,1.854,1.63,False,101.0853,99.89243,5.86992363037016,14.3,40.75,318.9,223.6,100.321137119421,-1.74672489082969,99.21763,0.2240000000000002,0,0.038000000000000034,-0.2869999999999999,-0.3919999999999999,0,False,False,False,False,False,False,True,False,False
2016-04-01,UK,523813000000.0,100.4,5.0,479.32598,1.5434,0.58825,False,99.84203,102.4473,1.01284547110292,14.3,40.75,318.9,223.6,100.024788806648,-0.526315789472875,95.1037,0.95515,0,0.04267999999999994,-0.38547999999999993,-0.34049000000000007,0,False,False,False,False,False,False,False,True,False
2016-04-01,USA,19001690000000.0,100.4704,5.0,104.19081,1.89,0.55,True,98.05005,100.673,-4.53533667223148,14.3,40.75,318.9,223.6,99.1130255139176,0.835446743796098,96.83752,1.3399999999999999,0,0.09999999999999987,-0.3600000000000003,-0.56,0,False,False,False,False,False,False,False,False,True
2016-05-01,Australia,513160000000.0,101.0448,5.645588,87.01938024916576,2.512,2.26,False,103.3335,99.76911,-2.17179053651809,14.85,46.71,317.0,224.0,99.7849174162425,84489500000.0,97.25519,0.2520000000000002,0,0.001000000000000334,-0.15600000000000014,-0.2549999999999999,0,True,False,False,False,False,False,False,False,False
2016-05-01,Canada,517933000000.0,101.3695,7.3,156.83358,1.33619047619048,0.5125,True,98.71379,98.9658300072987,1.82092416825936,14.85,46.71,317.0,224.0,98.6493435310301,-1.29524406066852,96.62364,0.82369047619048,0,0.015508658008659859,0.0006904761904800161,-0.23714285714285,0,False,True,False,False,False,False,False,False,False
2016-05-01,France,548723000000.0,100.09,10.1,216.33028,0.51,-0.249190476190476,True,100.4781,99.35822,1.9300270471927,14.85,46.71,317.0,224.0,100.120509180858,-0.930232558139454,91.64088,0.759190476190476,0,0.020666666666665945,-0.226959523809524,-0.16440043290043316,0,False,False,True,False,False,False,False,False,False
2016-05-01,Germany,767817500000.0,100.1167,4.0,124.16818,0.134285714285714,-0.249190476190476,False,100.3222,101.124,7.31874918389557,14.85,46.71,317.0,224.0,99.4627839696876,-0.68965517241365,90.31651,0.38347619047618997,0,-0.016476190476191033,-0.19317380952381003,-0.18829653679653713,0,False,False,False,True,False,False,False,False,False
2016-05-01,Italy,417330600000.0,99.5,11.9,108.33815,1.442,-0.249190476190476,False,100.7545,101.0168,9.16681945995015,14.85,46.71,317.0,224.0,100.737403933062,-0.699300699301075,85.12118,1.691190476190476,0,0.0876666666666659,0.011040476190475879,-0.058400432900433064,0,False,False,False,False,True,False,False,False,False
2016-05-01,Japan,135442575000000.02,99.87274,3.2,132.92675952468193,-0.085,0.011,True,99.89017,99.7815,9.69301962903399,14.85,46.71,317.0,224.0,99.7139260637667,-0.202645906079935,85.71719,-0.096,1,-0.0305,-0.11170000000000001,-0.31,0,False,False,False,False,False,True,False,False,False
2016-05-01,South Korea,421313100000000.0,100.750660396668,3.6,100.9960257879315,1.81,1.61,False,101.8865,99.91199,-4.98850830479035,14.85,46.71,317.0,224.0,100.358328401688,2.11111111111111,97.83189,0.19999999999999996,0,-0.024000000000000243,-0.15500000000000003,-0.30800000000000005,0,False,False,False,False,False,False,True,False,False
2016-05-01,UK,523813000000.0,100.6,4.9,434.60922,1.5688,0.5889,False,99.84203,102.2359,-0.756468185785952,14.85,46.71,317.0,224.0,99.9438487710412,-0.423280423281291,93.60706,0.9799,0,0.02474999999999994,-0.21364000000000005,-0.28604000000000007,0,False,False,False,False,False,False,False,True,False
2016-05-01,USA,19001690000000.0,100.9468,5.1,84.25134,1.81,0.55,True,97.33346,100.633,-0.335179248032547,14.85,46.71,317.0,224.0,99.0939964121892,-0.634740532924694,96.83658,1.26,0,-0.07999999999999985,-0.26,-0.5599999999999998,0,False,False,False,False,False,False,False,False,True
2016-06-01,Australia,513160000000.0,101.0448,5.721937,154.54204416210086,2.322,2.0,False,102.6533,99.76615,-4.62744334363809,17.77,48.76,316.6,225.1,99.860359657827,84467800000.0,95.5705,0.32200000000000006,0,0.06999999999999984,0.137,-0.34699999999999953,0,True,False,False,False,False,False,False,False,False
2016-06-01,Canada,517933000000.0,101.7645,7.1,151.52387,1.35,0.5075,True,98.94821,99.3462755985654,-5.71729239542624,17.77,48.76,316.6,225.1,98.7942886760541,0.46007751059538,97.93118,0.8425000000000001,0,0.018809523809520168,0.1755000000000001,-0.3384999999999999,0,False,True,False,False,False,False,False,False,False
2016-06-01,France,548723000000.0,100.5,10.0,241.11566,0.51,-0.257181818181818,True,101.9294,99.30104,-2.64664337223998,17.77,48.76,316.6,225.1,100.028856108032,0.352112676057037,89.74435,0.767181818181818,0,0.007991341991341994,-0.006389610389611056,-0.20043722943722964,0,False,False,True,False,False,False,False,False,False
2016-06-01,Germany,767817500000.0,100.6168,4.0,131.4612,0.132857142857143,-0.257181818181818,False,100.9987,101.2168,-4.6243188303125,17.77,48.76,316.6,225.1,99.4620428410239,0.0,88.58336,0.390038961038961,0,0.0065627705627710475,0.033610389610389035,-0.21377056277056256,0,False,False,False,True,False,False,False,False,False
2016-06-01,Italy,417330600000.0,99.8,11.5,81.41446,1.526,-0.257181818181818,False,102.439,100.81,-0.890349339038088,17.77,48.76,316.6,225.1,100.660553906867,0.704225352113053,81.48432,1.783181818181818,0,0.09199134199134207,0.04161038961038899,0.1255627705627702,0,False,False,False,False,True,False,False,False,False
2016-06-01,Japan,135442575000000.02,99.97455,3.2,158.67481138555354,-0.12,0.0112,True,99.19024,99.80393,0.629328402183438,17.77,48.76,316.6,225.1,99.6805522698119,-0.605872093441107,83.08069,-0.13119999999999998,1,-0.03519999999999998,-0.03109999999999999,-0.35539999999999994,0,False,False,False,False,False,True,False,False,False
2016-06-01,South Korea,421313100000000.0,100.810748367566,3.6,103.92144006623356,1.787,1.58,False,100.4458,99.9622,7.60335352327794,17.77,48.76,316.6,225.1,100.414191980915,-0.435255712731231,98.32114,0.20699999999999985,0,0.006999999999999895,0.020999999999999686,-0.4570000000000001,0,False,False,False,False,False,False,True,False,False
2016-06-01,UK,523813000000.0,100.8,4.9,428.50929,1.5366,0.58929,False,102.475,102.0236,-0.654785462657093,17.77,48.76,316.6,225.1,99.8941227715774,0.850159404889217,93.63906,0.94731,0,-0.03259000000000001,0.03483999999999987,-0.45687999999999984,0,False,False,False,False,False,False,False,True,False
2016-06-01,USA,19001690000000.0,101.3552,4.8,82.04127,1.81,0.57,True,97.60725,100.6551,0.68723497587353,17.77,48.76,316.6,225.1,99.0948647007448,0.153820800927651,97.52459,1.2400000000000002,0,-0.019999999999999796,2.220446049250313e-16,-0.7199999999999995,0,False,False,False,False,False,False,False,False,True
2016-07-01,Australia,516574000000.0,101.0448,5.695396,206.14765791306237,2.125,1.99,False,102.6533,99.94147,7.22562531904032,13.16,44.65,309.6,225.2,99.9379793913176,84467800000.0,98.37916,0.135,0,-0.18700000000000006,-0.11599999999999988,-0.377,0,True,False,False,False,False,False,False,False,False
2016-07-01,Canada,515353000000.0,102.0016,7.0,276.6689,1.16818181818182,0.51,False,95.1335,99.6892338409874,-0.543076373467688,13.16,44.65,309.6,225.2,98.9646738035607,-0.902404909082555,100.6193,0.65818181818182,0,-0.18431818181818016,-0.15000000000000013,-0.3173419913419899,0,False,True,False,False,False,False,False,False,False
2016-07-01,France,546675600000.00006,100.63,10.0,444.34198,0.39,-0.267909090909091,True,100.1839,99.34846,-3.48341997826534,13.16,44.65,309.6,225.2,99.9328710766499,0.350877192982169,90.16473,0.657909090909091,0,-0.10927272727272697,-0.08061471861471903,-0.39840909090909093,0,False,False,True,False,False,False,False,False,False
2016-07-01,Germany,771524600000.0,100.7168,4.0,454.00545,-0.0168181818181818,-0.267909090909091,False,99.35567,101.3031,4.31841327309859,13.16,44.65,309.6,225.2,99.4766221525443,0.462962962963198,89.41234,0.2510909090909092,0,-0.13894805194805182,-0.1488614718614718,-0.4207272727272728,0,False,False,False,True,False,False,False,False,False
2016-07-01,Italy,418146400000.0,99.9,11.7,197.15906,1.453,-0.267909090909091,False,100.7545,100.5533,-6.42520601808252,13.16,44.65,309.6,225.2,100.551687784002,-0.199800199800904,79.17685,1.7209090909090912,0,-0.06227272727272681,0.11738528138528115,0.01559090909090921,0,False,False,False,False,True,False,False,False,False
2016-07-01,Japan,135261975000000.0,99.87274,3.1,202.35231639861524,-0.23,0.0093,True,98.69029,99.85983,0.0376972562894373,13.16,44.65,309.6,225.2,99.6590567097163,0.403213350933562,83.3192,-0.2393,1,-0.10810000000000003,-0.1738,-0.42390000000000005,0,False,False,False,False,False,True,False,False,False
2016-07-01,South Korea,426505800000000.0,100.790719043934,3.5,274.8091195154009,1.617,1.43,False,103.1728,99.93522,9.54033920477606,13.16,44.65,309.6,225.2,100.486646010052,1.31147540983607,99.56667,0.18700000000000006,0,-0.019999999999999796,-0.037000000000000144,-0.32400000000000007,0,False,False,False,False,False,False,True,False,False
2016-07-01,UK,526750000000.0,101.0,4.9,799.93409,1.3105,0.57468,False,100.8952,101.7852,-0.662456375961562,13.16,44.65,309.6,225.2,99.8804801452226,1.36986301369859,100.9262,0.73582,0,-0.21148999999999996,-0.21933000000000002,-0.60481,0,False,False,False,False,False,False,False,True,False
2016-07-01,USA,19062709000000.0,101.6881,4.9,162.62912,1.64,0.55,True,97.39403,100.7778,-0.71158873075805,13.16,44.65,309.6,225.2,99.0996676298916,0.0754507180955821,99.99921,1.0899999999999999,0,-0.15000000000000036,-0.25,-0.6100000000000003,0,False,False,False,False,False,False,False,False,True
2016-08-01,Australia,516574000000.0,101.5092,5.695209,328.675838409768,1.936,1.93,False,102.6533,100.0098,-4.43931351312756,12.4,44.72,319.1,227.6,100.0145774175,84467800000.0,100.4943,0.006000000000000005,0,-0.129,-0.24600000000000022,-0.40200000000000036,0,True,False,False,False,False,False,False,False,False
2016-08-01,Canada,515353000000.0,101.8436,7.0,260.12511,1.051,0.5,False,97.57616,99.8699491065694,1.06529642420961,12.4,44.72,319.1,227.6,99.144067649745,0.446204981104237,102.3534,0.5509999999999999,0,-0.10718181818182004,-0.27269047619048004,-0.272,0,False,True,False,False,False,False,False,False,False
2016-08-01,France,546675600000.00006,100.25,9.8,410.00738,0.17,-0.294523809523809,True,99.57587,99.27831,-0.692005721067524,12.4,44.72,319.1,227.6,99.8583396748096,-0.466200466200417,92.74961,0.464523809523809,0,-0.193385281385282,-0.29466666666666697,-0.521626190476191,0,False,False,True,False,False,False,False,False,False
2016-08-01,Germany,771524600000.0,101.1169,3.9,331.66818,-0.154285714285714,-0.294523809523809,False,101.192,101.3652,-2.11109702282928,12.4,44.72,319.1,227.6,99.500690916069,-0.345622119815103,94.28597,0.14023809523809502,0,-0.11085281385281417,-0.24323809523809495,-0.43641190476190495,0,False,False,False,True,False,False,False,False,False
2016-08-01,Italy,418146400000.0,100.1,11.6,129.44781,1.227,-0.294523809523809,False,99.59642,100.4303,1.92698918178302,12.4,44.72,319.1,227.6,100.434092910188,-0.500500500500178,80.42773,1.521523809523809,0,-0.1993852813852821,-0.16966666666666685,-0.15862619047619098,0,False,False,False,False,True,False,False,False,False
2016-08-01,Japan,135261975000000.0,99.66913,3.0,202.86275124237818,-0.195,0.0098,True,99.19024,99.95914,0.635194442646347,12.4,44.72,319.1,227.6,99.6595515221942,0.101936799184599,84.08436,-0.2048,1,0.0345,-0.10880000000000001,-0.22050000000000003,0,False,False,False,False,False,True,False,False,False
2016-08-01,South Korea,426505800000000.0,100.600967556888,3.6,214.10752530544517,1.401,1.36,False,102.5323,99.9647,-17.6707213666399,12.4,44.72,319.1,227.6,100.577220343003,0.755124056094925,101.296,0.040999999999999925,0,-0.14600000000000013,-0.15900000000000003,-0.31400000000000006,0,False,False,False,False,False,False,True,False,False
2016-08-01,UK,526750000000.0,100.9,5.0,1141.79554,0.9569,0.5136,False,99.94734,101.3781,0.366681739967212,12.4,44.72,319.1,227.6,99.9109981406735,-1.0395010395013,103.4513,0.4433,0,-0.29252,-0.5366,-0.75024,0,False,False,False,False,False,False,False,True,False
2016-08-01,USA,19062709000000.0,101.5235,4.8,121.96465,1.5,0.62,True,97.86557,100.7557,1.05309346204476,12.4,44.72,319.1,227.6,99.1017610101462,0.843405857017498,101.048,0.88,0,-0.20999999999999985,-0.38,-0.64,0,False,False,False,False,False,False,False,False,True
2016-09-01,Australia,516574000000.0,101.5092,5.615571,62.0062821527542,1.892,1.76,False,102.2507,99.98727,-0.717381557315788,14.22,45.18,320.1,233.7,100.084068269169,84534800000.0,97.55026,0.1319999999999999,0,0.1259999999999999,-0.19000000000000017,-0.05300000000000016,0,True,False,False,False,False,False,False,False,False
2016-09-01,Canada,515353000000.0,101.6855,6.9,237.58103,1.04272727272727,0.506,False,100.0941,99.9696171920436,-3.2303885593524,14.22,45.18,320.1,233.7,99.3229426689092,0.324101355333095,102.1077,0.53672727272727,0,-0.01427272727272988,-0.3057727272727301,-0.13027272727272998,0,False,True,False,False,False,False,False,False,False
2016-09-01,France,546675600000.00006,100.58,9.9,178.72028,0.15,-0.298217391304348,False,99.57587,99.2963,2.59364581290448,14.22,45.18,320.1,233.7,99.8359257320698,0.585480093677004,93.54198,0.448217391304348,0,-0.016306418219460994,-0.31896442687746995,-0.325354037267081,0,False,False,True,False,False,False,False,False,False
2016-09-01,Germany,771524600000.0,101.0168,3.9,223.12736,-0.131739130434783,-0.298217391304348,False,99.93557,101.3478,-2.06068470803297,14.22,45.18,320.1,233.7,99.5389698053048,1.27167630057792,94.27055,0.166478260869565,0,0.02624016563146997,-0.22356070016939603,-0.189950310559007,0,False,False,False,True,False,False,False,False,False
2016-09-01,Italy,418146400000.0,100.3,11.6,102.52937,1.176,-0.298217391304348,False,101.8073,100.2902,-5.26963287172493,14.22,45.18,320.1,233.7,100.294937007593,0.503018108651587,80.2969,1.474217391304348,0,-0.04730641821946113,-0.30896442687747006,-0.26735403726708107,0,False,False,False,False,True,False,False,False,False
2016-09-01,Japan,135261975000000.0,99.66913,3.1,115.46140216517672,-0.07,0.0109,False,99.69019,100.0448,-2.1504892937966,14.22,45.18,320.1,233.7,99.6880845123086,0.809144961700192,86.00597,-0.0809,1,0.12390000000000001,0.050299999999999984,0.019199999999999995,0,False,False,False,False,False,True,False,False,False
2016-09-01,South Korea,426505800000000.0,100.860294589184,4.0,101.31164066020544,1.417,1.35,False,102.1323,100.0978,-8.58834449189367,14.22,45.18,320.1,233.7,100.682809117447,-2.5695931477516,101.2662,0.06699999999999995,0,0.026000000000000023,-0.1399999999999999,-0.11900000000000022,0,False,False,False,False,False,False,True,False,False
2016-09-01,UK,526750000000.0,101.2,4.8,458.68452,0.7421,0.40613,False,99.94734,100.8311,-4.26949161870644,14.22,45.18,320.1,233.7,100.000567398528,1.89075630252109,103.3202,0.33597,0,-0.10733000000000004,-0.61134,-0.5765000000000001,0,False,False,False,False,False,False,False,True,False
2016-09-01,USA,19062709000000.0,101.6168,4.9,91.8289,1.56,0.73,True,97.97313,100.6087,-1.44738746562444,14.22,45.18,320.1,233.7,99.1196947339213,-0.0079444058455169,100.2302,0.8300000000000001,0,-0.04999999999999993,-0.41000000000000014,-0.4099999999999999,0,False,False,False,False,False,False,False,False,True
2016-10-01,Australia,516765000000.0,101.5092,5.665145,88.08694704346719,2.004,1.73,False,102.2507,100.0128,0.689949320086303,14.59,49.78,313.8,233.6,100.126670665152,84534800000.0,98.73435,0.274,0,0.14200000000000013,0.139,0.02300000000000013,0,True,False,False,False,False,False,False,False,False
2016-10-01,Canada,520701250000.0,101.7645,7.0,164.45577,1.08619047619048,0.505,False,100.4555,99.933592505055,2.02606835492167,14.59,49.78,313.8,233.6,99.4951688367648,0.189766180956163,102.5932,0.5811904761904799,0,0.044463203463209866,-0.07699134199134006,-0.2269913419913402,0,False,True,False,False,False,False,False,False,False
2016-10-01,France,548800500000.00006,100.34,9.9,291.67301,0.18,-0.301636363636364,False,101.3607,99.44617,2.8936678614098,14.59,49.78,313.8,233.6,99.8820006103282,-0.349243306170655,94.17201,0.481636363636364,0,0.03341897233201596,-0.17627272727272703,-0.25688744588744605,0,False,False,True,False,False,False,False,False,False
2016-10-01,Germany,773037650000.0,101.0168,3.8,219.07737,-0.0840909090909091,-0.301636363636364,False,101.482,101.3067,9.58411290322458,14.59,49.78,313.8,233.6,99.5974662147927,0.228310502282736,95.15737,0.21754545454545487,0,0.05106719367588988,-0.03354545454545432,-0.18240692640692613,0,False,False,False,True,False,False,False,False,False
2016-10-01,Italy,420375000000.0,100.1,11.9,140.21383,1.266,-0.301636363636364,False,102.3337,99.96082,11.4883996554407,14.59,49.78,313.8,233.6,100.168618968891,0.0,80.8145,1.567636363636364,0,0.09341897233201601,-0.15327272727272723,-0.03588744588744608,0,False,False,False,False,True,False,False,False,False
2016-10-01,Japan,135536049999999.98,99.77094,3.0,114.55646499012192,-0.085,0.0106,False,100.5901,100.1405,-0.803560760250277,14.59,49.78,313.8,233.6,99.7400153128606,-0.799999999999468,87.66717,-0.0956,1,-0.014700000000000005,0.1437,-0.030100000000000002,0,False,False,False,False,False,True,False,False,False
2016-10-01,South Korea,428246600000000.0,101.461174298161,4.0,123.54898354481284,1.512,1.34,False,100.8172,100.2064,-0.895549588583544,14.59,49.78,313.8,233.6,100.800823006785,1.53846153846153,101.2527,0.17199999999999993,0,0.10499999999999998,-0.015000000000000124,-0.05200000000000027,0,False,False,False,False,False,False,True,False,False
2016-10-01,UK,528712000000.0,101.5,4.8,378.9745,0.8243,0.37907,False,99.52607,100.8269,8.1737998506558,14.59,49.78,313.8,233.6,100.17279372633,-0.412371134020528,106.3142,0.44523,0,0.10926000000000002,-0.29059,-0.50992,0,False,False,False,False,False,False,False,True,False
2016-10-01,USA,19197938000000.0,101.861,5.0,79.80896,1.63,0.75,True,97.89323,100.5024,1.80643266265237,14.59,49.78,313.8,233.6,99.1656825232112,-0.163852492704264,99.05186,0.8799999999999999,0,0.04999999999999982,-0.20999999999999996,-0.45999999999999996,0,False,False,False,False,False,False,False,False,True
2016-11-01,Australia,516765000000.0,101.9735,5.595744,49.835441583557284,2.231,1.74,False,102.2507,100.0378,-2.21513467719834,15.24,45.66,321.2,232.2,100.145190958534,84534800000.0,97.31811,0.4909999999999999,0,0.21699999999999986,0.4849999999999999,0.23899999999999966,0,True,False,False,False,False,False,False,False,False
2016-11-01,Canada,520701250000.0,102.0016,6.9,243.58091,1.1665,0.4875,False,101.5851,99.8583060944461,2.88082047765665,15.24,45.66,321.2,232.2,99.6721300234536,1.19957608965235,103.3672,0.679,0,0.09780952380952013,0.1280000000000001,-0.14469047619047992,0,False,True,False,False,False,False,False,False,False
2016-11-01,France,548800500000.00006,100.37,10.1,256.62361,0.33,-0.309,False,100.4094,99.69715,-1.42704535426489,15.24,45.66,321.2,232.2,99.9906518109326,0.467289719626107,94.00294,0.639,0,0.15736363636363604,0.174476190476191,-0.12019047619047596,0,False,False,True,False,False,False,False,False,False
2016-11-01,Germany,773037650000.0,101.2169,3.7,148.26054,0.002,-0.309,False,101.192,101.2735,-5.20342166907701,15.24,45.66,321.2,232.2,99.6897178392575,-0.797266514806028,94.19344,0.311,0,0.09345454545454512,0.17076190476190498,-0.07247619047618997,0,False,False,False,True,False,False,False,False,False
2016-11-01,Italy,420375000000.0,100.0,11.7,132.19047,1.45,-0.309,False,102.2285,99.71463,-0.584579580766331,15.24,45.66,321.2,232.2,100.080876194734,-0.500500500500178,79.9408,1.759,0,0.19136363636363596,0.23747619047619084,0.06780952380952399,0,False,False,False,False,True,False,False,False,False
2016-11-01,Japan,135536049999999.98,100.3818,3.0,91.19133195068224,-0.05,0.0096,False,100.9901,100.1824,0.658756971426988,15.24,45.66,321.2,232.2,99.822478058401,-0.0013372284398682,90.84837,-0.0596,1,0.036000000000000004,0.1452,0.0364,0,False,False,False,False,False,True,False,False,False
2016-11-01,South Korea,428246600000000.0,101.600325388661,3.8,122.17124734354232,1.596,1.35,False,101.0746,100.1797,11.6020986039959,15.24,45.66,321.2,232.2,100.917516931666,-2.5974025974026,98.53594,0.246,0,0.07400000000000007,0.20500000000000007,0.04600000000000004,0,False,False,False,False,False,False,True,False,False
2016-11-01,UK,528712000000.0,101.6,4.8,545.11511,1.078,0.3975,False,99.63139,101.1838,-1.01235954529468,15.24,45.66,321.2,232.2,100.394022580104,0.517598343685433,103.1622,0.6805000000000001,0,0.2352700000000001,0.23720000000000008,-0.2993999999999999,0,False,False,False,False,False,False,False,True,False
2016-11-01,USA,19197938000000.0,101.988,4.9,92.51785,1.76,0.72,True,97.79826,100.4832,-4.31332948643975,15.24,45.66,321.2,232.2,99.2542774577052,0.17816494612497,99.85423,1.04,0,0.16000000000000014,0.16000000000000003,-0.21999999999999997,0,False,False,False,False,False,False,False,False,True
2016-12-01,Australia,516765000000.0,101.9735,5.767279,174.297990881136,2.535,1.76,False,103.0337,100.0223,-0.672714300275146,12.47,51.97,338.6,231.6,100.160646766981,85431700000.0,101.3498,0.7750000000000001,0,0.28400000000000025,0.6430000000000002,0.45300000000000007,0,True,False,False,False,False,False,False,False,False
2016-12-01,Canada,520701250000.0,101.6065,6.8,442.37141,1.43761904761905,0.48,False,100.9859,99.7776201374842,-0.31655244058757,12.47,51.97,338.6,231.6,99.8593257717949,0.120318174728395,106.4306,0.95761904761905,0,0.27861904761905,0.42089177489178,0.1151190476190499,0,False,True,False,False,False,False,False,False,False
2016-12-01,France,548800500000.00006,100.35,10.1,448.59508,0.67,-0.312681818181818,False,100.027,99.95267,4.06393931183963,12.47,51.97,338.6,231.6,100.137862470735,1.39534883721015,99.26167,0.982681818181818,0,0.343681818181818,0.53446442687747,0.21550000000000002,0,False,False,True,False,False,False,False,False,False
2016-12-01,Germany,773037650000.0,100.5168,3.7,322.22034,0.189090909090909,-0.312681818181818,False,101.8686,101.2957,-4.34356286020601,12.47,51.97,338.6,231.6,99.8048257975009,3.0998851894372,99.25215,0.501772727272727,0,0.19077272727272704,0.3352944664031621,0.11173376623376602,1,False,False,False,True,False,False,False,False,False
2016-12-01,Italy,420375000000.0,99.9,12.0,180.27574,1.943,-0.312681818181818,False,102.7549,99.7019,-2.36402152967933,12.47,51.97,338.6,231.6,100.059478104425,0.905432595573541,88.34939,2.255681818181818,0,0.496681818181818,0.78146442687747,0.4724999999999999,0,False,False,False,False,True,False,False,False,False
2016-12-01,Japan,135536049999999.98,100.3818,3.0,138.7268253240994,0.02,0.00825,False,101.09,100.1159,5.18658304942552,12.47,51.97,338.6,231.6,99.9329752069644,0.192217735099143,98.21703,0.01175,0,0.07135,0.09265,0.14295,0,False,False,False,False,False,True,False,False,False
2016-12-01,South Korea,428246600000000.0,101.450632548881,3.6,387.9708218573296,1.965,1.42,False,100.4192,99.94832,-0.0998674293818724,12.47,51.97,338.6,231.6,101.025962396333,3.22222222222222,100.5313,0.5450000000000002,0,0.29900000000000015,0.4780000000000002,0.3380000000000003,0,False,False,False,False,False,False,True,False,False
2016-12-01,UK,528712000000.0,101.8,4.7,816.20221,1.3818,0.39773,False,97.41969,101.3388,0.16061965921732,12.47,51.97,338.6,231.6,100.60149122649,1.8537590113286,105.7012,0.98407,0,0.3035699999999999,0.6481,0.036760000000000015,0,False,False,False,False,False,False,False,True,False
2016-12-01,USA,19197938000000.0,101.8294,4.7,169.37782,2.14,0.71,True,97.87023,100.5603,0.964872606663492,12.47,51.97,338.6,231.6,99.3803524066424,0.149030196360589,103.8437,1.4300000000000002,0,0.3900000000000001,0.6000000000000001,0.18999999999999995,0,False,False,False,False,False,False,False,False,True
2017-01-01,Australia,522403000000.0,101.9735,5.83288,166.67957591732957,2.799,1.78,False,103.0337,99.91005,4.73832734735757,11.61,52.5,354.6,230.3,100.188606484218,85431700000.0,103.9004,1.019,0,0.24399999999999977,0.7449999999999999,0.8839999999999999,0,True,False,False,False,False,False,False,False,False
2017-01-01,Canada,523622500000.0,101.4485,6.9,298.57466,1.732,0.4775,False,102.1866,99.8589225116455,-2.0052808487859,11.61,52.5,354.6,230.3,100.059663475231,0.970290419494768,107.9394,1.2545,0,0.2968809523809499,0.67330952380952,0.59631818181818,0,False,True,False,False,False,False,False,False,False
2017-01-01,France,552112600000.0,100.65,10.0,408.26755,0.75,-0.315761904761905,False,102.1158,100.1953,-0.179980304042202,11.61,52.5,354.6,230.3,100.307137808718,-0.802752293578624,101.5084,1.0657619047619051,0,0.08308008658008714,0.5841255411255412,0.40785281385281413,0,False,False,True,False,False,False,False,False,False
2017-01-01,Germany,775988170000.0,101.2169,3.7,246.81425,0.251904761904762,-0.315761904761905,False,101.6753,101.3743,6.93980268325931,11.61,52.5,354.6,230.3,99.931520876402,-2.22717149220503,102.892,0.567666666666667,0,0.06589393939393995,0.3501212121212121,0.3165757575757578,1,False,False,False,True,False,False,False,False,False
2017-01-01,Italy,421946600000.0,100.3,11.8,159.45265,1.886,-0.315761904761905,False,103.7024,99.78981,5.40186280021091,11.61,52.5,354.6,230.3,100.098436623447,-0.697906281156713,92.51216,2.201761904761905,0,-0.05391991341991309,0.6341255411255409,0.48085281385281364,0,False,False,False,False,True,False,False,False,False
2017-01-01,Japan,135736475000000.0,100.1782,3.0,140.84319272077693,0.04,0.01,False,102.09,100.0456,1.77178552093602,11.61,52.5,354.6,230.3,100.05092197654,0.199800199800126,98.87454,0.03,0,0.01825,0.1256,0.2693,0,False,False,False,False,False,True,False,False,False
2017-01-01,South Korea,430814800000000.0,101.561320916324,3.4,375.9069744907727,2.159,1.54,False,105.07,99.49683,9.20387676147845,11.61,52.5,354.6,230.3,101.144982214114,-0.322927879440271,102.6116,0.6189999999999998,0,0.07399999999999962,0.44699999999999984,0.4319999999999997,0,False,False,False,False,False,False,True,False,False
2017-01-01,UK,532082000000.0,102.2,4.7,468.02126,1.4336,0.37226,False,98.99947,101.2498,0.857158205230935,11.61,52.5,354.6,230.3,100.779109590692,-0.606673407482627,109.302,1.06134,0,0.07726999999999995,0.6161099999999999,0.3255199999999999,0,False,False,False,False,False,False,False,True,False
2017-01-01,USA,19304352000000.0,101.8627,4.7,115.15205,2.49,0.87,True,97.48661,100.8904,1.8665073913694,11.61,52.5,354.6,230.3,99.5279087506725,-0.441456676420238,105.0235,1.62,0,0.18999999999999995,0.7400000000000002,0.5300000000000002,0,False,False,False,False,False,False,False,False,True
2017-02-01,Australia,522403000000.0,102.6236,5.686729,138.90889751777294,2.711,1.78,False,103.0337,99.75493,-3.96306365885322,11.53,53.47,352.9,232.9,100.221888846965,85431700000.0,104.2281,0.9309999999999998,0,-0.08800000000000008,0.43999999999999995,0.9249999999999998,0,True,False,False,False,False,False,False,False,False
2017-02-01,Canada,523622500000.0,102.3176,6.9,338.15547,1.72238095238095,0.45,False,102.3417,99.9844723520548,-0.692752855430823,11.53,53.47,352.9,232.9,100.249460249435,0.610522139693304,109.1398,1.27238095238095,0,0.01788095238095,0.5933809523809499,0.72138095238095,0,False,True,False,False,False,False,False,False,False
2017-02-01,France,552112600000.0,100.41,9.7,462.96557,0.86,-0.325545454545455,False,101.4097,100.337,-0.0323187879887528,11.53,53.47,352.9,232.9,100.482247222766,0.809248554913955,101.5872,1.185545454545455,0,0.11978354978354977,0.5465454545454549,0.7210216450216459,0,False,False,True,False,False,False,False,False,False
2017-02-01,Germany,775988170000.0,100.6168,3.7,335.6415,0.250909090909091,-0.325545454545455,False,99.35567,101.4417,-1.26415322586757,11.53,53.47,352.9,232.9,100.084519009347,3.18906605922513,104.0024,0.576454545454546,0,0.008787878787879011,0.265454545454546,0.43621645021645095,1,False,False,False,True,False,False,False,False,False
2017-02-01,Italy,421946600000.0,100.6,11.7,112.90602,1.991,-0.325545454545455,False,105.3869,99.84657,1.00699252268279,11.53,53.47,352.9,232.9,100.174728943414,-0.401606425702727,90.81455,2.316545454545455,0,0.11478354978355032,0.5575454545454552,0.7950216450216461,0,False,False,False,False,True,False,False,False,False
2017-02-01,Japan,135736475000000.0,99.97455,3.0,143.21543515112606,0.085,0.008,False,101.49,100.1374,-0.144290293437099,11.53,53.47,352.9,232.9,100.165974091528,-0.296265674521623,99.11692,0.07700000000000001,0,0.047000000000000014,0.1366,0.28180000000000005,0,False,False,False,False,False,True,False,False,False
2017-02-01,South Korea,430814800000000.0,102.640796042627,3.4,391.798399614048,2.111,1.5,False,103.823,99.13898,0.792475683801608,11.53,53.47,352.9,232.9,101.285814334677,1.18790496760262,103.5598,0.6110000000000002,0,-0.007999999999999563,0.3650000000000002,0.5700000000000003,0,False,False,False,False,False,False,True,False,False
2017-02-01,UK,532082000000.0,101.8,4.6,539.22461,1.4203,0.3621,False,101.1058,101.1649,-3.20478549565109,11.53,53.47,352.9,232.9,100.925997309315,-0.6103763987796,109.79,1.0581999999999998,0,-0.0031400000000001427,0.3776999999999997,0.6148999999999998,0,False,False,False,False,False,False,False,True,False
2017-02-01,USA,19304352000000.0,102.4564,4.7,134.86953,2.43,0.9,True,98.16682,101.2288,-8.41395485194949,11.53,53.47,352.9,232.9,99.6760608515764,1.18013524429075,106.9744,1.5300000000000002,0,-0.08999999999999986,0.4900000000000002,0.6500000000000002,0,False,False,False,False,False,False,False,False,True
2017-03-01,Australia,522403000000.0,102.6236,5.893162,77.74121932347664,2.738,1.78,False,102.5589,99.72215,-3.85115662220407,11.9,49.33,365.9,235.7,100.251672851682,85584000000.0,105.1043,0.958,0,0.027000000000000135,0.18299999999999983,0.8260000000000001,0,True,False,False,False,False,False,False,False,False
2017-03-01,Canada,523622500000.0,102.4756,6.6,257.48916,1.70210526315789,0.465,False,102.7398,100.145276444611,1.08876967675862,11.9,49.33,365.9,235.7,100.401351005993,0.494083474630358,108.2026,1.2371052631578898,0,-0.035275689223060125,0.2794862155388398,0.7003779904306198,0,False,True,False,False,False,False,False,False,False
2017-03-01,France,552112600000.0,100.53,9.6,379.42595,1.03,-0.3286,False,101.4293,100.3193,-0.984056581835514,11.9,49.33,365.9,235.7,100.649872008332,0.458715596330217,104.8153,1.3586,0,0.17305454545454513,0.37591818181818204,0.910382608695652,0,False,False,True,False,False,False,False,False,False
2017-03-01,Germany,775988170000.0,101.2169,3.6,170.40045,0.258,-0.3286,False,101.0954,101.4368,-2.02908941399602,11.9,49.33,365.9,235.7,100.254040426497,-2.42825607063996,106.4354,0.5866,0,0.010145454545454013,0.08482727272727297,0.42012173913043505,1,False,False,False,True,False,False,False,False,False
2017-03-01,Italy,421946600000.0,101.0,11.5,114.10034,2.352,-0.3286,False,102.439,99.89798,2.21280668531021,11.9,49.33,365.9,235.7,100.268325441236,1.31048387096757,95.55482,2.6806,0,0.36405454545454496,0.4249181818181822,1.2063826086956522,0,False,False,False,False,True,False,False,False,False
2017-03-01,Japan,135736475000000.0,99.87274,2.9,125.64681705873006,0.05,0.0088,False,100.6901,100.2492,-0.550185208233822,11.9,49.33,365.9,235.7,100.263233729078,1.30811521209413,100.0903,0.0412,0,-0.03580000000000001,0.02945,0.1221,0,False,False,False,False,False,True,False,False,False
2017-03-01,South Korea,430814800000000.0,102.921206573483,4.0,299.67484698430616,2.163,1.49,False,106.5713,99.00787,-2.71460063737851,11.9,49.33,365.9,235.7,101.43244108613,-1.28068303094984,106.118,0.6729999999999998,0,0.06199999999999961,0.12799999999999967,0.6059999999999999,0,False,False,False,False,False,False,True,False,False
2017-03-01,UK,532082000000.0,102.4,4.6,445.97403,1.3058,0.35674,False,100.158,101.0568,-2.3935125077419,11.9,49.33,365.9,235.7,101.031574745822,-1.12589559877129,111.5961,0.94906,0,-0.10913999999999979,-0.035009999999999986,0.61309,0,False,False,False,False,False,False,False,True,False
2017-03-01,USA,19304352000000.0,102.7787,4.6,133.33148,2.42,0.87,True,97.93615,101.3774,-0.432138284251005,11.9,49.33,365.9,235.7,99.7944918999829,0.530178944460125,107.798,1.5499999999999998,0,0.019999999999999574,0.11999999999999966,0.7199999999999998,0,False,False,False,False,False,False,False,False,True
2017-04-01,Australia,524315000000.00006,102.6236,5.847137,90.88209838937502,2.804,1.79,False,102.5589,99.8003,-1.9204753441736,13.14,51.06,361.0,234.8,100.284643116998,85584000000.0,107.0456,1.0139999999999998,0,0.05599999999999983,-0.0050000000000001155,0.7399999999999998,0,True,False,False,False,False,False,False,False,False
2017-04-01,Canada,530210750000.0,102.6337,6.7,262.14936,1.71434782608696,0.498,False,102.5311,100.404132037107,-0.330237444623227,13.14,51.06,361.0,234.8,100.506394174802,-0.46870637041766,109.0509,1.21634782608696,0,-0.020757437070929807,-0.03815217391303993,0.6351573498964801,0,False,True,False,False,False,False,False,False,False
2017-04-01,France,555572000000.0,101.17,9.6,521.56415,1.02,-0.329347826086957,False,100.7527,100.2363,0.917079094491793,13.14,51.06,361.0,234.8,100.799692142259,0.456621004566182,107.4886,1.349347826086957,0,-0.009252173913043116,0.2835859213250518,0.8677114624505929,0,False,False,True,False,False,False,False,False,False
2017-04-01,Germany,785293730000.0,101.4169,3.6,222.12303,0.348260869565217,-0.329347826086957,False,101.8686,101.3909,1.66149342500539,13.14,51.06,361.0,234.8,100.434679965285,0.452488687783026,108.0953,0.6776086956521741,0,0.09100869565217407,0.10994202898550709,0.4600632411067192,1,False,False,False,True,False,False,False,False,False
2017-04-01,Italy,423956200000.0,101.0,11.6,98.55571,2.401,-0.329347826086957,False,103.176,99.88052,3.61259076477358,13.14,51.06,361.0,234.8,100.364886845509,-0.995024875621753,98.06919,2.7303478260869567,0,0.049747826086956604,0.5285859213250519,1.1627114624505928,0,False,False,False,False,True,False,False,False,False
2017-04-01,Japan,136798000000000.0,99.87274,2.8,123.7227955476207,0.065,0.0123,False,101.39,100.3612,1.2060118219035,13.14,51.06,361.0,234.8,100.34075183399,0.101936799185265,96.35859,0.052700000000000004,0,0.011500000000000003,0.022700000000000005,0.14830000000000002,0,False,False,False,False,False,True,False,False,False
2017-04-01,South Korea,435027100000000.0,102.850576853305,3.7,220.40216245574047,2.221,1.48,False,105.3487,99.16222,-3.60279458504466,13.14,51.06,361.0,234.8,101.562963156875,1.62162162162163,107.4078,0.7410000000000001,0,0.06800000000000028,0.12200000000000033,0.5690000000000002,0,False,False,False,False,False,False,True,False,False
2017-04-01,UK,536566000000.00006,102.7,4.5,418.65661,1.194,0.34567,False,99.31543,100.9592,12.4936620795543,13.14,51.06,361.0,234.8,101.106247375501,0.724637681159024,110.2385,0.84833,0,-0.10072999999999999,-0.21300999999999992,0.4031,0,False,False,False,False,False,False,False,True,False
2017-04-01,USA,19398343000000.0,102.8622,4.4,119.77617,2.48,0.98,False,97.57285,101.365,-2.13791994856142,13.14,51.06,361.0,234.8,99.8714666041412,-0.456161848379422,107.2743,1.5,0,-0.04999999999999982,-0.1200000000000001,0.6200000000000001,0,False,False,False,False,False,False,False,False,True
2017-05-01,Australia,524315000000.00006,102.9951,5.609452,82.1544886988754,2.557,1.77,False,102.5589,99.83413,2.97768762677493,10.86,48.48,359.5,236.1,100.309884723997,85584000000.0,105.8738,0.7869999999999999,0,-0.22699999999999987,-0.1439999999999999,0.29600000000000004,0,True,False,False,False,False,False,False,False,False
2017-05-01,Canada,530210750000.0,103.0287,6.5,199.66223,1.52315789473684,0.535,False,103.175,100.565691321027,2.80700374867211,10.86,48.48,359.5,236.1,100.568797952151,0.895737731198576,107.9957,0.98815789473684,0,-0.22818993135012,-0.28422305764410993,0.30915789473683997,0,False,True,False,False,False,False,False,False,False
2017-05-01,France,555572000000.0,101.26,9.5,574.63314,0.88,-0.330388888888889,False,102.4198,100.246,1.51495371132441,10.86,48.48,359.5,236.1,100.934433719689,0.568181818181057,112.306,1.210388888888889,0,-0.13895893719806796,0.024843434343434057,0.571388888888889,0,False,False,True,False,False,False,False,False,False
2017-05-01,Germany,785293730000.0,101.817,3.6,204.83883,0.225555555555556,-0.330388888888889,False,101.3853,101.4713,1.24044284405691,10.86,48.48,359.5,236.1,100.617137572217,2.47747747747726,110.7981,0.555944444444445,0,-0.12166425120772906,-0.02051010101010098,0.24494444444444502,1,False,False,False,True,False,False,False,False,False
2017-05-01,Italy,423956200000.0,101.4,11.2,61.85898,2.257,-0.330388888888889,False,104.1235,99.86146,-8.99736925158093,10.86,48.48,359.5,236.1,100.455849815702,0.301507537688295,102.5869,2.587388888888889,0,-0.14295893719806774,0.27084343434343383,0.8283888888888891,0,False,False,False,False,True,False,False,False,False
2017-05-01,Japan,136798000000000.0,100.28,2.8,102.65170821508674,0.015,0.0103,False,101.49,100.4635,0.0805738171145043,10.86,48.48,359.5,236.1,100.424147373755,0.495540138751993,101.1307,0.004699999999999999,0,-0.048,-0.07230000000000002,0.0643,0,False,False,False,False,False,True,False,False,False
2017-05-01,South Korea,435027100000000.0,102.720913337158,3.9,165.39695140893426,2.182,1.43,False,107.0288,99.59917,-0.54132401894047,10.86,48.48,359.5,236.1,101.655909515477,-1.48936170212767,113.9168,0.752,0,0.010999999999999899,0.1409999999999998,0.506,0,False,False,False,False,False,False,True,False,False
2017-05-01,UK,536566000000.00006,103.2,4.4,335.47583,1.0789,0.33513,False,98.47288,100.9242,-25.6343053718492,10.86,48.48,359.5,236.1,101.146270702169,-0.411099691675132,112.4915,0.74377,0,-0.10455999999999999,-0.31442999999999977,0.06326999999999994,0,False,False,False,False,False,False,False,True,False
2017-05-01,USA,19398343000000.0,103.1673,4.4,121.57059,2.3,1.03,False,98.20142,101.3344,1.13337713534813,10.86,48.48,359.5,236.1,99.9078996743469,-0.157179224646475,108.3879,1.2699999999999998,0,-0.2300000000000002,-0.26000000000000045,0.22999999999999976,0,False,False,False,False,False,False,False,False,True
2017-06-01,Australia,524315000000.00006,102.9951,5.547504,66.11273020755269,2.548,1.73,False,104.0067,99.77876,3.58493539237315,10.51,45.18,353.8,235.1,100.321509579179,86553400000.0,104.4181,0.8180000000000001,0,0.03100000000000014,-0.1399999999999999,0.04299999999999993,0,True,False,False,False,False,False,False,False,False
2017-06-01,Canada,530210750000.0,103.1077,6.6,262.12758,1.51318181818182,0.512,False,103.6225,100.626347051275,0.524143840467595,10.51,45.18,353.8,235.1,100.606906529698,1.35849056603778,106.7628,1.00118181818182,0,0.013023923444979935,-0.23592344497606987,0.043562770562769915,0,False,True,False,False,False,False,False,False,False
2017-06-01,France,555572000000.0,101.31,9.5,288.26044,0.81,-0.329454545454545,False,101.4489,100.4428,3.03780906478198,10.51,45.18,353.8,235.1,101.058839396226,-0.45197740112991,111.1838,1.139454545454545,0,-0.0709343434343439,-0.21914545454545498,0.15677272727272706,0,False,False,True,False,False,False,False,False,False
2017-06-01,Germany,785293730000.0,101.817,3.6,151.38441,0.336363636363636,-0.329454545454545,False,103.3183,101.6431,2.50035833999109,10.51,45.18,353.8,235.1,100.789961031434,-1.31868131868105,110.8772,0.665818181818181,0,0.10987373737373596,0.07921818181818097,0.16404545454545394,1,False,False,False,True,False,False,False,False,False
2017-06-01,Italy,423956200000.0,101.2,11.5,62.90183,2.194,-0.329454545454545,False,103.913,99.67629,6.25292773748809,10.51,45.18,353.8,235.1,100.546723000216,0.100200400801476,101.2362,2.5234545454545447,0,-0.06393434343434423,-0.15714545454545537,0.26777272727272683,0,False,False,False,False,True,False,False,False,False
2017-06-01,Japan,136798000000000.0,100.3818,3.0,101.33274002340283,0.04,0.0098,False,103.7898,100.4995,-1.41486507291345,10.51,45.18,353.8,235.1,100.502484737949,0.0850028534519653,103.3824,0.0302,0,0.025500000000000002,-0.011,0.01845,0,False,False,False,False,False,True,False,False,False
2017-06-01,South Korea,435027100000000.0,102.830547529673,3.4,118.96201597212556,2.257,1.39,False,105.0359,100.2627,-3.31433685939754,10.51,45.18,353.8,235.1,101.697223952988,0.647948164146883,117.9418,0.8670000000000002,0,0.11500000000000021,0.1940000000000004,0.32200000000000006,0,False,False,False,False,False,False,True,False,False
2017-06-01,UK,536566000000.00006,103.5,4.4,470.26432,1.1175,0.31081,False,98.89416,100.8931,11.7164366160942,10.51,45.18,353.8,235.1,101.141852986825,1.54798761609947,113.1798,0.8066899999999999,0,0.06291999999999986,-0.1423700000000001,-0.1773800000000001,0,False,False,False,False,False,False,False,True,False
2017-06-01,USA,19398343000000.0,103.2555,4.4,104.17097,2.3,1.05,False,99.13509,101.2947,-2.54994315413345,10.51,45.18,353.8,235.1,99.9192979816969,0.608064473190573,109.9261,1.2499999999999998,0,-0.020000000000000018,-0.30000000000000004,-0.18000000000000038,0,False,False,False,False,False,False,False,False,True
2017-07-01,Australia,527584000000.0,102.9951,5.623075,72.20374152763019,2.421,1.72,False,104.0067,99.66586,-1.56943282371138,10.26,46.63,353.6,236.8,100.316531221922,86553400000.0,104.3709,0.7009999999999998,0,-0.11700000000000021,-0.31299999999999994,-0.31800000000000006,0,True,False,False,False,False,False,False,False,False
2017-07-01,Canada,535791500000.00006,103.0287,6.5,206.44093,1.50272727272727,0.565,False,104.767,100.701265913784,-2.81486987896662,10.26,46.63,353.6,236.8,100.63568058303,0.31155700121559,105.6894,0.9377272727272701,0,-0.06345454545454987,-0.27862055335968994,-0.31677272727272987,0,False,True,False,False,False,False,False,False,False
2017-07-01,France,560468300000.0,101.32,9.5,308.56529,0.66,-0.33,False,103.6848,100.7943,-5.29468903130579,10.26,46.63,353.6,236.8,101.167500211443,1.02156640181628,109.23,0.99,0,-0.14945454545454506,-0.3593478260869569,-0.07576190476190514,0,False,False,True,False,False,False,False,False,False
2017-07-01,Germany,792556520000.0,102.117,3.5,192.22429,0.25047619047619,-0.33,False,103.6082,101.819,-7.17364155059554,10.26,46.63,353.6,236.8,100.939967514661,0.890868596881456,108.4056,0.58047619047619,0,-0.08534199134199094,-0.09713250517598404,0.012809523809523049,1,False,False,False,True,False,False,False,False,False
2017-07-01,Italy,425840800000.0,101.1,11.1,99.64902,2.053,-0.33,False,104.6499,99.43639,0.837670352792541,10.26,46.63,353.6,236.8,100.658154224206,-0.200200200199907,102.0845,2.383,0,-0.14045454545454472,-0.3473478260869567,0.1812380952380952,0,False,False,False,False,True,False,False,False,False
2017-07-01,Japan,137334600000000.0,100.28,2.8,85.80241394980884,0.075,0.009,False,102.1899,100.5102,5.73507866332312,10.26,46.63,353.6,236.8,100.563012029866,-0.199455776354185,104.4557,0.066,0,0.0358,0.0133,0.036000000000000004,0,False,False,False,False,False,True,False,False,False
2017-07-01,South Korea,438331200000000.0,102.611279144642,3.7,118.95075936465864,2.165,1.38,False,105.4594,100.9763,7.21357331912067,10.26,46.63,353.6,236.8,101.686200357084,0.0,119.9734,0.7850000000000001,0,-0.08200000000000007,0.04400000000000004,0.16600000000000037,0,False,False,False,False,False,False,True,False,False
2017-07-01,UK,540020000000.0,103.5,4.3,709.74368,1.0846,0.29442,False,99.31543,100.8069,2.91307087075638,10.26,46.63,353.6,236.8,101.142695762863,-1.82926829268301,112.1469,0.79018,0,-0.016509999999999914,-0.058150000000000035,-0.27115999999999996,0,False,False,False,False,False,False,False,True,False
2017-07-01,USA,19506949000000.0,103.3491,4.3,98.75896,2.19,1.16,False,99.25444,101.2233,-3.14999999999996,10.26,46.63,353.6,236.8,99.9262246292979,-0.461489322065567,111.1847,1.03,0,-0.21999999999999975,-0.47,-0.5900000000000001,0,False,False,False,False,False,False,False,False,True
2017-08-01,Australia,527584000000.0,103.3666,5.607769,95.78465451259966,2.664,1.7,False,104.0067,99.54825,-2.5681314718459,11.98,48.04,364.5,234.5,100.295479862545,86553400000.0,104.4717,0.9640000000000002,0,0.26300000000000034,0.17700000000000027,0.03300000000000036,0,True,False,False,False,False,False,False,False,False
2017-08-01,Canada,535791500000.00006,103.0287,6.3,233.18309,1.908,0.73,False,104.4795,100.778493614804,0.773947992964374,11.98,48.04,364.5,234.5,100.663903061663,0.435606430566038,105.4141,1.178,0,0.24027272727272986,0.18984210526315992,-0.09438095238095001,0,False,True,False,False,False,False,False,False,False
2017-08-01,France,560468300000.0,100.97,9.6,176.46953,0.84,-0.330428571428571,False,102.5571,101.1565,3.59095128407881,11.98,48.04,364.5,234.5,101.252166166421,-0.674157303370271,108.2775,1.170428571428571,0,0.18042857142857094,-0.03996031746031803,-0.015116883116883972,0,False,False,True,False,False,False,False,False,False
2017-08-01,Germany,792556520000.0,102.5171,3.5,142.71236,0.455714285714286,-0.330428571428571,False,103.4149,101.9375,1.84087166003819,11.98,48.04,364.5,234.5,101.076329662924,0.220750551876958,106.8961,0.786142857142857,0,0.205666666666667,0.230198412698412,0.20968831168831104,1,False,False,False,True,False,False,False,False,False
2017-08-01,Italy,425840800000.0,101.2,11.4,74.03366,2.231,-0.330428571428571,False,106.0186,99.30701,-4.63781334069185,11.98,48.04,364.5,234.5,100.803507765292,0.300902708123951,103.5304,2.561428571428571,0,0.17842857142857094,-0.025960317460318016,0.24488311688311581,0,False,False,False,False,True,False,False,False,False
2017-08-01,Japan,137334600000000.0,100.0764,2.8,75.34475709586606,0.075,0.0118,False,102.9899,100.516,-9.30449848293385,11.98,48.04,364.5,234.5,100.606204322117,-0.193471821926239,103.9857,0.06319999999999999,0,-0.002800000000000011,0.058499999999999996,-0.01380000000000002,0,False,False,False,False,False,True,False,False,False
2017-08-01,South Korea,438331200000000.0,102.781001308055,3.5,97.31102291515812,2.252,1.39,False,103.4442,101.4455,-4.17884144310401,11.98,48.04,364.5,234.5,101.633067154944,0.858369098712441,117.8667,0.8619999999999999,0,0.07699999999999974,0.10999999999999988,0.25099999999999967,0,False,False,False,False,False,False,True,False,False
2017-08-01,UK,540020000000.0,103.5,4.3,466.47472,1.2713,0.2931,False,99.31543,100.6372,-3.43820771898332,11.98,48.04,364.5,234.5,101.130455980459,1.24223602484446,112.3438,0.9782000000000001,0,0.18802000000000008,0.23443000000000003,-0.07999999999999974,0,False,False,False,False,False,False,False,True,False
2017-08-01,USA,19506949000000.0,103.2778,4.3,110.7536,2.32,1.22,False,99.44744,101.1172,2.3575976596111,11.98,48.04,364.5,234.5,99.9438403862983,0.433831545182173,110.9526,1.0999999999999999,0,0.06999999999999984,-0.16999999999999993,-0.4300000000000004,0,False,False,False,False,False,False,False,False,True
2017-09-01,Australia,527584000000.0,103.3666,5.530516,50.78049910577703,2.626,1.7,False,105.237,99.50196,-3.67217448777259,10.44,49.82,380.4,237.2,100.246946433932,86952200000.0,103.7574,0.9259999999999999,0,-0.038000000000000256,0.10799999999999987,-0.03200000000000003,0,True,False,False,False,False,False,False,False,False
2017-09-01,Canada,535791500000.00006,103.1077,6.2,241.76701,1.88363636363636,0.722,False,104.5742,100.909813972967,1.41208136073991,10.44,49.82,380.4,237.2,100.700978576971,-0.11086043255033,106.5621,1.16163636363636,0,-0.01636363636363991,0.16045454545454008,-0.0754688995215298,0,False,True,False,False,False,False,False,False,False
2017-09-01,France,560468300000.0,101.49,9.5,164.05329,0.71,-0.329086956521739,False,102.6257,101.1065,0.397701187572249,10.44,49.82,380.4,237.2,101.313974850625,1.47058823529422,110.1987,1.0390869565217389,0,-0.13134161490683205,-0.10036758893280617,-0.31951304347826115,0,False,False,True,False,False,False,False,False,False
2017-09-01,Germany,792556520000.0,102.6171,3.5,104.73081,0.346086956521739,-0.329086956521739,False,103.8982,101.9407,0.331248889932745,10.44,49.82,380.4,237.2,101.197739957321,0.0,109.8785,0.675173913043478,0,-0.11096894409937907,0.009355731225296982,0.08857391304347795,1,False,False,False,True,False,False,False,False,False
2017-09-01,Italy,425840800000.0,101.5,11.3,31.70153,2.11,-0.329086956521739,False,106.8609,99.55708,-0.074416375613251,10.44,49.82,380.4,237.2,100.99990506855,-0.199999999999734,105.9813,2.439086956521739,0,-0.12234161490683215,-0.08436758893280594,-0.2415130434782613,0,False,False,False,False,True,False,False,False,False
2017-09-01,Japan,137334600000000.0,100.28,2.8,78.09813687147846,0.01,0.011,False,102.4899,100.5608,0.665288635865724,10.44,49.82,380.4,237.2,100.630208066937,0.598349277619903,105.6405,-0.0009999999999999992,1,-0.0642,-0.0312,-0.0422,0,False,False,False,False,False,True,False,False,False
2017-09-01,South Korea,438331200000000.0,103.370285092824,4.0,90.0342941920303,2.287,1.39,False,104.5369,101.5796,0.316250052152722,10.44,49.82,380.4,237.2,101.535352665636,-0.851063829787235,117.9319,0.897,0,0.03500000000000014,0.029999999999999805,0.2240000000000002,0,False,False,False,False,False,False,True,False,False
2017-09-01,UK,540020000000.0,104.0,4.3,441.47925,1.1241,0.28119,False,99.7367,100.5736,-8.81300766277913,10.44,49.82,380.4,237.2,101.096645973748,-0.102249488752759,111.2187,0.84291,0,-0.13529000000000002,0.03622000000000014,-0.10614999999999997,0,False,False,False,False,False,False,False,True,False
2017-09-01,USA,19506949000000.0,103.5871,4.4,109.17827,2.21,1.25,False,99.22084,101.0761,-0.0840618695359674,10.44,49.82,380.4,237.2,99.9781135951555,0.107703032323991,112.8619,0.96,0,-0.1399999999999999,-0.2899999999999998,-0.5899999999999999,0,False,False,False,False,False,False,False,False,True
2017-10-01,Australia,532395000000.0,103.3666,5.463683,64.23122221716918,2.71,1.72,False,105.237,99.52227,0.99626742781862,10.13,51.58,398.2,237.6,100.177632308056,86952200000.0,105.9961,0.99,0,0.06400000000000006,0.28900000000000015,-0.0239999999999998,0,True,False,False,False,False,False,False,False,False
2017-10-01,Canada,535959750000.0,103.3447,6.2,277.79456,2.0495,0.98,False,103.0863,101.036874689337,-0.531328262009401,10.13,51.58,398.2,237.6,100.755717504532,-0.288167604509015,110.3385,1.0695000000000001,0,-0.09213636363635991,0.13177272727273004,-0.1468478260869599,0,False,True,False,False,False,False,False,False,False
2017-10-01,France,565457000000.0,101.33,9.3,256.47821,0.7,-0.329380952380952,False,102.9984,100.8477,1.63794433303216,10.13,51.58,398.2,237.6,101.364300577269,-1.78372352285472,113.763,1.029380952380952,0,-0.009706004140786817,0.03938095238095207,-0.31996687370600485,0,False,False,True,False,False,False,False,False,False
2017-10-01,Germany,797549760000.0,102.7171,3.4,164.52679,0.347142857142857,-0.329380952380952,False,106.3144,101.8671,8.78854380032557,10.13,51.58,398.2,237.6,101.30225708151,-0.660792951541711,114.4746,0.676523809523809,0,0.0013498964803310143,0.09604761904761894,-0.0010848861283651035,1,False,False,False,True,False,False,False,False,False
2017-10-01,Italy,427477200000.0,101.2,11.2,91.19424,2.109,-0.329380952380952,False,108.6506,100.1727,10.087840045915,10.13,51.58,398.2,237.6,101.236748019067,-0.200400801603118,107.7231,2.438380952380952,0,-0.00070600414078692,0.055380952380951864,-0.2919668737060048,0,False,False,False,False,True,False,False,False,False
2017-10-01,Japan,138460825000000.02,100.5854,2.8,89.08219148934751,0.06,0.0085,False,103.7898,100.5967,0.874736159722778,10.13,51.58,398.2,237.6,100.640307575737,-0.986535022391255,110.8845,0.0515,0,0.0525,-0.014500000000000006,-0.0012000000000000066,0,False,False,False,False,False,True,False,False,False
2017-10-01,South Korea,444445600000000.0,103.49046103462,3.7,102.08993532568373,2.286,1.38,False,104.0475,101.4958,12.8541141043442,10.13,51.58,398.2,237.6,101.402884174016,-0.321888412017168,122.2537,0.9060000000000001,0,0.009000000000000119,0.121,0.16500000000000004,0,False,False,False,False,False,False,True,False,False
2017-10-01,UK,543452000000.0,104.3,4.2,457.88155,1.2436,0.30911,False,99.94734,100.5128,16.0610323873007,10.13,51.58,398.2,237.6,101.037173376977,1.02354145342913,113.8502,0.93449,0,0.09158,0.14431000000000005,0.08616000000000001,0,False,False,False,False,False,False,False,True,False
2017-10-01,USA,19660766000000.0,104.1356,4.3,96.75077,2.2,1.25,False,98.7941,101.1728,8.29547366649828,10.13,51.58,398.2,237.6,100.054476247525,-0.222629743581237,115.6323,0.9500000000000002,0,-0.009999999999999787,-0.07999999999999985,-0.5499999999999998,0,False,False,False,False,False,False,False,False,True
2017-11-01,Australia,532395000000.0,104.1096,5.402118,75.12644456995531,2.768,1.7,False,105.237,99.68078,0.660344031087834,10.54,56.64,398.6,235.2,100.096162286589,86952200000.0,108.8582,1.0679999999999998,0,0.07799999999999985,0.10399999999999965,0.2809999999999999,0,True,False,False,False,False,False,False,False,False
2017-11-01,Canada,535959750000.0,103.4238,6.3,221.31575,2.05095238095238,0.96,False,103.3119,101.020944537476,-5.50661286129388,10.54,56.64,398.6,235.2,100.812467009029,-0.728359141590473,111.8084,1.09095238095238,0,0.02145238095237989,-0.08704761904761993,0.10279448621553999,0,False,True,False,False,False,False,False,False,False
2017-11-01,France,565457000000.0,101.43,9.1,227.00539,0.81,-0.329545454545455,False,104.1359,100.6528,0.475929770545474,10.54,56.64,398.6,235.2,101.410579524367,3.74574347332663,113.5964,1.139545454545455,0,0.11016450216450302,-0.030883116883115846,-0.07084343434343388,0,False,False,True,False,False,False,False,False,False
2017-11-01,Germany,797549760000.0,102.5171,3.4,142.69751,0.3725,-0.329545454545455,False,105.2513,101.8293,-5.23897487587737,10.54,56.64,398.6,235.2,101.390772890941,2.21729490022093,115.9012,0.702045454545455,0,0.025521645021646,-0.08409740259740206,0.14610101010100995,1,False,False,False,True,False,False,False,False,False
2017-11-01,Italy,427477200000.0,101.0,11.1,66.27057,2.074,-0.329545454545455,False,105.4922,100.8245,-6.82529760162376,10.54,56.64,398.6,235.2,101.466183891478,0.301204819276868,107.9145,2.403545454545455,0,-0.034835497835497,-0.15788311688311607,-0.1838434343434341,0,False,False,False,False,True,False,False,False,False
2017-11-01,Japan,138460825000000.02,100.5854,2.7,94.16523854446277,0.065,0.0094,False,102.5899,100.6582,-10.1408051771903,10.54,56.64,398.6,235.2,100.646778615655,-0.106420467970658,114.9662,0.055600000000000004,0,0.004100000000000006,-0.007599999999999989,0.0509,0,False,False,False,False,False,True,False,False,False
2017-11-01,South Korea,444445600000000.0,103.390314416457,3.7,120.31855309605211,2.455,1.38,False,105.1678,101.4001,-28.3067401386758,10.54,56.64,398.6,235.2,101.244780393856,2.58342303552206,125.9704,1.0750000000000002,0,0.16900000000000004,0.2130000000000003,0.3230000000000002,0,False,False,False,False,False,False,True,False,False
2017-11-01,UK,543452000000.0,104.4,4.3,485.84779,1.3816,0.38187,False,101.9484,100.5005,-5.4359749163869,10.54,56.64,398.6,235.2,100.955809378487,-0.101317122593936,112.835,0.99973,0,0.06523999999999996,0.021529999999999938,0.25595999999999997,0,False,False,False,False,False,False,False,True,False
2017-11-01,USA,19660766000000.0,104.0697,4.2,102.16057,2.36,1.26,False,98.89758,101.2939,-1.80236171535093,10.54,56.64,398.6,235.2,100.164992841237,1.68474911044127,115.9486,1.0999999999999999,0,0.1499999999999997,0.0,-0.16999999999999993,0,False,False,False,False,False,False,False,False,True
2017-12-01,Australia,532395000000.0,104.1096,5.45425,86.14002707307044,2.565,1.72,False,105.5904,99.88349,-1.76286377625401,10.26,57.88,402.3,229.5,100.001409191819,87473500000.0,109.7494,0.845,0,-0.22299999999999986,-0.08099999999999996,0.026999999999999913,0,True,False,False,False,False,False,False,False,False
2017-12-01,Canada,535959750000.0,103.7398,6.2,233.0971,1.91857142857143,0.88,False,102.5584,101.160162840005,-0.744774921556857,10.26,57.88,402.3,229.5,100.861486344843,2.97218615995924,112.2785,1.03857142857143,0,-0.052380952380949974,-0.12306493506492999,0.037389610389610084,0,False,True,False,False,False,False,False,False,False
2017-12-01,France,565457000000.0,101.53,9.0,251.36941,0.72,-0.329,False,104.6164,100.7262,-0.69486779708567,10.26,57.88,402.3,229.5,101.443034189035,-3.39168490153209,113.3596,1.049,0,-0.09054545454545515,0.009913043478261052,-0.09045454545454512,0,False,False,True,False,False,False,False,False,False
2017-12-01,Germany,797549760000.0,102.117,3.4,189.63559,0.308181818181818,-0.329,True,103.7049,101.8568,3.03659495788955,10.26,57.88,402.3,229.5,101.459215177885,-1.73535791757043,115.7334,0.6371818181818181,0,-0.0648636363636369,-0.037992094861659886,-0.028636363636362905,0,False,False,False,True,False,False,False,False,False
2017-12-01,Italy,427477200000.0,100.8,11.0,63.29997,1.789,-0.329,False,106.0186,101.2289,-0.453456269028718,10.26,57.88,402.3,229.5,101.660681013462,-0.80080080080055,107.3933,2.118,0,-0.285545454545455,-0.3210869565217389,-0.40545454545454485,0,False,False,False,False,True,False,False,False,False
2017-12-01,Japan,138460825000000.02,100.8908,2.7,85.74323459931671,0.035,0.0085,False,103.1898,100.7173,5.53969202746496,10.26,57.88,402.3,229.5,100.654570930883,-1.48075024679126,116.6513,0.026500000000000003,0,-0.0291,0.027500000000000004,-0.0036999999999999984,0,False,False,False,False,False,True,False,False,False
2017-12-01,South Korea,444445600000000.0,102.620766718995,3.7,93.28915902704856,2.54,1.45,False,105.4009,101.4636,22.2364047647535,10.26,57.88,402.3,229.5,101.067949598816,-1.25918153200419,122.6346,1.09,0,0.014999999999999902,0.19300000000000006,0.22299999999999986,0,False,False,False,False,False,False,True,False,False
2017-12-01,UK,543452000000.0,104.7,4.4,520.00684,1.3299,0.51857,False,102.3697,100.5403,-0.0519387701130802,10.26,57.88,402.3,229.5,100.83380252595,0.0,113.6094,0.8113300000000001,0,-0.1883999999999999,-0.03157999999999994,0.0046400000000001995,0,False,False,False,False,False,False,False,True,False
2017-12-01,USA,19660766000000.0,104.0723,4.2,94.48961,2.35,1.32,False,100.1163,101.4439,-4.00316455696216,10.26,57.88,402.3,229.5,100.297094132825,0.182204990386969,119.0448,1.03,0,-0.06999999999999984,0.07000000000000006,-0.21999999999999975,0,False,False,False,False,False,False,False,False,True
2018-01-01,Australia,534702000000.0,104.1096,5.611795,91.92299677806652,2.583,1.77,False,105.5904,100.0447,-0.137404160598043,11.06,63.7,400.2,229.2,99.8845784805302,87473500000.0,110.3326,0.8130000000000002,0,-0.031999999999999806,-0.17699999999999982,0.11200000000000032,0,True,False,False,False,False,False,False,False,False
2018-01-01,Canada,538679000000.0,103.3447,6.0,190.25874,1.91526315789474,0.96,False,103.6778,101.472566776007,-1.16149272726461,11.06,63.7,400.2,229.2,100.884277535763,-1.92171770234431,113.464,0.9552631578947401,0,-0.08330827067668989,-0.11423684210525997,0.017535885167470067,0,False,True,False,False,False,False,False,False,False
2018-01-01,France,568827900000.0,101.85,9.0,194.63213,0.67,-0.327894736842105,False,104.8126,101.0295,2.17796393782834,11.06,63.7,400.2,229.2,101.45210304229,3.28425821064546,115.8474,0.9978947368421051,0,-0.051105263157894876,-0.03148621553884701,0.007894736842105066,0,False,False,True,False,False,False,False,False,False
2018-01-01,Germany,805115210000.0,102.6171,3.4,110.69769,0.296842105263158,-0.327894736842105,True,107.3776,101.8959,-1.91395794311198,11.06,63.7,400.2,229.2,101.499790820282,0.883002207505945,117.9698,0.624736842105263,0,-0.012444976076555037,-0.05178696741854594,0.044260651629073,0,False,False,False,True,False,False,False,False,False
2018-01-01,Italy,429834500000.0,101.2,10.9,62.12521,1.795,-0.327894736842105,False,107.8084,101.3929,-2.84728453647765,11.06,63.7,400.2,229.2,101.796752164391,0.504540867810266,111.5373,2.122894736842105,0,0.004894736842105285,-0.3154862155388467,-0.26010526315789484,0,False,False,False,False,True,False,False,False,False
2018-01-01,Japan,138630900000000.0,101.1962,2.7,73.82397681380635,0.045,0.0103,False,103.9898,100.7309,9.9284946032937,11.06,63.7,400.2,229.2,100.663629128045,2.29459928939628,120.802,0.034699999999999995,0,0.008199999999999992,-0.016800000000000002,-0.03130000000000001,0,False,False,False,False,False,True,False,False,False
2018-01-01,South Korea,443007600000000.0,102.990782118733,3.5,111.02998513478614,2.472,1.66,False,105.6381,101.5932,-5.8819181901871,11.06,63.7,400.2,229.2,100.867919823374,3.82571732199788,125.2295,0.812,0,-0.278,-0.09400000000000008,0.026999999999999913,0,False,False,False,False,False,False,True,False,False
2018-01-01,UK,547377000000.0,105.0,4.3,419.09911,1.2781,0.51871,False,102.7909,100.555,-1.15993075030163,11.06,63.7,400.2,229.2,100.689139982774,0.30425963488907,116.6877,0.75939,0,-0.0519400000000001,-0.17510000000000003,-0.030789999999999984,0,False,False,False,False,False,False,False,True,False
2018-01-01,USA,19882352000000.0,104.0111,4.1,111.49723,2.4,1.54,False,100.3757,101.4238,-3.87341354870611,11.06,63.7,400.2,229.2,100.432901395101,0.444693867780632,124.2432,0.8599999999999999,0,-0.17000000000000015,-0.0900000000000003,-0.17000000000000015,0,False,False,False,False,False,False,False,False,True
2018-02-01,Australia,534702000000.0,104.6668,5.527869,48.90142400344619,2.747,1.79,False,105.5904,100.2169,-4.86328739522937,22.46,62.23,410.6,229.7,99.7449210488938,87473500000.0,108.2396,0.9569999999999999,0,0.14399999999999968,-0.11099999999999999,-0.007000000000000339,0,True,False,False,False,False,False,False,False,False
2018-02-01,Canada,538679000000.0,104.0558,5.9,343.77242,2.19818181818182,1.164,False,104.0429,101.895135929787,-0.163438745971145,22.46,62.23,410.6,229.7,100.854401126652,-0.105174999512847,107.6199,1.03418181818182,0,0.07891866028707994,-0.05677056277055992,-0.14381818181817985,0,False,True,False,False,False,False,False,False,False
2018-02-01,France,568827900000.0,101.75,9.2,221.13757,0.85,-0.328454545454546,False,106.2051,101.2083,-4.00361548277328,22.46,62.23,410.6,229.7,101.428369834863,0.0,111.4709,1.1784545454545459,0,0.1805598086124408,0.03890909090909078,0.008025974025974936,0,False,False,True,False,False,False,False,False,False
2018-02-01,Germany,805115210000.0,102.017,3.3,150.03558,0.474545454545455,-0.328454545454546,True,106.6044,101.9544,3.99349155879336,22.46,62.23,410.6,229.7,101.507383978359,2.40700218818357,111.1663,0.803000000000001,0,0.178263157894738,0.10095454545454607,0.016857142857144014,0,False,False,False,True,False,False,False,False,False
2018-02-01,Italy,429834500000.0,101.5,11.0,102.95852,1.984,-0.328454545454546,False,111.2827,101.4265,4.00281871233708,22.46,62.23,410.6,229.7,101.851081368646,-0.301204819277068,107.8398,2.312454545454546,0,0.18955980861244104,-0.09109090909090867,-0.24897402597402474,0,False,False,False,False,True,False,False,False,False
2018-02-01,Japan,138630900000000.0,101.298,2.4,66.11760744935202,0.08,0.0102,False,105.4896,100.7197,-8.17887458623722,22.46,62.23,410.6,229.7,100.662999744097,0.574442750252069,113.7653,0.0698,0,0.035100000000000006,0.014199999999999997,0.006600000000000009,0,False,False,False,False,False,True,False,False,False
2018-02-01,South Korea,443007600000000.0,103.42088548937,3.3,95.63025873364352,2.626,1.66,False,103.391,101.5895,4.2338792050383,22.46,62.23,410.6,229.7,100.666834218017,-2.14943705220063,121.1906,0.966,0,0.15399999999999991,-0.10900000000000021,0.10400000000000009,0,False,False,False,False,False,False,True,False,False
2018-02-01,UK,547377000000.0,104.5,4.2,395.88858,1.3931,0.5225,False,102.5803,100.5745,3.12104666271931,22.46,62.23,410.6,229.7,100.548217226084,0.0,110.0247,0.8706,0,0.11121000000000003,-0.12912999999999997,-0.10760000000000003,0,False,False,False,False,False,False,False,True,False
2018-02-01,USA,19882352000000.0,104.5777,4.0,123.65156,2.58,1.63,False,100.5715,101.341,-8.24759945130307,22.46,62.23,410.6,229.7,100.567867531971,0.249271667797091,119.4891,0.9500000000000002,0,0.0900000000000003,-0.1499999999999997,-0.1499999999999997,0,False,False,False,False,False,False,False,False,True
2018-03-01,Australia,534702000000.0,104.6668,5.580654,67.91407532123183,2.845,1.77,False,108.2845,100.3181,4.55813896925021,19.02,62.73,412.0,230.2,99.618021209119,87832100000.0,107.4866,1.0750000000000002,0,0.11800000000000033,0.2300000000000002,0.14900000000000024,0,True,False,False,False,False,False,False,False,False
2018-03-01,Canada,538679000000.0,104.6879,6.0,365.26809,2.32421052631579,1.1625,False,104.5009,101.895135929787,-0.0866717164646147,19.02,62.73,412.0,230.2,100.757578832682,0.126732827701814,107.9901,1.1617105263157899,0,0.12752870813396977,0.12313909774435983,7.416267942983445e-05,0,False,True,False,False,False,False,False,False,False
2018-03-01,France,568827900000.0,101.72,9.3,192.03059,0.98,-0.3285,False,102.4786,101.0807,0.898919966768213,19.02,62.73,412.0,230.2,101.360566638429,-0.767543859648834,110.4175,1.3085,0,0.13004545454545413,0.25950000000000006,0.2694130434782611,0,False,False,True,False,False,False,False,False,False
2018-03-01,Germany,805115210000.0,102.3171,3.3,97.52897,0.659,-0.3285,True,105.9278,102.0244,-1.65023917129448,19.02,62.73,412.0,230.2,101.47366193488,-2.99145299145263,108.9667,0.9875,0,0.184499999999999,0.350318181818182,0.3123260869565221,0,False,False,False,True,False,False,False,False,False
2018-03-01,Italy,429834500000.0,101.5,10.8,79.05917,2.081,-0.3285,False,106.9661,101.3516,-0.820910124557128,19.02,62.73,412.0,230.2,101.810009957892,-0.906344410876136,107.2522,2.4095,0,0.09704545454545377,0.2915000000000001,-0.029586956521738816,0,False,False,False,False,True,False,False,False,False
2018-03-01,Japan,138630900000000.0,101.298,2.5,92.89406312875501,0.045,0.007,False,102.1546,100.6991,3.27374487534422,19.02,62.73,412.0,230.2,100.651162050681,-0.777459417124937,110.6344,0.038,0,-0.0318,0.011499999999999996,0.039,0,False,False,False,False,False,True,False,False,False
2018-03-01,South Korea,443007600000000.0,104.210462510465,3.8,71.15735386381509,2.77,1.65,False,105.4296,101.4911,3.92977876356932,19.02,62.73,412.0,230.2,100.493424263812,1.46443514644352,121.8415,1.12,0,0.15400000000000014,0.030000000000000027,0.2230000000000001,0,False,False,False,False,False,False,True,False,False
2018-03-01,UK,547377000000.0,104.9,4.2,205.92891,1.6034,0.54683,False,103.9494,100.6444,-0.923275945005764,19.02,62.73,412.0,230.2,100.418636821464,-1.01112234580409,107.4874,1.0565699999999998,0,0.18596999999999975,0.24523999999999968,0.21365999999999974,0,False,False,False,False,False,False,False,True,False
2018-03-01,USA,19882352000000.0,105.052,4.1,94.00742,2.86,1.78,False,100.5087,101.3704,1.99962623808621,19.02,62.73,412.0,230.2,100.701583405507,-2.83519253740256,118.0817,1.0799999999999998,0,0.12999999999999967,0.04999999999999982,0.11999999999999988,0,False,False,False,False,False,False,False,False,True
2018-04-01,Australia,540338000000.0,104.6668,5.532626,84.09331934866829,2.713,1.93,False,108.2845,100.2929,-2.98100584516322,18.27,66.25,407.9,229.5,99.5331511359655,87832100000.0,106.5189,0.7830000000000001,0,-0.29200000000000004,-0.030000000000000027,-0.20699999999999985,0,True,False,False,False,False,False,False,False,False
2018-04-01,Canada,544941250000.0,105.004,5.8,449.62394,2.18857142857143,1.095,False,105.4971,101.895135929787,-1.58817969073858,18.27,66.25,407.9,229.5,100.62271301172,-0.549129571211959,107.2621,1.09357142857143,0,-0.06813909774435989,0.13830827067668983,0.024071428571429854,0,False,True,False,False,False,False,False,False,False
2018-04-01,France,568754500000.0,102.75,9.3,195.57214,0.83,-0.327904761904762,False,104.1457,100.7489,4.93816317456484,18.27,66.25,407.9,229.5,101.253021097769,0.552486187845491,112.9564,1.157904761904762,0,-0.150595238095238,0.16001002506265694,0.12852380952380993,0,False,False,True,False,False,False,False,False,False
2018-04-01,Germany,800254470000.0,102.9172,3.3,113.2594,0.52952380952381,-0.327904761904762,True,104.1881,102.0241,-0.206451639170491,18.27,66.25,407.9,229.5,101.406239971942,-0.881057268722918,110.4106,0.8574285714285719,0,-0.13007142857142817,0.23269172932330884,0.1809047619047629,0,False,False,False,True,False,False,False,False,False
2018-04-01,Italy,429419700000.0,101.8,10.9,77.47656,1.965,-0.327904761904762,False,106.1239,101.3399,2.37514108994301,18.27,66.25,407.9,229.5,101.705964257699,1.11788617886179,111.0204,2.292904761904762,0,-0.11659523809523797,0.17001002506265683,-0.14547619047618987,0,False,False,False,False,True,False,False,False,False
2018-04-01,Japan,138736325000000.02,100.9926,2.5,82.62126773002574,0.045,0.0118,False,104.1594,100.6634,3.57840954261184,18.27,66.25,407.9,229.5,100.647566022349,-0.0974658869389855,112.1202,0.0332,0,-0.004799999999999999,-0.0014999999999999944,-0.018299999999999997,0,False,False,False,False,False,True,False,False,False
2018-04-01,South Korea,448561500000000.0,104.10082831795,4.0,129.41899100517242,2.708,1.65,False,106.0563,101.3562,1.73356982409976,18.27,66.25,407.9,229.5,100.355984933497,1.1340206185567,122.2268,1.0580000000000003,0,-0.06199999999999983,0.24600000000000022,0.15200000000000014,0,False,False,False,False,False,False,True,False,False
2018-04-01,UK,547688000000.0,105.1,4.2,388.92644,1.508,0.62842,False,104.6867,100.7572,1.56067171381047,18.27,66.25,407.9,229.5,100.305890515018,0.408580183861007,110.3475,0.87958,0,-0.17698999999999976,0.12019000000000002,-0.054910000000000014,0,False,False,False,False,False,False,False,True,False
2018-04-01,USA,20044077000000.0,105.2895,4.0,136.33432,2.84,2.08,False,100.8772,101.5302,-1.30084279956021,18.27,66.25,407.9,229.5,100.822953698168,0.274688859883909,117.4013,0.7599999999999998,0,-0.32000000000000006,-0.10000000000000009,-0.1900000000000004,0,False,False,False,False,False,False,False,False,True
2018-05-01,Australia,540338000000.0,105.1312,5.546012,48.264544299275556,2.734,2.06,False,108.2845,100.2325,-11.6141694043375,14.12,69.98,406.9,229.3,99.5158554306187,87832100000.0,110.4375,0.6739999999999999,0,-0.10900000000000021,-0.2829999999999999,-0.3939999999999999,0,True,False,False,False,False,False,False,False,False
2018-05-01,Canada,544941250000.0,105.32,5.8,303.54075,2.24904761904762,1.165,False,107.0191,101.895135929787,-8.02857278321553,14.12,69.98,406.9,229.3,100.484198545619,0.121397243108268,111.3948,1.0840476190476198,0,-0.009523809523810156,0.049865800865799725,-0.006904761904760193,0,False,True,False,False,False,False,False,False,False
2018-05-01,France,568754500000.0,102.92,9.2,187.36111,0.78,-0.32845,False,104.8322,100.463,-0.706181441551715,14.12,69.98,406.9,229.3,101.126598335223,0.769230769230478,116.9777,1.10845,0,-0.04945476190476206,-0.07000454545454593,-0.031095454545455148,0,False,False,True,False,False,False,False,False,False
2018-05-01,Germany,800254470000.0,103.1172,3.2,127.53606,0.48,-0.32845,True,105.8312,101.9578,-2.46373026392219,14.12,69.98,406.9,229.3,101.309823699159,1.66666666666677,113.3236,0.80845,0,-0.04897857142857187,0.005449999999998956,0.10640454545454503,0,False,False,False,True,False,False,False,False,False
2018-05-01,Italy,429419700000.0,101.9,11.0,77.24938,1.773,-0.32845,False,107.9137,101.3537,-2.61558483118612,14.12,69.98,406.9,229.3,101.561597451489,0.0,111.8816,2.10145,0,-0.19145476190476218,-0.2110045454545464,-0.30209545454545506,0,False,False,False,False,True,False,False,False,False
2018-05-01,Japan,138736325000000.02,100.8908,2.5,87.16311268641984,0.05,0.0126,False,105.1618,100.6337,-2.4057548335468,14.12,69.98,406.9,229.3,100.63560126784,0.0088512981902155,114.9275,0.0374,0,0.004200000000000002,-0.0324,-0.0182,0,False,False,False,False,False,True,False,False,False
2018-05-01,South Korea,448561500000000.0,104.290579804995,3.8,103.85592549279596,2.655,1.65,False,104.4518,101.2573,0.544919210130512,14.12,69.98,406.9,229.3,100.23887621121,1.12130479102956,122.5063,1.005,0,-0.05300000000000038,0.038999999999999924,-0.07000000000000028,0,False,False,False,False,False,False,True,False,False
2018-05-01,UK,547688000000.0,105.5,4.2,289.22596,1.5108,0.75629,False,104.2654,100.8572,-2.95290463887555,14.12,69.98,406.9,229.3,100.211058671881,-1.01729399796568,116.5558,0.7545099999999999,0,-0.12507000000000013,-0.11609000000000014,-0.2452200000000001,0,False,False,False,False,False,False,False,True,False
2018-05-01,USA,20044077000000.0,105.708,4.0,108.21374,2.87,2.2,False,101.3515,101.6295,-2.26471134212,14.12,69.98,406.9,229.3,100.899725191006,-0.117919337054528,118.3035,0.6699999999999999,0,-0.08999999999999986,-0.28000000000000025,-0.42999999999999994,0,False,False,False,False,False,False,False,False,True
2018-06-01,Australia,540338000000.0,105.1312,5.435491,75.62255914197807,2.79,1.96,False,108.8305,100.178,2.83531881212837,13.68,67.87,406.5,228.4,99.5481525395382,88555900000.0,111.1684,0.8300000000000001,0,0.15600000000000014,-0.2450000000000001,-0.014999999999999902,0,True,False,False,False,False,False,False,False,False
2018-06-01,Canada,544941250000.0,105.399,5.9,257.34769,2.37545454545455,1.246,False,107.0303,101.895135929787,11.4506253471426,13.68,67.87,406.5,228.4,100.357597808131,0.0391129189967199,113.3493,1.12945454545455,0,0.045406926406930115,-0.03225598086123993,0.0908831168831199,0,False,True,False,False,False,False,False,False,False
2018-06-01,France,568754500000.0,103.36,9.1,303.05391,0.79,-0.325227272727273,False,103.7535,100.187,1.19429561845758,13.68,67.87,406.5,228.4,100.987633830482,-0.654307524536923,114.6062,1.115227272727273,0,0.0067772727272730204,-0.19327272727272704,0.06622727272727302,1,False,False,True,False,False,False,False,False,False
2018-06-01,Germany,800254470000.0,103.9173,3.2,178.88545,0.45,-0.325227272727273,True,105.1546,101.878,-4.4439351922519,13.68,67.87,406.5,228.4,101.200868894319,2.07650273224078,110.7576,0.775227272727273,0,-0.033222727272727015,-0.21227272727272706,0.13804545454545492,0,False,False,False,True,False,False,False,False,False
2018-06-01,Italy,429419700000.0,102.2,10.6,135.18133,2.18,-0.325227272727273,False,106.0186,101.3472,0.0395740366762265,13.68,67.87,406.5,228.4,101.387432921296,-1.10552763819096,106.125,2.5052272727272733,0,0.4037772727272735,0.09572727272727333,0.3872272727272734,1,False,False,False,False,True,False,False,False,False
2018-06-01,Japan,138736325000000.02,101.0944,2.2,83.90238955421768,0.03,0.0113,False,103.8861,100.611,0.271872196293166,13.68,67.87,406.5,228.4,100.632779354184,1.27626130280107,113.6132,0.0187,0,-0.0187,-0.019299999999999998,-0.007800000000000001,1,False,False,False,False,False,True,False,False,False
2018-06-01,South Korea,448561500000000.0,104.341180201541,3.8,134.96425153740816,2.757,1.65,False,107.5459,101.165,-3.3524775228261,13.68,67.87,406.5,228.4,100.138367529122,-0.806451612903225,119.3753,1.1070000000000002,0,0.10200000000000031,-0.0129999999999999,0.017000000000000126,0,False,False,False,False,False,False,True,False,False
2018-06-01,UK,547688000000.0,105.9,4.0,355.05524,1.5016,0.64355,False,103.7388,100.9044,2.6647038029036,13.68,67.87,406.5,228.4,100.12712034651,1.23329907502545,116.1057,0.8580500000000001,0,0.10354000000000019,-0.1985199999999997,0.046719999999999984,0,False,False,False,False,False,False,False,True,False
2018-06-01,USA,20044077000000.0,106.1477,3.8,124.93665,2.98,2.16,False,102.4445,101.5796,3.57075023741709,13.68,67.87,406.5,228.4,100.924984106646,-0.0692406142201674,118.5999,0.8199999999999998,0,0.1499999999999999,-0.26,-0.2100000000000002,0,False,False,False,False,False,False,False,False,True
2018-07-01,Australia,544406000000.0,105.1312,5.342403,92.40487617374431,2.697,2.07,False,108.8305,100.1813,1.4520203151926,13.15,70.98,416.4,227.6,99.6086792849492,88555900000.0,113.7427,0.6270000000000002,0,-0.20299999999999985,-0.15599999999999992,-0.18599999999999994,0,True,False,False,False,False,False,False,False,False
2018-07-01,Canada,549192000000.0,105.557,6.0,428.06865,2.20904761904762,1.2375,False,106.7753,101.895135929787,1.62964450518184,13.15,70.98,416.4,227.6,100.251228356762,2.79352543300633,114.5507,0.9715476190476198,0,-0.15790692640693016,-0.1220238095238102,0.016284461152879626,0,False,True,False,False,False,False,False,False,False
2018-07-01,France,571383700000.0,103.37,9.0,331.26208,0.75,-0.322047619047619,False,102.4688,99.93758,0.908967858146883,13.15,70.98,416.4,227.6,100.822376195265,0.768386388584585,114.3751,1.072047619047619,0,-0.04317965367965404,-0.08585714285714308,0.07415288220551386,1,False,False,True,False,False,False,False,False,False
2018-07-01,Germany,806760590000.0,104.0173,3.2,209.00205,0.327142857142857,-0.322047619047619,True,106.701,101.7984,7.15806804261234,13.15,70.98,416.4,227.6,101.095818746327,-1.71306209850099,109.9421,0.6491904761904761,0,-0.1260367965367969,-0.20823809523809578,0.02445363408521306,0,False,False,False,True,False,False,False,False,False
2018-07-01,Italy,429678400000.0,102.4,10.7,129.37376,2.744,-0.322047619047619,False,107.0714,101.1987,-2.23532183976054,13.15,70.98,416.4,227.6,101.193732620639,1.52439024390216,105.9577,3.066047619047619,0,0.5608203463203458,0.7731428571428571,0.943152882205514,1,False,False,False,False,True,False,False,False,False
2018-07-01,Japan,139234075000000.02,100.9926,2.4,89.525290856116,0.03,0.012,False,104.1594,100.6065,2.26089015999056,13.15,70.98,416.4,227.6,100.63218271031,-0.683994927743392,111.4653,0.018,0,-0.0007000000000000027,-0.015200000000000002,-0.016699999999999996,1,False,False,False,False,False,True,False,False,False
2018-07-01,South Korea,451648700000000.0,104.130345215935,3.6,126.32938875082154,2.656,1.65,False,108.1119,101.0317,0.166053377307929,13.15,70.98,416.4,227.6,100.042572211561,-0.914634146341475,113.5768,1.0060000000000002,0,-0.10099999999999998,-0.052000000000000046,0.19400000000000017,0,False,False,False,False,False,False,True,False,False
2018-07-01,UK,548600000000.0,105.9,4.0,371.71624,1.4229,0.63868,False,103.1069,101.0262,-1.95509208195823,13.15,70.98,416.4,227.6,100.030295534622,1.92893401015259,116.0167,0.78422,0,-0.07383000000000006,-0.09536,0.02483000000000002,0,False,False,False,False,False,False,False,True,False
2018-07-01,USA,20150476000000.0,106.3168,4.0,108.6274,2.91,2.19,False,101.4972,101.4953,-3.92444525949033,13.15,70.98,416.4,227.6,100.907876380411,1.28363702209724,119.5296,0.7200000000000002,0,-0.09999999999999964,-0.03999999999999959,-0.13999999999999968,0,False,False,False,False,False,False,False,False,True
2018-08-01,Australia,544406000000.0,105.4098,5.297526,107.84212287570651,2.637,2.02,False,108.8305,100.2484,-5.1596971562331,12.55,68.06,397.4,225.7,99.6626070630325,88555900000.0,114.5102,0.617,0,-0.010000000000000231,-0.05699999999999994,-0.33999999999999986,0,True,False,False,False,False,False,False,False,False
2018-08-01,Canada,549192000000.0,106.1101,5.9,292.01766,2.18714285714286,1.375,False,107.6146,101.895135929787,-6.76566190403783,12.55,68.06,397.4,225.7,100.141992596898,-0.564821330087284,113.9279,0.8121428571428599,0,-0.15940476190475983,-0.2719047619047599,-0.22203896103896015,0,False,True,False,False,False,False,False,False,False
2018-08-01,France,571383700000.0,103.28,9.0,239.72984,0.67,-0.320727272727273,False,104.5772,99.71651,0.364232943992728,12.55,68.06,397.4,225.7,100.618273257955,-0.21786492374769,115.151,0.9907272727272731,0,-0.0813203463203458,-0.11772272727272681,-0.18772727272727274,1,False,False,True,False,False,False,False,False,False
2018-08-01,Germany,806760590000.0,104.4174,3.2,219.13716,0.274545454545455,-0.320727272727273,True,106.4111,101.7152,0.784930548872409,12.55,68.06,397.4,225.7,101.000019480576,0.76252723311514,109.6395,0.5952727272727281,0,-0.05391774891774803,-0.21317727272727194,-0.20772727272727298,0,False,False,False,True,False,False,False,False,False
2018-08-01,Italy,429678400000.0,102.7,10.3,101.33783,2.643,-0.320727272727273,False,107.4925,101.2872,2.98209417486255,12.55,68.06,397.4,225.7,101.001037401506,-0.700700700700385,102.8671,2.9637272727272728,0,-0.10232034632034637,0.862277272727273,0.6512727272727266,1,False,False,False,False,True,False,False,False,False
2018-08-01,Japan,139234075000000.02,100.9926,2.5,87.47138281526946,0.06,0.0132,False,103.7038,100.5815,-3.1787255865766,12.55,68.06,397.4,225.7,100.620440222716,0.295365842189477,110.9412,0.046799999999999994,0,0.028799999999999996,0.009399999999999992,-0.023000000000000007,1,False,False,False,False,False,True,False,False,False
2018-08-01,South Korea,451648700000000.0,103.931106154537,3.8,155.15387288758882,2.549,1.65,False,107.3629,100.736,1.73778723805011,12.55,68.06,397.4,225.7,99.9370638572364,0.512820512820511,113.5002,0.899,0,-0.1070000000000002,-0.10599999999999987,-0.06699999999999995,0,False,False,False,False,False,False,True,False,False
2018-08-01,UK,548600000000.0,105.9,4.0,372.04322,1.3739,0.74619,False,105.4239,101.067,-0.0184337799124523,12.55,68.06,397.4,225.7,99.8711391309574,-0.398406374501925,115.3089,0.6277099999999999,0,-0.15651000000000015,-0.12680000000000002,-0.24289000000000016,0,False,False,False,False,False,False,False,True,False
2018-08-01,USA,20150476000000.0,106.324,3.8,133.08625,2.89,2.17,False,102.2915,101.4384,-0.229051345676623,12.55,68.06,397.4,225.7,100.859673387217,-0.628938047400374,121.2815,0.7200000000000002,0,0.0,0.050000000000000266,-0.22999999999999998,0,False,False,False,False,False,False,False,False,True
2018-09-01,Australia,544406000000.0,105.4098,5.244595,87.8907205648325,2.59,1.96,False,108.8027,100.3364,0.891643191710867,12.91,70.23,382.3,224.5,99.679132407211,88911900000.0,112.6868,0.6299999999999999,0,0.0129999999999999,-0.20000000000000018,-0.4450000000000003,0,True,False,False,False,False,False,False,False,False
2018-09-01,Canada,549192000000.0,106.0311,6.0,359.61874,2.29545454545455,1.488,False,108.2865,101.895135929787,-2.08706908157766,12.91,70.23,382.3,224.5,100.001748332148,-0.508740389397477,112.5069,0.8074545454545499,0,-0.004688311688310076,-0.32200000000000006,-0.35425598086124,1,False,True,False,False,False,False,False,False,False
2018-09-01,France,571383700000.0,103.78,8.9,184.52117,0.7,-0.319,False,104.0673,99.57571,30.8402471496571,12.91,70.23,382.3,224.5,100.365263628235,0.0,114.0404,1.019,0,0.028272727272726783,-0.09622727272727305,-0.2895000000000001,1,False,False,True,False,False,False,False,False,False
2018-09-01,Germany,806760590000.0,104.5174,3.2,174.6761,0.290869565217391,-0.319,True,104.5747,101.6299,15.6626300578618,12.91,70.23,382.3,224.5,100.918402342367,0.0,107.3357,0.609869565217391,0,0.014596837944662933,-0.165357707509882,-0.37763043478260905,0,False,False,False,True,False,False,False,False,False
2018-09-01,Italy,429678400000.0,103.1,10.1,87.70553,3.161,-0.319,False,106.4397,101.419,3.09580904662194,12.91,70.23,382.3,224.5,100.806816515364,0.0,102.8113,3.48,0,0.5162727272727272,0.9747727272727267,1.0705,1,False,False,False,False,True,False,False,False,False
2018-09-01,Japan,139234075000000.02,101.6035,2.5,115.66832475683918,0.11,0.011,False,103.5215,100.5616,1.52406681038599,12.91,70.23,382.3,224.5,100.603624800558,0.484966052375224,112.7055,0.099,0,0.05220000000000001,0.08030000000000001,0.061000000000000006,1,False,False,False,False,False,True,False,False,False
2018-09-01,South Korea,451648700000000.0,104.850346691779,4.6,149.48441413388326,2.458,1.65,False,107.9044,100.3496,0.818674418454735,12.91,70.23,382.3,224.5,99.827728888473,0.408163265306127,114.9615,0.8080000000000003,0,-0.09099999999999975,-0.29899999999999993,-0.31199999999999983,0,False,False,False,False,False,False,True,False,False
2018-09-01,UK,548600000000.0,106.5,4.1,302.5618,1.3991,0.80519,False,103.9494,101.1471,3.59540117215873,12.91,70.23,382.3,224.5,99.6351389015875,1.19999999999976,111.9961,0.59391,0,-0.03379999999999983,-0.26414000000000004,-0.46265999999999974,1,False,False,False,False,False,False,False,True,False
2018-09-01,USA,20150476000000.0,106.3831,3.8,99.13562,2.89,2.19,False,102.4313,101.4075,-2.104457623876,12.91,70.23,382.3,224.5,100.783386833774,0.401130701341601,122.2612,0.7000000000000002,0,-0.020000000000000018,-0.11999999999999966,-0.37999999999999967,0,False,False,False,False,False,False,False,False,True
2018-10-01,Australia,546654000000.0,105.4098,5.019327,81.04080926852389,2.631,1.93,False,108.8027,100.2861,-1.28258680877154,19.35,70.75,369.6,223.7,99.6450886836091,88911900000.0,108.1136,0.7009999999999998,0,0.07099999999999995,0.07399999999999962,-0.0820000000000003,0,True,False,False,False,False,False,False,False,False
2018-10-01,Canada,551962250000.0,105.636,5.8,271.83504,2.35368421052632,1.5175,False,108.0749,101.895135929787,4.3212939300479,19.35,70.75,369.6,223.7,99.8206207956339,0.276816608997121,107.8389,0.8361842105263197,0,0.028729665071769883,-0.13536340852130002,-0.2573872180451102,1,False,True,False,False,False,False,False,False,False
2018-10-01,France,573973400000.0,103.56,8.9,230.68047,0.77,-0.31885,False,104.3517,99.36288,-34.2543628749008,19.35,70.75,369.6,223.7,100.069508500553,0.0,109.2244,1.08885,0,0.06985000000000019,0.01680238095238118,-0.0690547619047619,1,False,False,True,False,False,False,False,False,False
2018-10-01,Germany,799270960000.0,104.7175,3.1,231.35667,0.3705,-0.31885,True,106.0245,101.6129,-35.4334539929035,19.35,70.75,369.6,223.7,100.832058859974,-0.324324324324698,101.9068,0.68935,0,0.07948043478260902,0.04015952380952392,-0.16807857142857185,0,False,False,False,True,False,False,False,False,False
2018-10-01,Italy,430011500000.0,102.6,10.3,109.44738,2.959,-0.31885,False,107.282,101.5266,-20.3146195482658,19.35,70.75,369.6,223.7,100.621796024293,0.403225806451535,95.61775,3.27785,0,-0.20215000000000005,0.2118023809523808,0.9849452380952379,1,False,False,False,False,True,False,False,False,False
2018-10-01,Japan,138456525000000.0,101.7053,2.3,108.79984285531879,0.125,0.012,False,103.8861,100.525,-3.26080996411784,19.35,70.75,369.6,223.7,100.587070515274,-0.31336804883777,110.0826,0.113,0,0.013999999999999999,0.095,0.07980000000000001,1,False,False,False,False,False,True,False,False,False
2018-10-01,South Korea,454433900000000.0,105.650465462155,4.1,153.9600571840882,2.315,1.65,False,108.3184,100.0624,-8.3289782552471,19.35,70.75,369.6,223.7,99.7229072342624,-0.304878048780499,107.629,0.665,0,-0.14300000000000024,-0.3410000000000002,-0.39300000000000024,1,False,False,False,False,False,False,True,False,False
2018-10-01,UK,550425000000.0,106.6,4.1,364.96503,1.5023,0.80093,False,103.9494,101.0671,-16.3327734609598,19.35,70.75,369.6,223.7,99.3266585751415,0.197628458498422,108.2222,0.7013699999999999,0,0.10745999999999989,-0.08285000000000009,-0.1782100000000001,1,False,False,False,False,False,False,False,True,False
2018-10-01,USA,20276154000000.0,106.5067,3.7,102.6602,3.0,2.24,False,103.172,101.4186,2.28649599374644,19.35,70.75,369.6,223.7,100.681921124688,-0.187423406467802,117.4184,0.7599999999999998,0,0.05999999999999961,0.03999999999999959,0.0,0,False,False,False,False,False,False,False,False,True
2018-11-01,Australia,546654000000.0,105.8742,5.000217,75.76948960177458,2.682,1.93,False,108.8027,100.1776,-5.80879738470541,19.39,56.96,376.3,225.6,99.5717010171402,88911900000.0,105.1629,0.752,0,0.051000000000000156,0.135,0.07800000000000007,0,True,False,False,False,False,False,False,False,False
2018-11-01,Canada,551962250000.0,105.9521,5.6,296.15428,2.48863636363636,1.66,False,107.9822,101.895135929787,-5.59887607163942,19.39,56.96,376.3,225.6,99.5949870243861,0.649873475960061,105.6134,0.8286363636363603,0,-0.007547846889959464,0.016493506493500343,-0.25541125541125953,1,False,True,False,False,False,False,False,False,False
2018-11-01,France,573973400000.0,103.67,8.8,302.29285,0.82,-0.317695652173913,False,103.2337,99.07351,3.73479936657803,19.39,56.96,376.3,225.6,99.773654827203,0.327510917030316,106.1412,1.137695652173913,0,0.0488456521739129,0.14696837944663987,0.02924565217391306,1,False,False,True,False,False,False,False,False,False
2018-11-01,Germany,799270960000.0,104.9175,3.1,193.90706,0.399090909090909,-0.317695652173913,True,104.768,101.6007,17.0377417728283,19.39,56.96,376.3,225.6,100.723185140516,0.108459869848887,99.33119,0.716786561264822,0,0.027436561264821968,0.12151383399209392,-0.09166343873517802,0,False,False,False,True,False,False,False,False,False
2018-11-01,Italy,430011500000.0,102.6,10.7,148.87244,3.469,-0.317695652173913,False,107.4925,101.673,8.77228672834296,19.39,56.96,376.3,225.6,100.449623351051,-0.401606425702727,93.08559,3.786695652173913,0,0.5088456521739131,0.8229683794466403,1.6852456521739132,1,False,False,False,False,True,False,False,False,False
2018-11-01,Japan,138456525000000.0,102.0107,2.4,103.01435918252199,0.13,0.0132,False,102.1546,100.4493,1.3699212681149,19.39,56.96,376.3,225.6,100.569440047479,-0.580850340235284,106.102,0.1168,0,0.003799999999999998,0.07,0.0794,1,False,False,False,False,False,True,False,False,False
2018-11-01,South Korea,454433900000000.0,105.460713975109,4.0,176.21107926746345,2.338,1.68,False,106.1627,99.90397,7.59192589426922,19.39,56.96,376.3,225.6,99.6197190198671,-1.63098878695209,103.5867,0.6580000000000001,0,-0.006999999999999895,-0.24099999999999988,-0.34699999999999975,1,False,False,False,False,False,False,True,False,False
2018-11-01,UK,550425000000.0,106.7,4.0,451.38799,1.5462,0.80618,False,103.6335,100.883,11.2236504775364,19.39,56.96,376.3,225.6,98.9657925894345,-0.295857988166304,106.7632,0.74002,0,0.03865000000000007,0.11231000000000013,-0.014489999999999892,1,False,False,False,False,False,False,False,True,False
2018-11-01,USA,20276154000000.0,106.6949,3.8,111.51257,3.15,2.37,False,103.2091,101.5003,4.89109667558256,19.39,56.96,376.3,225.6,100.540526287642,-0.342779930371773,115.5294,0.7799999999999998,0,0.020000000000000018,0.05999999999999961,0.10999999999999988,0,False,False,False,False,False,False,False,False,True
2018-12-01,Australia,546654000000.0,105.8742,5.108704,88.82538475204291,2.683,1.94,False,109.5539,100.1586,1.80833747516398,24.95,49.52,375.4,227.5,99.4838611521431,88714300000.0,102.0617,0.7429999999999999,0,-0.009000000000000119,0.11299999999999999,-0.08700000000000019,1,True,False,False,False,False,False,False,False,False
2018-12-01,Canada,551962250000.0,105.478,5.7,322.54407,2.40761904761905,1.7125,False,108.1357,101.895135929787,-3.67274833379044,24.95,49.52,375.4,227.5,99.3399600427493,0.0990419595068737,100.9393,0.6951190476190501,0,-0.1335173160173102,-0.11233549783549979,-0.43433549783549985,1,False,True,False,False,False,False,False,False,False
2018-12-01,France,573973400000.0,103.45,8.8,274.4579,0.76,-0.316363636363636,False,104.7243,98.90532,0.868112560845646,24.95,49.52,375.4,227.5,99.533012706028,0.544069640914224,100.1675,1.076363636363636,0,-0.06133201581027703,0.05736363636363606,-0.03886363636363699,1,False,False,True,False,False,False,False,False,False
2018-12-01,Germany,799270960000.0,104.2174,3.1,148.17275,0.314090909090909,-0.316363636363636,True,104.4781,101.5666,1.88794738859652,24.95,49.52,375.4,227.5,100.578419261134,0.650054171180803,93.78859,0.6304545454545449,0,-0.08633201581027705,0.020584980237153938,-0.14477272727272805,0,False,False,False,True,False,False,False,False,False
2018-12-01,Italy,430011500000.0,102.4,10.5,139.26295,3.39,-0.316363636363636,False,107.1767,101.7263,3.28832605082805,24.95,49.52,375.4,227.5,100.285116109106,0.504032258064502,90.77139,3.706363636363636,0,-0.08033201581027694,0.2263636363636361,1.2011363636363628,1,False,False,False,False,True,False,False,False,False
2018-12-01,Japan,138456525000000.0,101.8071,2.5,111.16999815598572,0.085,0.008,False,105.8909,100.3485,2.06269055152994,24.95,49.52,375.4,227.5,100.535990673747,-0.492245682715786,100.4797,0.07700000000000001,0,-0.03979999999999999,-0.021999999999999992,0.05830000000000001,1,False,False,False,False,False,True,False,False,False
2018-12-01,South Korea,454433900000000.0,104.711195601279,3.8,203.24537110302975,2.209,1.71,False,108.4631,99.74924,-3.39462154608792,24.95,49.52,375.4,227.5,99.5178319159559,1.34715025906735,102.8254,0.4990000000000001,0,-0.15900000000000003,-0.30900000000000016,-0.6080000000000001,1,False,False,False,False,False,False,True,False,False
2018-12-01,UK,550425000000.0,106.9,4.0,451.17167,1.4541,0.87483,False,102.7909,100.6842,-0.773189892839621,24.95,49.52,375.4,227.5,98.6124010407535,-0.593471810088453,102.8222,0.57927,0,-0.16075000000000006,-0.014640000000000097,-0.27878000000000014,1,False,False,False,False,False,False,False,True,False
2018-12-01,USA,20276154000000.0,106.3375,3.8,130.22387,3.12,2.56,False,103.0323,101.4828,-4.60837887067385,24.95,49.52,375.4,227.5,100.35456538708,0.797002444900308,108.7552,0.56,0,-0.21999999999999975,-0.14000000000000012,-0.2599999999999998,0,False,False,False,False,False,False,False,False,True
2019-01-01,Australia,547965000000.00006,105.8742,5.011407,110.49185760858613,2.431,2.02,False,109.5539,100.2209,-4.64012093960799,19.57,51.38,375.8,230.2,99.4176416560933,88714300000.0,105.4888,0.41100000000000003,0,-0.33199999999999985,-0.2899999999999998,-0.2160000000000002,1,True,False,False,False,False,False,False,False,False
2019-01-01,Canada,553262500000.0,105.399,5.6,290.39466,2.05789473684211,1.66,False,107.3562,101.895135929787,-1.68207796605726,19.57,51.38,375.8,230.2,99.0753021919386,-0.947578727047282,104.6165,0.3978947368421102,0,-0.2972243107769399,-0.43828947368420956,-0.5736528822055096,1,False,True,False,False,False,False,False,False,False
2019-01-01,France,577133900000.0,103.47,8.8,339.57652,0.7,-0.311894736842105,False,103.4102,98.64995,-9.22490891023518,19.57,51.38,375.8,230.2,99.364016796194,-0.324675324675072,101.2198,1.011894736842105,0,-0.06446889952153101,-0.07695526315789514,-0.06015288220551396,1,False,False,True,False,False,False,False,False,False
2019-01-01,Germany,806155360000.0,104.2174,3.1,225.89791,0.187058823529412,-0.311894736842105,True,102.5451,101.5326,-0.920984276298686,19.57,51.38,375.8,230.2,100.408355623998,-0.107642626479909,95.57957,0.498953560371517,0,-0.13150098508302793,-0.19039643962848302,-0.1502369158189591,0,False,False,False,True,False,False,False,False,False
2019-01-01,Italy,431297400000.0,102.3,10.3,187.63555,2.975,-0.311894736842105,False,105.2816,101.6208,5.46215245098567,19.57,51.38,375.8,230.2,100.123925796591,0.300902708123951,93.83179,3.286894736842105,0,-0.4194688995215312,0.009044736842104939,0.22084711779448574,1,False,False,False,False,True,False,False,False,False
2019-01-01,Japan,138276875000000.0,101.5017,2.5,139.16933421416434,-0.01,0.01,False,104.3417,100.2384,-3.42819963498699,19.57,51.38,375.8,230.2,100.478185525214,0.782558139534828,98.93965,-0.02,1,-0.09700000000000002,-0.133,-0.038,1,False,False,False,False,False,True,False,False,False
2019-01-01,South Korea,457361200000000.0,104.350667775893,3.6,243.03355805315084,1.992,1.91,False,106.1584,99.59535,-0.593516912452974,19.57,51.38,375.8,230.2,99.4328290320765,1.02249488752557,104.3822,0.08200000000000007,0,-0.41700000000000004,-0.583,-0.9240000000000002,1,False,False,False,False,False,False,True,False,False
2019-01-01,UK,551128000000.0,107.1,3.9,468.74661,1.3125,0.90444,False,101.6324,100.4245,-2.07280476236609,19.57,51.38,375.8,230.2,98.295675810589,1.09452736318363,103.9577,0.40806,0,-0.17120999999999997,-0.29330999999999996,-0.37616000000000005,1,False,False,False,False,False,False,False,True,False
2019-01-01,USA,20304874000000.0,105.9979,3.9,166.28681,2.83,2.69,False,103.0927,101.3758,0.57284704983771,19.57,51.38,375.8,230.2,100.141410210461,0.694454312595094,111.1662,0.14000000000000012,0,-0.41999999999999993,-0.6199999999999997,-0.5800000000000001,0,False,False,False,False,False,False,False,False,True
2019-02-01,Australia,547965000000.00006,105.967,5.048726,104.4728977883314,2.271,2.07,False,109.5539,100.2191,7.86162834373079,15.23,54.95,371.1,228.5,99.4067614384059,88714300000.0,110.6188,0.20100000000000007,0,-0.20999999999999996,-0.5509999999999999,-0.4159999999999999,1,True,False,False,False,False,False,False,False,False
2019-02-01,Canada,553262500000.0,105.557,5.7,301.89997,1.95363636363636,1.634,False,106.21,101.895135929787,-3.14375479560205,15.23,54.95,371.1,228.5,98.8300629432418,0.835622490730725,110.2759,0.31963636363636017,0,-0.07825837320575002,-0.5090000000000001,-0.4925064935064998,1,False,True,False,False,False,False,False,False,False
2019-02-01,France,577133900000.0,103.01,8.8,363.04774,0.65,-0.308,False,104.6557,98.54762,12.5298051576292,15.23,54.95,371.1,228.5,99.2858728406794,-0.651465798046014,107.0714,0.958,0,-0.053894736842104995,-0.17969565217391303,-0.03272727272727316,1,False,False,True,False,False,False,False,False,False
2019-02-01,Germany,806155360000.0,103.4172,3.0,168.08723,0.132727272727273,-0.308,True,103.7049,101.5079,12.7020765844115,15.23,54.95,371.1,228.5,100.209319550405,0.431034482757919,98.1282,0.44072727272727297,0,-0.058226287644244035,-0.276059288537549,-0.1545454545454551,0,False,False,False,True,False,False,False,False,False
2019-02-01,Italy,431297400000.0,102.4,10.4,169.99784,2.77,-0.308,False,105.808,101.4397,-3.38623673721647,15.23,54.95,371.1,228.5,99.9601442335842,-0.199999999999734,97.8409,3.078,0,-0.20889473684210502,-0.7086956521739132,0.11427272727272708,1,False,False,False,False,True,False,False,False,False
2019-02-01,Japan,138276875000000.0,101.5017,2.5,129.49327038047764,0.0,0.0135,False,104.4328,100.1284,-0.776915260934574,15.23,54.95,371.1,228.5,100.396680804838,1.07393471358284,102.4915,-0.0135,1,0.006500000000000001,-0.1303,-0.06029999999999999,1,False,False,False,False,False,True,False,False,False
2019-02-01,South Korea,457361200000000.0,104.241033583378,3.9,249.4365022025931,1.991,1.87,False,103.9996,99.5981,-0.973525079041038,15.23,54.95,371.1,228.5,99.3774623880222,0.202429149797578,109.8446,0.121,0,0.038999999999999924,-0.5370000000000001,-0.778,1,False,False,False,False,False,False,True,False,False
2019-02-01,UK,551128000000.0,106.4,4.0,406.9074,1.3221,0.91822,False,101.2112,100.1209,6.15523608291513,15.23,54.95,371.1,228.5,98.0457063960602,0.0984251968506156,108.3783,0.40388,0,-0.0041799999999999615,-0.33614,-0.22382999999999986,1,False,False,False,False,False,False,False,True,False
2019-02-01,USA,20304874000000.0,106.2,4.0,201.03201,2.71,2.59,False,103.0867,101.2088,-2.08847541294865,15.23,54.95,371.1,228.5,99.9236272626943,-2.27389394100206,117.2234,0.1200000000000001,0,-0.020000000000000018,-0.6599999999999997,-0.6000000000000001,1,False,False,False,False,False,False,False,False,True
2019-03-01,Australia,547965000000.00006,105.967,4.990817,140.26930158940172,2.126,1.96,False,110.3031,100.1406,-6.66862398182379,14.49,58.15,379.9,229.3,99.4550561904353,88721600000.0,112.5764,0.16599999999999993,0,-0.03500000000000014,-0.577,-0.46399999999999997,1,True,False,False,False,False,False,False,False,False
2019-03-01,Canada,553262500000.0,106.2681,5.8,266.60596,1.90736842105263,1.665,False,106.2474,101.895135929787,-2.14572302732144,14.49,58.15,379.9,229.3,98.6439009550331,-0.706774365617469,112.4168,0.24236842105263,0,-0.07726794258373015,-0.45275062656642007,-0.5650861244019199,1,False,True,False,False,False,False,False,False,False
2019-03-01,France,577133900000.0,103.06,8.7,267.5836,0.55,-0.30845,False,105.1754,98.90887,4.93556592961171,14.49,58.15,379.9,229.3,99.3179697005067,1.53005464480906,110.9524,0.85845,0,-0.09954999999999992,-0.21791363636363592,-0.16054999999999986,1,False,False,True,False,False,False,False,False,False
2019-03-01,Germany,806155360000.0,103.8173,3.0,155.94647,0.0555,-0.30845,True,103.4149,101.5225,1.96348381154565,14.49,58.15,379.9,229.3,99.9935901390298,1.07296137339064,100.2103,0.36395,0,-0.07677727272727297,-0.26650454545454494,-0.245919565217391,0,False,False,False,True,False,False,False,False,False
2019-03-01,Italy,431297400000.0,102.5,10.5,158.58832,2.812,-0.30845,False,106.6503,101.2489,4.34449000640751,14.49,58.15,379.9,229.3,99.78594030627,0.400801603206857,102.1769,3.12045,0,0.0424500000000001,-0.5859136363636361,-0.35955000000000004,1,False,False,False,False,True,False,False,False,False
2019-03-01,Japan,138276875000000.0,101.5017,2.4,119.90710319873503,-0.015,0.012,False,101.9724,99.99363,4.00269675988283,14.49,58.15,379.9,229.3,100.308071945165,-1.05162523900565,103.3572,-0.027,1,-0.0135,-0.10400000000000001,-0.126,1,False,False,False,False,False,True,False,False,False
2019-03-01,South Korea,457361200000000.0,104.691166277647,3.9,146.82376112382318,1.988,1.87,False,104.9965,99.72277,-1.76241447858035,14.49,58.15,379.9,229.3,99.3370993102157,2.72727272727273,107.5734,0.11799999999999988,0,-0.0030000000000001137,-0.3810000000000002,-0.6900000000000004,1,False,False,False,False,False,False,True,False,False
2019-03-01,UK,551128000000.0,106.8,3.8,460.38434,1.239,0.87598,False,102.5803,99.83685,-0.0890236554637047,14.49,58.15,379.9,229.3,97.8878028482895,-0.294985250737179,109.2462,0.3630200000000001,0,-0.040859999999999896,-0.21624999999999983,-0.23088999999999993,1,False,False,False,False,False,False,False,True,False
2019-03-01,USA,20304874000000.0,106.6489,3.8,106.90066,2.68,2.49,False,102.4705,101.0089,-7.44618964514252,14.49,58.15,379.9,229.3,99.7229195836628,0.388156584172838,118.283,0.18999999999999995,0,0.06999999999999984,-0.3700000000000001,-0.5100000000000002,1,False,False,False,False,False,False,False,False,True
2019-04-01,Australia,551170000000.0,105.967,5.092616,106.83220029324232,1.957,1.83,False,110.3031,100.1078,-0.165889007520648,12.95,63.86,386.7,231.1,99.5538144645362,88721600000.0,114.2022,0.127,0,-0.038999999999999924,-0.28400000000000003,-0.5739999999999998,1,True,False,False,False,False,False,False,False,False
2019-04-01,Canada,554594000000.0,106.9792,5.8,250.53673,1.71238095238095,1.66,False,106.1222,101.895135929787,7.8981954543268,12.95,63.86,386.7,231.1,98.5103729924322,-0.606281537191966,114.9087,0.052380952380949974,0,-0.18998746867168004,-0.3455137844611602,-0.7838032581453698,1,False,True,False,False,False,False,False,False,False
2019-04-01,France,581102300000.0,103.89,8.7,238.68935,0.44,-0.309190476190476,False,105.3912,99.31913,4.63096652512348,12.95,63.86,386.7,231.1,99.4182532959946,0.538213132400611,115.1051,0.749190476190476,0,-0.10925952380952408,-0.262704260651629,-0.33965952380952413,1,False,False,True,False,False,False,False,False,False
2019-04-01,Germany,811678230000.0,104.2174,3.0,248.37472,0.010952380952381,-0.309190476190476,True,102.8351,101.5369,-2.85411990958178,12.95,63.86,386.7,231.1,99.7758592385147,0.424628450106379,104.3918,0.320142857142857,0,-0.04380714285714299,-0.17881070322866,-0.369207142857143,0,False,False,False,True,False,False,False,False,False
2019-04-01,Italy,431670600000.0,102.8,10.3,107.76083,2.69,-0.309190476190476,False,106.8609,101.0335,-2.51346144522516,12.95,63.86,386.7,231.1,99.6299165276823,-0.598802395209919,105.7595,2.999190476190476,0,-0.12125952380952398,-0.2877042606516289,-0.27865952380952397,1,False,False,False,False,True,False,False,False,False
2019-04-01,Japan,138595000000000.0,101.5017,2.5,123.05215206179591,-0.095,0.01,False,103.5215,99.85791,-1.14550425838426,12.95,63.86,386.7,231.1,100.225609406773,-0.483091787440038,104.3061,-0.105,1,-0.078,-0.08499999999999999,-0.218,1,False,False,False,False,False,True,False,False,False
2019-04-01,South Korea,457051400000000.0,104.490873041321,3.8,172.99476266424512,1.953,1.9,False,101.613,99.90417,0.85706676815962,12.95,63.86,386.7,231.1,99.2998128141987,-5.21140609636185,109.9903,0.05300000000000016,0,-0.06499999999999972,-0.028999999999999915,-0.6119999999999999,1,False,False,False,False,False,False,True,False,False
2019-04-01,UK,555141000000.0,107.0,3.8,417.98173,1.19,0.84,False,103.2122,99.70806,1.97193219476313,12.95,63.86,386.7,231.1,97.8244438138217,0.197238658776611,112.7637,0.35,0,-0.013020000000000143,-0.05806,-0.35136999999999996,1,False,False,False,False,False,False,False,True,False
2019-04-01,USA,20415150000000.0,107.2505,3.8,140.24737,2.57,2.48,False,101.9315,101.0619,4.81877226063276,12.95,63.86,386.7,231.1,99.5566346648738,-0.0795477094213126,121.0378,0.08999999999999986,0,-0.10000000000000009,-0.050000000000000266,-0.6699999999999999,1,False,False,False,False,False,False,False,False,True
2019-05-01,Australia,551170000000.0,106.71,5.222229,102.84971917052405,1.865,1.68,False,110.3031,100.0131,-4.50749025927727,16.72,60.83,394.6,230.7,99.6828698031924,88721600000.0,116.0654,0.18500000000000005,0,0.05800000000000005,-0.016000000000000014,-0.567,1,True,False,False,False,False,False,False,False,False
2019-05-01,Canada,554594000000.0,107.4533,5.7,297.64712,1.72428571428571,1.675,False,107.2952,101.895135929787,-8.35944838879533,16.72,60.83,394.6,230.7,98.4189420551502,0.509603320142693,113.8178,0.049285714285709936,0,-0.0030952380952400382,-0.27035064935065023,-0.7793506493506503,1,False,True,False,False,False,False,False,False,False
2019-05-01,France,581102300000.0,104.22,8.5,206.50388,0.37,-0.31045,False,105.0872,99.59766,-5.37566514754182,16.72,60.83,394.6,230.7,99.5385406270962,-0.214132762313068,111.9079,0.68045,0,-0.06874047619047596,-0.27754999999999996,-0.457245652173913,1,False,False,True,False,False,False,False,False,False
2019-05-01,Germany,811678230000.0,105.2175,2.9,198.25049,-0.0395,-0.31045,True,103.8982,101.5426,-0.261610671473822,16.72,60.83,394.6,230.7,99.5557813192912,0.317124735729757,102.5912,0.27095,0,-0.04919285714285698,-0.16977727272727294,-0.44583656126482196,0,False,False,False,True,False,False,False,False,False
2019-05-01,Italy,431670600000.0,103.0,10.3,145.08564,2.618,-0.31045,False,105.9133,100.8348,3.4044103315565,16.72,60.83,394.6,230.7,99.5147422507557,-0.301204819277068,101.3312,2.9284499999999998,0,-0.07074047619047619,-0.14955000000000007,-0.8582456521739132,1,False,False,False,False,True,False,False,False,False
2019-05-01,Japan,138595000000000.0,101.8071,2.4,115.75996527911155,-0.045,0.0123,False,102.7014,99.7089,0.926395256278179,16.72,60.83,394.6,230.7,100.147646237793,-0.0970873786398818,100.5274,-0.0573,1,0.0477,-0.0438,-0.1741,1,False,False,False,False,False,True,False,False,False
2019-05-01,South Korea,457051400000000.0,104.870376015412,4.1,138.91117841228063,1.889,1.86,False,103.7591,100.0255,0.254707646518582,16.72,60.83,394.6,230.7,99.2397016266068,5.18672199170123,104.2529,0.028999999999999915,0,-0.024000000000000243,-0.09200000000000008,-0.6290000000000002,1,False,False,False,False,False,False,True,False,False
2019-05-01,UK,555141000000.0,107.6,3.8,350.97569,1.1906,0.82,False,104.2654,99.6981,-7.92429666771312,16.72,60.83,394.6,230.7,97.821224250907,1.27952755905512,110.3894,0.37060000000000015,0,0.020600000000000174,-0.033279999999999865,-0.36941999999999986,1,False,False,False,False,False,False,False,True,False
2019-05-01,USA,20415150000000.0,107.8184,3.7,98.7367,2.53,2.47,False,101.9309,101.2753,-4.89706176294234,16.72,60.83,394.6,230.7,99.4234377997627,1.24099057965767,118.6425,0.05999999999999961,0,-0.03000000000000025,-0.0600000000000005,-0.7200000000000002,1,False,False,False,False,False,False,False,False,True
2019-06-01,Australia,551170000000.0,106.71,5.194882,186.14723123308121,1.655,1.54,False,111.2408,99.99491,3.16876710902436,15.84,54.66,384.2,229.6,99.8254504205669,88780200000.0,119.0778,0.11499999999999999,0,-0.07000000000000006,-0.050999999999999934,-0.6279999999999999,1,True,False,False,False,False,False,False,False,False
2019-06-01,Canada,554594000000.0,107.9273,5.5,275.60191,1.66454545454545,1.678,False,108.5138,101.895135929787,4.45578113113438,15.84,54.66,384.2,229.6,98.3449210305771,-0.0134436997064502,113.8331,-0.013454545454549827,1,-0.06274025974025976,-0.25582296650717984,-0.7085735930735999,1,False,True,False,False,False,False,False,False,False
2019-06-01,France,581102300000.0,104.33,8.5,159.84601,0.3,-0.311863636363636,True,105.2048,99.78333,1.01760768022041,15.84,54.66,384.2,229.6,99.6445701370031,0.321888412017812,112.6742,0.611863636363636,0,-0.06858636363636395,-0.246586363636364,-0.4644999999999999,0,False,False,True,False,False,False,False,False,False
2019-06-01,Germany,811678230000.0,105.4176,2.9,145.92436,-0.134545454545455,-0.311863636363636,True,102.4485,101.4901,2.98564672607762,15.84,54.66,384.2,229.6,99.335962505138,0.316122233929939,101.2147,0.17731818181818101,0,-0.09363181818181901,-0.18663181818181898,-0.4531363636363639,0,False,False,False,True,False,False,False,False,False
2019-06-01,Italy,431670600000.0,103.0,10.0,163.96969,2.644,-0.311863636363636,True,104.4394,100.6941,0.977252528471517,15.84,54.66,384.2,229.6,99.4404875083407,0.906344410876425,101.33,2.9558636363636364,0,0.027413636363636584,-0.1645863636363636,-0.7504999999999997,0,False,False,False,False,True,False,False,False,False
2019-06-01,Japan,138595000000000.0,101.8071,2.3,128.78229698732423,-0.095,0.011,True,102.5191,99.57893,6.44171012146479,15.84,54.66,384.2,229.6,100.065721174887,0.668901846451719,99.27679,-0.106,1,-0.0487,-0.079,-0.183,0,False,False,False,False,False,True,False,False,False
2019-06-01,South Korea,457051400000000.0,105.050639928105,3.8,230.1457517795192,1.828,1.84,False,106.8032,100.0328,1.89654839560487,15.84,54.66,384.2,229.6,99.1474572952256,-1.77514792899408,104.5891,-0.01200000000000001,1,-0.040999999999999925,-0.1299999999999999,-0.5110000000000001,1,False,False,False,False,False,False,True,False,False
2019-06-01,UK,555141000000.0,107.9,3.9,400.54899,1.13,0.8,False,102.475,99.85291,1.59559712832649,15.84,54.66,384.2,229.6,97.8426203695229,-0.3887269193391,111.5929,0.32999999999999985,0,-0.0406000000000003,-0.03302000000000027,-0.2492700000000001,1,False,False,False,False,False,False,False,True,False
2019-06-01,USA,20415150000000.0,108.0479,3.6,122.53876,2.4,2.44,False,101.3554,101.4318,1.2400168137874,15.84,54.66,384.2,229.6,99.3009717657044,-0.47936972791609,120.1735,-0.040000000000000036,1,-0.09999999999999964,-0.22999999999999998,-0.6000000000000001,1,False,False,False,False,False,False,False,False,True
2019-07-01,Australia,552985000000.0,106.71,5.260277,104.01030577749894,1.386,1.29,False,111.2408,99.97832,-1.44525398827229,13.31,57.35,371.0,230.0,99.9653004350648,88780200000.0,122.3036,0.09599999999999986,0,-0.019000000000000128,-0.03100000000000014,-0.31500000000000017,1,True,False,False,False,False,False,False,False,False
2019-07-01,Canada,560665500000.0,107.6903,5.6,339.07191,1.4625,1.665,False,109.1692,101.895135929787,-0.0755807148430709,13.31,57.35,371.0,230.0,98.2786850068189,0.255464638316205,115.1347,-0.20250000000000012,1,-0.1890454545454503,-0.2548809523809501,-0.6003947368421103,1,False,True,False,False,False,False,False,False,False
2019-07-01,France,584928100000.0,104.58,8.5,244.02555,0.08,-0.3289,True,106.7837,100.0144,0.592907484058628,13.31,57.35,371.0,230.0,99.7319328800686,-0.213903743315935,115.8961,0.40890000000000004,0,-0.202963636363636,-0.3402904761904759,-0.6029947368421049,0,False,False,True,False,False,False,False,False,False
2019-07-01,Germany,811375620000.0,105.7176,2.9,171.3699,-0.315263157894737,-0.3289,True,102.8351,101.3602,-2.38701192070406,13.31,57.35,371.0,230.0,99.1166067542172,-2.10084033613459,103.1985,0.013636842105263003,0,-0.163681339712918,-0.306506015037594,-0.485316718266254,0,False,False,False,True,False,False,False,False,False
2019-07-01,Italy,433098400000.0,103.1,9.6,114.653,2.284,-0.3289,True,106.6503,100.5793,-2.36070279586051,13.31,57.35,371.0,230.0,99.3860109555856,-0.798403193613018,106.2179,2.6129,0,-0.3429636363636366,-0.3862904761904762,-0.6739947368421051,0,False,False,False,False,True,False,False,False,False
2019-07-01,Japan,139112025000000.0,101.6035,2.3,144.11717305806562,-0.165,0.0095,True,103.6127,99.39214,-2.64480266810411,13.31,57.35,371.0,230.0,99.9803397598017,0.962463907604172,101.4176,-0.17450000000000002,1,-0.06850000000000002,-0.06950000000000002,-0.15450000000000003,0,False,False,False,False,False,True,False,False,False
2019-07-01,South Korea,462044600000000.0,104.880917764692,3.9,248.52886993703729,1.618,1.8,False,105.9275,99.84314,-4.88415187762172,13.31,57.35,371.0,230.0,99.0471578053076,0.702811244979906,103.3952,-0.18199999999999994,1,-0.16999999999999993,-0.2350000000000001,-0.264,1,False,False,False,False,False,False,True,False,False
2019-07-01,UK,556932000000.0,107.9,3.9,354.84107,0.919,0.78,False,103.8441,100.0842,-0.310592616968741,13.31,57.35,371.0,230.0,97.8650488008994,-0.682926829267927,114.4728,0.139,0,-0.19099999999999984,-0.21099999999999997,-0.26905999999999997,1,False,False,False,False,False,False,False,True,False
2019-07-01,USA,20584528000000.0,108.0695,3.6,150.11678,2.07,2.3,False,101.525,101.5178,1.12102968652701,13.31,57.35,371.0,230.0,99.1865000874214,1.06680977524749,123.43,-0.22999999999999998,1,-0.18999999999999995,-0.31999999999999984,-0.3700000000000001,1,False,False,False,False,False,False,False,False,True
2019-08-01,Australia,552985000000.0,107.1744,5.279512,87.1942957159954,1.32,1.11,False,111.2408,99.91508,-9.5210672948561,18.98,54.81,373.7,230.6,100.072126983985,88780200000.0,119.1399,0.20999999999999996,0,0.1140000000000001,0.02499999999999991,0.008999999999999897,1,True,False,False,False,False,False,False,False,False
2019-08-01,Canada,560665500000.0,108.2433,5.7,333.24891,1.51909090909091,1.654,False,108.3113,101.895135929787,-4.09201955393707,18.98,54.81,373.7,230.6,98.2015108986348,0.109205862630657,113.2873,-0.13490909090908998,1,0.06759090909091015,-0.18419480519479992,-0.45454545454545014,1,False,True,False,False,False,False,False,False,False
2019-08-01,France,584928100000.0,104.38,8.4,269.49667,-0.07,-0.364869565217391,True,103.7927,100.211,-3.18748940857481,18.98,54.81,373.7,230.6,99.800793667049,0.428724544480152,111.4429,0.294869565217391,0,-0.11403043478260905,-0.385580434782609,-0.663130434782609,0,False,False,True,False,False,False,False,False,False
2019-08-01,Germany,811375620000.0,106.2177,2.9,246.2419,-0.388260869565217,-0.364869565217391,True,101.5786,101.1781,1.66320586368041,18.98,54.81,373.7,230.6,98.9072656297711,3.00429184549411,97.97976,-0.023391304347825992,1,-0.037028146453088995,-0.294341304347826,-0.46411857707509896,0,False,False,False,True,False,False,False,False,False
2019-08-01,Italy,433098400000.0,103.1,9.6,88.91676,1.654,-0.364869565217391,True,106.4397,100.4993,-0.0872765312538881,18.98,54.81,373.7,230.6,99.330587734497,1.40845070422575,101.0348,2.0188695652173907,0,-0.5940304347826091,-0.9095804347826091,-1.0591304347826092,0,False,False,False,False,True,False,False,False,False
2019-08-01,Japan,139112025000000.0,101.6035,2.3,157.77218849637873,-0.16,0.0136,True,102.3369,99.14935,-0.91134327205451,18.98,54.81,373.7,230.6,99.8865683016581,-1.13687814141116,96.7705,-0.1736,1,0.0009000000000000119,-0.11630000000000001,-0.1601,0,False,False,False,False,False,True,False,False,False
2019-08-01,South Korea,462044600000000.0,104.560448586571,4.0,316.85546123239686,1.506,1.68,False,105.3668,99.61873,1.10574364129723,18.98,54.81,373.7,230.6,98.956508906823,-1.39581256231304,96.65746,-0.17399999999999993,1,0.008000000000000007,-0.20299999999999985,-0.29499999999999993,1,False,False,False,False,False,False,True,False,False
2019-08-01,UK,556932000000.0,108.0,3.9,435.4997,0.8304,0.77,False,104.3707,100.1657,0.0567069863339986,18.98,54.81,373.7,230.6,97.8652488262386,1.37524557956796,109.1551,0.06040000000000001,0,-0.0786,-0.31020000000000014,-0.34348,1,False,False,False,False,False,False,False,True,False
2019-08-01,USA,20584528000000.0,108.25,3.7,149.9729,2.06,2.22,False,101.5945,101.426,-4.37281872305486,18.98,54.81,373.7,230.6,99.0829837784814,-0.0574480533196753,118.284,-0.16000000000000014,1,0.06999999999999984,-0.21999999999999975,-0.28000000000000025,1,False,False,False,False,False,False,False,False,True
2019-09-01,Australia,552985000000.0,107.1744,5.258554,195.44833525431088,0.959,0.98,False,112.3399,99.80012,5.92442537361411,15.56,56.95,363.9,235.4,100.129359551711,89123100000.0,121.3623,-0.02100000000000002,1,-0.23099999999999998,-0.136,-0.18699999999999994,1,True,False,False,False,False,False,False,False,False
2019-09-01,Canada,560665500000.0,108.0853,5.7,400.90455,1.2052380952381,1.635,True,106.5742,101.895135929787,-1.96780004560508,15.56,56.95,363.9,235.4,98.1158810808978,0.76552093699731,116.2679,-0.4297619047618999,1,-0.2948528138528099,-0.4163073593073501,-0.6721303258145299,0,False,True,False,False,False,False,False,False,False
2019-09-01,France,584928100000.0,104.86,8.3,287.83404,-0.34,-0.407681818181818,True,104.7635,100.3984,23.508175020376,15.56,56.95,363.9,235.4,99.8670450309724,-0.533617929562613,116.428,0.06768181818181795,0,-0.22718774703557304,-0.5441818181818181,-0.7907681818181821,0,False,False,True,False,False,False,False,False,False
2019-09-01,Germany,811375620000.0,106.0177,2.9,314.25814,-0.649090909090909,-0.407681818181818,True,101.192,101.0275,17.9690496278077,15.56,56.95,363.9,235.4,98.7466151982295,-0.31250000000036,102.518,-0.24140909090909107,1,-0.21801778656126508,-0.41872727272727206,-0.6053590909090911,0,False,False,False,True,False,False,False,False,False
2019-09-01,Italy,433098400000.0,103.5,9.4,112.59803,1.404,-0.407681818181818,True,106.545,100.5367,2.08363933445417,15.56,56.95,363.9,235.4,99.2809543189752,0.297619047618602,105.882,1.811681818181818,0,-0.20718774703557274,-1.1441818181818184,-1.308768181818182,0,False,False,False,False,True,False,False,False,False
2019-09-01,Japan,139112025000000.0,101.8071,2.3,144.71401730275736,-0.28,0.0105,True,102.2458,98.92268,-0.273369650279887,15.56,56.95,363.9,235.4,99.7904962862877,-1.73913043478304,102.0022,-0.29050000000000004,1,-0.11690000000000003,-0.18450000000000005,-0.2635,0,False,False,False,False,False,True,False,False,False
2019-09-01,South Korea,462044600000000.0,104.811342219442,3.6,538.1767645085487,1.254,1.49,False,108.1332,99.40878,3.58047733575928,15.56,56.95,363.9,235.4,98.8705233076743,-0.505561172901925,101.7102,-0.236,1,-0.062000000000000055,-0.22399999999999998,-0.35399999999999987,1,False,False,False,False,False,False,True,False,False
2019-09-01,UK,556932000000.0,108.3,3.9,505.47775,0.5776,0.76,True,105.3186,100.2071,1.99589214709501,15.56,56.95,363.9,235.4,97.8418586902899,1.06589147286777,110.9959,-0.1824,1,-0.24280000000000002,-0.5123999999999999,-0.5454200000000001,0,False,False,False,False,False,False,False,True,False
2019-09-01,USA,20584528000000.0,108.2446,3.6,190.46323,1.63,2.06,False,101.1329,101.1991,0.042936882782163,15.56,56.95,363.9,235.4,98.9980387430553,0.489161186146148,121.7589,-0.43000000000000016,1,-0.27,-0.3900000000000001,-0.6200000000000001,1,False,False,False,False,False,False,False,False,True
2019-10-01,Australia,556078000000.0,107.1744,5.228041,133.9551547100105,1.035,0.98,False,112.3399,99.7347,-6.25305266913702,15.47,53.96,365.8,237.6,100.144173243112,89123100000.0,121.0252,0.05499999999999994,0,0.07599999999999996,-0.040999999999999925,-0.07200000000000006,1,True,False,False,False,False,False,False,False,False
2019-10-01,Canada,562233250000.0,107.6113,5.6,358.14846,1.364,1.6275,True,106.5685,101.895135929787,-5.07971174764927,15.47,53.96,365.8,237.6,98.0344019948012,0.0227911570308326,114.3991,-0.26349999999999985,1,0.16626190476190006,-0.06099999999999972,-0.3158809523809498,0,False,True,False,False,False,False,False,False,False
2019-10-01,France,585417900000.0,104.5,8.2,275.04958,-0.27,-0.417571428571429,True,103.2435,100.5103,-18.5075446545226,15.47,53.96,365.8,237.6,99.9293252873027,1.60944206008637,116.7199,0.14757142857142896,0,0.07988961038961101,-0.2613285714285711,-0.601619047619047,0,False,False,True,False,False,False,False,False,False
2019-10-01,Germany,811224280000.0,106.0177,2.9,207.23431,-0.594761904761905,-0.417571428571429,True,101.5786,100.9263,-25.1652565063164,15.47,53.96,365.8,237.6,98.6769261271675,-0.313479623823942,104.2781,-0.17719047619047607,1,0.06421861471861501,-0.19082731829573907,-0.49733333333333307,0,False,False,False,True,False,False,False,False,False
2019-10-01,Italy,433366000000.0,102.9,9.7,111.84922,0.902,-0.417571428571429,True,105.5975,100.4666,-8.42171628185403,15.47,53.96,365.8,237.6,99.241918402795,-0.692383778437178,106.6886,1.319571428571429,0,-0.4921103896103889,-1.2933285714285707,-1.679619047619047,0,False,False,False,False,True,False,False,False,False
2019-10-01,Japan,139315075000000.02,101.9089,2.4,119.16749667358366,-0.215,0.0106,True,101.2433,98.71428,5.72807950940959,15.47,53.96,365.8,237.6,99.6883869596623,3.92153392330361,104.2139,-0.2256,1,0.06490000000000004,-0.05109999999999998,-0.1206,0,False,False,False,False,False,True,False,False,False
2019-10-01,South Korea,463963600000000.0,105.200332767886,3.6,275.19854739201594,1.42,1.54,True,106.0042,99.3298,2.40367115800795,15.47,53.96,365.8,237.6,98.8148808447059,3.76016260162599,102.5972,-0.1200000000000001,1,0.11599999999999988,0.06199999999999983,-0.17300000000000026,0,False,False,False,False,False,False,True,False,False
2019-10-01,UK,560987000000.0,108.4,3.8,429.23981,0.5981,0.77,True,104.792,100.0184,-5.39645659031838,15.47,53.96,365.8,237.6,97.8008118406139,-0.767018216682513,109.4995,-0.17190000000000005,1,0.010499999999999954,-0.31090000000000007,-0.5219,0,False,False,False,False,False,False,False,True,False
2019-10-01,USA,20817581000000.0,108.3294,3.5,134.36178,1.7,2.03,False,101.8781,100.9093,-1.2875536480687,15.47,53.96,365.8,237.6,98.9431217389968,0.629925454544433,121.3509,-0.32999999999999985,1,0.10000000000000031,-0.09999999999999987,-0.4199999999999997,1,False,False,False,False,False,False,False,False,True
2019-11-01,Australia,556078000000.0,107.8245,5.300969,135.13117575545687,1.037,0.88,False,112.3399,99.59831,0.0939384924868891,12.52,57.03,363.1,236.5,100.126607932249,89123100000.0,122.8383,0.15699999999999992,0,0.10199999999999998,-0.05300000000000005,-0.028000000000000136,1,True,False,False,False,False,False,False,False,False
2019-11-01,Canada,562233250000.0,107.9273,5.6,495.85236,1.44954545454545,1.654,True,106.6512,101.895135929787,-0.168532850235825,12.52,57.03,363.1,236.5,97.9758149893239,-0.167097068205946,118.0409,-0.20445454545454989,1,0.05904545454544996,-0.0695454545454599,-0.2537402597402598,0,False,True,False,False,False,False,False,False,False
2019-11-01,France,585417900000.0,104.46,8.2,267.70971,-0.16,-0.412869565217391,True,104.5184,100.624,1.91412003195634,12.52,57.03,363.1,236.5,99.9909682241726,-1.16156282999,122.0768,0.252869565217391,0,0.10529813664596205,-0.04199999999999998,-0.427580434782609,0,False,False,True,False,False,False,False,False,False
2019-11-01,Germany,811224280000.0,106.1177,2.9,210.18505,-0.469545454545455,-0.412869565217391,True,100.6121,100.9183,12.197657646877,12.52,57.03,363.1,236.5,98.693868504346,0.838574423479588,109.7474,-0.056675889328064,1,0.12051458686241207,-0.03328458498023801,-0.327625889328064,0,False,False,False,True,False,False,False,False,False
2019-11-01,Italy,433366000000.0,102.8,9.5,95.26595,1.004,-0.412869565217391,True,105.2816,100.452,3.87469738395176,12.52,57.03,363.1,236.5,99.2316270200332,0.0996015936253647,112.6481,1.416869565217391,0,0.09729813664596199,-0.6019999999999996,-1.5115804347826087,0,False,False,False,False,True,False,False,False,False
2019-11-01,Japan,139315075000000.02,102.2143,2.4,108.48101459662793,-0.15,0.0125,True,102.428,98.57306,-35.0264191565791,12.52,57.03,363.1,236.5,99.5766669440198,6.12616844911515,109.3213,-0.1625,1,0.06309999999999999,0.011099999999999999,-0.10520000000000002,0,False,False,False,False,False,True,False,False,False
2019-11-01,South Korea,463963600000000.0,105.460713975109,3.5,274.0244017429382,1.577,1.46,True,108.5216,99.55354,2.39661110723552,12.52,57.03,363.1,236.5,98.8040171240655,-2.54652301665034,105.847,0.11699999999999999,0,0.2370000000000001,0.2909999999999999,0.08800000000000008,0,False,False,False,False,False,False,True,False,False
2019-11-01,UK,560987000000.0,108.3,3.8,542.47842,0.6373,0.78,True,106.6877,99.97532,-2.67656100049795,12.52,57.03,363.1,236.5,97.7818180443637,0.0966183574881319,111.4263,-0.14270000000000005,1,0.029200000000000004,-0.20310000000000006,-0.5133000000000002,0,False,False,False,False,False,False,False,True,False
2019-11-01,USA,20817581000000.0,108.577,3.6,118.48822,1.71,1.88,False,101.6364,100.9092,-5.82608695652171,12.52,57.03,363.1,236.5,98.9447412743845,-1.03608779518838,125.887,-0.16999999999999993,1,0.15999999999999992,-0.009999999999999787,-0.22999999999999954,1,False,False,False,False,False,False,False,False,True
2019-12-01,Australia,556078000000.0,107.8245,5.171595,115.61842520801117,1.152,0.91,True,112.889,99.44639,-3.61153625231433,13.76,59.88,367.7,233.4,100.091282235837,89220300000.0,123.2157,0.24199999999999988,0,0.08499999999999996,0.2629999999999999,0.1269999999999999,0,True,False,False,False,False,False,False,False,False
2019-12-01,Canada,562233250000.0,107.7693,5.9,364.87671,1.4995,1.6625,True,106.4995,101.895135929787,-0.0606506323813316,13.76,59.88,367.7,233.4,97.9524594664564,-1.55013694461302,118.7978,-0.16300000000000003,1,0.04145454545454985,0.26676190476189987,-0.1495454545454502,0,False,True,False,False,False,False,False,False,False
2019-12-01,France,585417900000.0,104.52,8.2,246.59494,-0.02,-0.401285714285714,True,104.3615,100.6375,1.82857569471478,13.76,59.88,367.7,233.4,100.050646175537,0.53418803418821,122.7562,0.381285714285714,0,0.128416149068323,0.31360389610389605,-0.23057792207792205,0,False,False,True,False,False,False,False,False,False
2019-12-01,Germany,811224280000.0,105.3176,3.0,181.50481,-0.352380952380952,-0.401285714285714,True,100.0322,100.9257,1.36807422906233,13.76,59.88,367.7,233.4,98.7745736935962,-1.0395010395011,110.4704,0.048904761904762006,0,0.105580651232826,0.2903138528138531,-0.128413419913419,0,False,False,False,True,False,False,False,False,False
2019-12-01,Italy,433366000000.0,102.6,9.8,89.52109,1.266,-0.401285714285714,True,104.6499,100.4898,1.91467888351093,13.76,59.88,367.7,233.4,99.2410588049523,0.0,113.1492,1.667285714285714,0,0.250416149068323,-0.1443961038961039,-1.2885779220779223,0,False,False,False,False,True,False,False,False,False
2019-12-01,Japan,139315075000000.02,102.3161,2.3,118.09626061543514,-0.08,0.0095,True,98.78288,98.69344,22.5622911266151,13.76,59.88,367.7,233.4,99.4421288020749,-15.0988933156269,111.161,-0.0895,1,0.07300000000000001,0.20100000000000004,0.0165,0,False,False,False,False,False,True,False,False,False
2019-12-01,South Korea,463963600000000.0,104.870376015412,3.6,239.35595029354025,1.75,1.52,True,108.3524,99.88305,2.00415660893676,13.76,59.88,367.7,233.4,98.8459298217502,0.30150753768845,106.9648,0.22999999999999998,0,0.11299999999999999,0.46599999999999997,0.242,0,False,False,False,False,False,False,True,False,False
2019-12-01,UK,560987000000.0,108.5,3.7,459.14113,0.765,0.79,True,108.1622,100.0746,4.03289816906827,13.76,59.88,367.7,233.4,97.8354942231352,-0.772200772200615,112.5802,-0.025000000000000022,1,0.11770000000000003,0.15739999999999998,-0.35499999999999987,0,False,False,False,False,False,False,False,True,False
2019-12-01,USA,20817581000000.0,108.5188,3.6,131.75071,1.81,1.77,False,100.7152,101.1078,1.70821791320428,13.76,59.88,367.7,233.4,98.9979385277947,-0.0414709633846821,128.5203,0.040000000000000036,0,0.20999999999999996,0.4700000000000002,0.08000000000000007,1,False,False,False,False,False,False,False,False,True
2020-01-01,Australia,558708000000.0,107.8245,5.030472,130.49595885906686,1.202,0.9,True,112.889,99.42518,13.2584008648192,13.94,57.52,372.0,233.9,100.053138460537,89220300000.0,126.5437,0.30199999999999994,0,0.06000000000000005,0.247,0.20600000000000007,0,True,False,False,False,False,False,False,False,False
2020-01-01,Canada,563838500000.0,107.7693,5.6,315.98033,1.6045,1.6575,True,106.0315,101.895135929787,-4.6248500421191,13.94,57.52,372.0,233.9,97.9793386839528,0.494580862039018,121.1244,-0.052999999999999936,1,0.1100000000000001,0.2104999999999999,0.1495000000000002,0,False,True,False,False,False,False,False,False,False
2020-01-01,France,583062300000.0,104.98,8.2,244.38811,0.04,-0.3947,True,103.5279,100.525,0.10002513720725,13.94,57.52,372.0,233.9,100.105430444757,0.743889479277082,124.3891,0.4347,0,0.05341428571428597,0.287128571428571,0.025799999999999934,0,False,False,True,False,False,False,False,False,False
2020-01-01,Germany,813645220000.0,105.8176,3.1,207.24613,-0.299444444444444,-0.3947,True,100.3222,101.0254,-2.23262116193064,13.94,57.52,372.0,233.9,98.8789933628238,0.525210084033656,112.0107,0.09525555555555598,0,0.046350793650793976,0.27244603174603205,0.08161871345029298,0,False,False,False,True,False,False,False,False,False
2020-01-01,Italy,430532600000.0,102.8,9.8,149.83252,1.37,-0.3947,True,104.9658,100.5336,8.91189196907047,13.94,57.52,372.0,233.9,99.261331020172,-0.597014925373274,114.6452,1.7647000000000002,0,0.09741428571428612,0.4451285714285711,-0.8481999999999996,0,False,False,False,False,True,False,False,False,False
2020-01-01,Japan,135485275000000.0,102.3161,2.2,113.7392715816821,-0.025,0.0095,True,98.05386,99.00764,0.148842924313541,13.94,57.52,372.0,233.9,99.2873584686403,5.74019256535809,110.8787,-0.0345,1,0.05499999999999999,0.1911,0.14,0,False,False,False,False,False,True,False,False,False
2020-01-01,South Korea,469606800000000.0,105.121269648283,3.5,257.8861252169331,1.653,1.53,True,108.0481,100.1798,6.15757317745251,13.94,57.52,372.0,233.9,98.9274530327498,3.10621242484972,109.7308,0.123,0,-0.10699999999999998,0.2430000000000001,0.30499999999999994,0,False,False,False,False,False,False,True,False,False
2020-01-01,UK,560861000000.0,108.5,3.9,407.36201,0.8308,0.79,True,108.4781,100.3799,2.81789861215782,13.94,57.52,372.0,233.9,97.9990250010942,-0.389105058365669,114.5953,0.04079999999999995,0,0.06579999999999997,0.2127,-0.09820000000000007,0,False,False,False,False,False,False,False,True,False
2020-01-01,USA,20951088000000.0,108.4201,3.6,143.46725,1.86,1.76,False,101.2562,101.3707,4.42578302315009,13.94,57.52,372.0,233.9,99.0796637197096,0.482985098056732,130.9052,0.10000000000000009,0,0.06000000000000005,0.42999999999999994,0.33000000000000007,1,False,False,False,False,False,False,False,False,True
2020-02-01,Australia,558708000000.0,108.3817,5.250398,100.9952993363139,1.159,0.89,True,112.889,99.36959,-19.2320848691137,19.63,50.54,376.7,238.0,100.012685956734,89220300000.0,127.1267,0.269,0,-0.03299999999999992,0.1120000000000001,0.05900000000000005,0,True,False,False,False,False,False,False,False,False
2020-02-01,Canada,563838500000.0,108.0853,5.5,275.70785,1.49227272727273,1.646,True,105.5849,101.895135929787,-0.334948040711147,19.63,50.54,376.7,238.0,98.0618615181788,2.47226868139256,122.4475,-0.15372727272726983,1,-0.10072727272726989,0.05072727272728006,-0.018818181818179847,0,False,True,False,False,False,False,False,False,False
2020-02-01,France,583062300000.0,104.54,8.2,254.26959,-0.01,-0.391136363636364,True,101.4489,100.2445,-19.0292084983494,19.63,50.54,376.7,238.0,100.145277883663,0.0,123.3285,0.381136363636364,0,-0.05356363636363598,0.12826679841897298,0.086266798418973,0,False,False,True,False,False,False,False,False,False
2020-02-01,Germany,813645220000.0,105.2175,3.2,131.50761,-0.313636363636364,-0.391136363636364,True,98.00258,101.0387,-6.34477893412375,19.63,50.54,376.7,238.0,98.9601233624535,0.626959247648751,111.1702,0.07750000000000001,0,-0.01775555555555597,0.134175889328064,0.100891304347826,0,False,False,False,True,False,False,False,False,False
2020-02-01,Italy,430532600000.0,102.9,9.6,127.87341,1.275,-0.391136363636364,True,102.0179,100.6737,-14.7571553632728,19.63,50.54,376.7,238.0,99.2856260412223,0.200200200200906,115.8871,1.666136363636364,0,-0.09856363636363619,0.24926679841897292,-0.3527332015810267,0,False,False,False,False,True,False,False,False,False
2020-02-01,Japan,135485275000000.0,102.3161,2.4,107.70472135129053,-0.065,0.013,True,98.41837,99.20259,-2.255319080119,19.63,50.54,376.7,238.0,99.1021229837321,0.394477317554243,107.8232,-0.078,1,-0.0435,0.0845,0.0956,0,False,False,False,False,False,True,False,False,False
2020-02-01,South Korea,469606800000000.0,105.512368546583,3.5,255.23049479886896,1.656,1.47,True,110.6464,100.271,-23.1230144764318,19.63,50.54,376.7,238.0,99.0192921622515,0.971817298347921,107.7529,0.18599999999999994,0,0.06299999999999994,0.06899999999999995,0.3599999999999999,0,False,False,False,False,False,False,True,False,False
2020-02-01,UK,560861000000.0,108.3,3.9,390.30472,0.7235,0.74,True,109.6367,100.7214,-3.84267345142048,19.63,50.54,376.7,238.0,98.2675473883954,0.976562499999334,110.8974,-0.01649999999999996,1,-0.05729999999999991,0.1262000000000001,-0.07689999999999997,0,False,False,False,False,False,False,False,True,False
2020-02-01,USA,20951088000000.0,108.8407,3.6,131.39109,1.76,1.65,True,100.9945,101.5937,-7.73744838078677,19.63,50.54,376.7,238.0,99.1570703344121,-0.156479671293352,128.6936,0.1100000000000001,0,0.010000000000000009,0.28,0.27000000000000024,0,False,False,False,False,False,False,False,False,True
2020-03-01,Australia,558708000000.0,108.3817,5.110959,144.91089044419817,0.984,0.89,True,112.804,99.26766,5.86589006764351,57.74,29.21,360.1,240.4,99.9840427469025,90114500000.0,98.79449,0.09399999999999997,0,-0.17500000000000004,-0.1479999999999999,0.11499999999999999,0,True,False,False,False,False,False,False,False,False
2020-03-01,Canada,563838500000.0,108.5594,5.8,380.23371,1.29473684210526,1.6325,True,106.4758,101.895135929787,0.254974243689632,57.74,29.21,360.1,240.4,98.2075904373718,-1.92484475545468,95.94145,-0.33776315789474,1,-0.18403588516747016,-0.17476315789473995,0.09199874686715992,0,False,True,False,False,False,False,False,False,False
2020-03-01,France,583062300000.0,104.53,7.8,238.52343,-0.18,-0.40885,True,102.3805,100.0087,20.3753957485301,57.74,29.21,360.1,240.4,100.175869336841,0.527426160337718,93.03694,0.22885,0,-0.152286363636364,-0.152435714285714,0.16116818181818204,0,False,False,True,False,False,False,False,False,False
2020-03-01,Germany,813645220000.0,105.5338,3.3,304.09497,-0.466,-0.40885,True,100.9987,100.9496,-3.63149894648879,57.74,29.21,360.1,240.4,98.9901233269952,0.2076843198344,83.88902,-0.057150000000000034,1,-0.13465000000000005,-0.10605476190476204,0.18425909090909104,0,False,False,False,True,False,False,False,False,False
2020-03-01,Italy,430532600000.0,102.8,9.5,106.60549,0.955,-0.40885,True,106.0186,100.5765,0.123248089235561,57.74,29.21,360.1,240.4,99.294084257438,0.899100899100613,85.258,1.36385,0,-0.30228636363636396,-0.30343571428571403,-0.44783181818181794,0,False,False,False,False,True,False,False,False,False
2020-03-01,Japan,135485275000000.0,102.1125,2.4,114.57916610195092,-0.155,0.0093,True,98.5095,99.03683,4.47096236498665,57.74,29.21,360.1,240.4,98.8702782136392,1.37524557956721,89.017,-0.1643,1,-0.0863,-0.0748,0.12620000000000003,0,False,False,False,False,False,True,False,False,False
2020-03-01,South Korea,469606800000000.0,105.586160791545,3.4,159.1516521890693,1.54,1.42,True,106.7192,99.97801,4.4591537049337,57.74,29.21,360.1,240.4,99.0799894623243,-3.75360923965352,88.84022,0.1200000000000001,0,-0.06599999999999984,-0.10999999999999988,0.3560000000000001,0,False,False,False,False,False,False,True,False,False
2020-03-01,UK,560861000000.0,108.6,4.1,238.03452,0.633,0.75,True,111.4271,100.8434,2.6197115090093,57.74,29.21,360.1,240.4,98.6282757232488,0.19342359767931,87.06705,-0.11699999999999999,1,-0.10050000000000003,-0.09199999999999997,0.06540000000000001,0,False,False,False,False,False,False,False,True,False
2020-03-01,USA,20951088000000.0,109.139,3.5,160.51565,1.5,1.59,True,100.4917,101.5921,0.117785630153278,57.74,29.21,360.1,240.4,99.1909989852027,-0.606663704168353,100.458,-0.09000000000000008,1,-0.20000000000000018,-0.13000000000000012,0.3400000000000001,0,False,False,False,False,False,False,False,False,True
2020-04-01,Australia,557692000000.0,108.3817,5.200261,311.97371924338995,0.884,0.53,True,112.804,99.09453,-9.05543596898155,41.45,16.55,350.3,241.7,99.9740628595565,90114500000.0,96.87128,0.354,0,0.26,0.052000000000000046,0.29900000000000004,0,True,False,False,False,False,False,False,False,False
2020-04-01,Canada,552844000000.0,107.9273,8.5,569.65824,0.819090909090909,0.6725,True,107.6842,101.895135929787,-49.8819019218387,41.45,16.55,350.3,241.7,98.40064291617,0.237198002945949,98.16383,0.146590909090909,0,0.484354066985649,0.19959090909090893,0.41009090909090884,0,False,True,False,False,False,False,False,False,False
2020-04-01,France,552118800000.0,104.59,7.6,367.15702,-0.05,-0.416636363636364,True,104.1751,99.56186,-71.9642521671453,41.45,16.55,350.3,241.7,100.198163372987,-0.314795383000799,91.88736,0.36663636363636404,0,0.13778636363636404,-0.06806363636363594,0.21906493506493507,0,False,False,True,False,False,False,False,False,False
2020-04-01,Germany,799270420000.0,105.7447,3.4,498.05744,-0.541363636363636,-0.416636363636364,True,101.5786,100.5657,-33.7773905554215,41.45,16.55,350.3,241.7,98.9437481062486,0.518134715025953,86.97938,-0.12472727272727202,1,-0.06757727272727199,-0.219982828282828,0.052463203463204044,0,False,False,False,True,False,False,False,False,False
2020-04-01,Italy,404519400000.0,102.9,7.7,225.07435,1.551,-0.416636363636364,True,103.5971,99.94263,-84.7196228500034,41.45,16.55,350.3,241.7,99.2684477083753,0.891089108910581,84.48536,1.9676363636363638,0,0.6037863636363638,0.2029363636363637,0.6480649350649348,0,False,False,False,False,True,False,False,False,False
2020-04-01,Japan,136177075000000.02,102.1125,2.5,203.36505165384477,0.005,0.0098,True,96.04903,98.28284,0.469510915385696,41.45,16.55,350.3,241.7,98.5978945007471,0.29649423821505,91.1507,-0.0048,1,0.1595,0.029700000000000004,0.2208,0,False,False,False,False,False,True,False,False,False
2020-04-01,South Korea,463613400000000.0,105.354242307378,3.8,224.87156131391987,1.485,1.23,True,103.208,98.96621,16.2926542215446,41.45,16.55,350.3,241.7,99.1203871707612,-4.99999999999999,92.2029,0.2550000000000001,0,0.135,0.13200000000000012,0.3750000000000002,0,False,False,False,False,False,False,True,False,False
2020-04-01,UK,545597000000.0,108.6,4.1,386.63553,0.4609,0.53,True,113.2175,100.4913,-37.0981932097976,41.45,16.55,350.3,241.7,99.0695381383049,-0.675675675676191,87.03309,-0.06910000000000005,1,0.04789999999999994,-0.1099,0.1028,0,False,False,False,False,False,False,False,True,False
2020-04-01,USA,20665553000000.0,108.9015,4.4,283.14721,0.87,1.35,True,100.7457,101.1732,-31.294117647059,41.45,16.55,350.3,241.7,99.15196376446,-0.0032467956270765,101.8041,-0.4800000000000001,1,-0.39,-0.5800000000000002,-0.15000000000000024,0,False,False,False,False,False,False,False,False,True
2020-05-01,Australia,557692000000.0,106.3385,6.307306,244.80777709213552,0.854,0.17,True,112.804,98.69274,-51.0634832307692,30.9,28.56,338.1,242.7,98.4509081482478,90114500000.0,100.1817,0.6839999999999999,0,0.32999999999999996,0.4149999999999999,0.527,0,True,False,False,False,False,False,False,False,False
2020-05-01,Canada,552844000000.0,107.2162,13.7,448.40468,0.657142857142857,0.246,True,100.2467,101.895135929787,-88.7468004635488,30.9,28.56,338.1,242.7,96.5995548389701,-8.87769317379464,103.8505,0.41114285714285703,0,0.26455194805194804,0.5648701298701269,0.6155974025974069,0,False,True,False,False,False,False,False,False,False
2020-05-01,France,552118800000.0,104.56,7.6,320.16271,0.06,-0.25405,True,85.98396,98.65371,-59.9574973196508,30.9,28.56,338.1,242.7,95.9600878842816,-16.8421052631579,93.7355,0.31405,0,-0.05258636363636404,-0.067086363636364,0.06118043478260898,0,False,False,True,False,False,False,False,False,False
2020-05-01,Germany,799270420000.0,105.8501,3.5,374.94694,-0.4495,-0.25405,True,91.23711,99.76041,-33.4018861065641,30.9,28.56,338.1,242.7,95.9815181468223,-1.34020618556745,92.12677,-0.19545,1,-0.07072272727272799,-0.27295,-0.138774110671936,0,False,False,False,True,False,False,False,False,False
2020-05-01,Italy,404519400000.0,103.0,7.4,211.46613,1.799,-0.25405,True,74.43411,98.92947,-82.1929796718878,30.9,28.56,338.1,242.7,93.7874265285826,-24.0431795878311,85.81441,2.05305,0,0.08541363636363597,0.38691363636363585,0.6361804347826088,0,False,False,False,False,True,False,False,False,False
2020-05-01,Japan,136177075000000.02,102.0107,2.6,175.53867000764305,-0.04,0.009,True,96.14017,96.92022,-18.9749255372703,30.9,28.56,338.1,242.7,97.9848466442888,-5.32429816069685,95.40068,-0.049,1,-0.0442,0.028999999999999998,0.1135,0,False,False,False,False,False,True,False,False,False
2020-05-01,South Korea,463613400000000.0,104.890405339045,3.9,211.49461520169453,1.504,1.1,True,107.8896,97.55569,-0.0272436180824509,30.9,28.56,338.1,242.7,99.1586209109477,-1.1578947368421,97.50471,0.4039999999999999,0,0.1489999999999998,0.21799999999999997,0.2869999999999999,0,False,False,False,False,False,False,True,False,False
2020-05-01,UK,545597000000.0,108.6,4.1,322.86985,0.3577,0.65,True,104.5814,99.44043,-95.9196671396677,30.9,28.56,338.1,242.7,95.8726875711701,-4.95626822157405,90.33038,-0.2923,1,-0.22319999999999995,-0.27580000000000005,-0.14959999999999996,0,False,False,False,False,False,False,False,True,False
2020-05-01,USA,20665553000000.0,108.1733,14.8,268.61639,0.66,1.35,True,96.81453,100.1966,-34.2808219178079,30.9,28.56,338.1,242.7,97.7400761814168,-5.60371189054733,105.6555,-0.6900000000000001,1,-0.20999999999999996,-0.8000000000000002,-0.5200000000000001,0,False,False,False,False,False,False,False,False,True
2020-06-01,Australia,557692000000.0,106.3385,6.986621,202.09175679064964,0.903,0.1,False,109.6795,98.27782,34.1831723894014,31.12,38.31,344.2,244.1,97.4332402629875,86829600000.0,108.0161,0.803,0,0.1190000000000001,0.7090000000000001,0.5610000000000002,0,True,False,False,False,False,False,False,False,False
2020-06-01,Canada,552844000000.0,107.5323,14.2,678.81709,0.551,0.235,False,84.85007,101.895135929787,651.385367412227,31.12,38.31,344.2,244.1,95.5151154013344,-22.2182663511276,107.9628,0.31600000000000006,0,-0.09514285714285697,0.65376315789474,0.4790000000000001,0,False,True,False,False,False,False,False,False,False
2020-06-01,France,552118800000.0,104.71,6.9,305.83698,-0.03,-0.27195,False,68.45963,97.80283,401.372220894095,31.12,38.31,344.2,244.1,88.4451988636884,-18.3544303797468,102.9002,0.24195000000000003,0,-0.07209999999999997,0.013100000000000028,-0.13933571428571398,0,False,False,True,False,False,False,False,False,False
2020-06-01,Germany,799270420000.0,105.8501,3.7,397.71599,-0.5165,-0.27195,False,71.71392,98.97236,41.8210552598927,31.12,38.31,344.2,244.1,90.7841234675688,-5.43364681295716,101.4557,-0.24454999999999993,1,-0.04909999999999992,-0.1873999999999999,-0.29345476190476194,0,False,False,False,True,False,False,False,False,False
2020-06-01,Italy,404519400000.0,102.8,8.7,174.28109,1.762,-0.27195,False,58.53659,98.45928,2122.23760324997,31.12,38.31,344.2,244.1,89.9294828712887,-10.3359173126616,94.64108,2.03395,0,-0.019099999999999895,0.6700999999999999,0.3666642857142859,0,False,False,False,False,True,False,False,False,False
2020-06-01,Japan,136177075000000.02,101.9089,2.8,204.67933292736015,0.0,0.0123,False,87.11848,95.69758,-9.3870475140968,31.12,38.31,344.2,244.1,97.3347168863846,-8.29302540114018,102.2208,-0.0123,1,0.0367,0.152,0.07719999999999999,0,False,False,False,False,False,True,False,False,False
2020-06-01,South Korea,463613400000000.0,104.827154843363,4.3,252.08681518200035,1.394,1.02,True,104.5912,96.69753,13.19666770722,31.12,38.31,344.2,244.1,99.2263388275778,3.40788072417464,106.1409,0.3739999999999999,0,-0.030000000000000027,0.2539999999999998,0.1439999999999999,0,False,False,False,False,False,False,True,False,False
2020-06-01,UK,545597000000.0,108.6,4.1,291.24947,0.2743,0.33,False,88.57293,97.92415,323.052197765329,31.12,38.31,344.2,244.1,86.963971457385,-14.4171779141104,94.69035,-0.05570000000000003,1,0.23659999999999998,0.061299999999999966,-0.030700000000000005,0,False,False,False,False,False,False,False,True,False
2020-06-01,USA,20665553000000.0,108.1754,13.2,350.45982,0.67,0.17,False,83.85933,99.13439,40.281396560708,31.12,38.31,344.2,244.1,92.8598136984686,-11.3318289888148,113.1662,0.5,0,1.19,0.5900000000000001,0.45999999999999996,0,False,False,False,False,False,False,False,False,True
2020-07-01,Australia,518939000000.0,106.3385,7.424543,132.50390990359878,0.928,0.1,False,109.6795,98.39682,44.1012544848711,26.84,40.71,359.8,245.2,96.9986515854853,86829600000.0,109.4515,0.8280000000000001,0,0.025000000000000022,0.4740000000000001,0.5260000000000001,0,True,False,False,False,False,False,False,False,False
2020-07-01,Canada,492031500000.0,108.4014,12.6,504.9122,0.561363636363636,0.1925,False,89.49384,101.895135929787,71.5015952937976,26.84,40.71,359.8,245.2,96.5471039179671,20.9208400646203,111.0523,0.36886363636363595,0,0.05286363636363589,0.22227272727272696,0.4218636363636359,0,False,True,False,False,False,False,False,False,False
2020-07-01,France,479594900000.0,104.79,7.3,321.69085,-0.04,-0.376,False,81.37488,97.88477,70.1369418855257,26.84,40.71,359.8,245.2,93.642223077867,37.6744186046514,103.7471,0.336,0,0.09405,-0.030636363636364017,-0.09869999999999995,0,False,False,True,False,False,False,False,False,False
2020-07-01,Germany,725584660000.0,105.9555,3.8,278.8722,-0.434285714285714,-0.376,False,79.73582,98.87707,11.5249288117512,26.84,40.71,359.8,245.2,93.0442981250709,11.2707182320446,104.3706,-0.058285714285713996,1,0.18626428571428594,0.06644155844155802,-0.15354126984126998,0,False,False,False,True,False,False,False,False,False
2020-07-01,Italy,357140200000.0,102.9,9.6,156.47175,1.455,-0.376,False,84.75171,98.59885,30.2811542035468,26.84,40.71,359.8,245.2,92.7971673217738,23.7752161383286,96.65475,1.831,0,-0.20294999999999996,-0.1366363636363639,0.0662999999999998,0,False,False,False,False,True,False,False,False,False
2020-07-01,Japan,125611975000000.0,101.7053,2.8,158.81333984240342,0.03,0.0122,False,79.73711,95.46436,14.6064609432851,26.84,40.71,359.8,245.2,96.8612239635275,3.00458470101359,100.6782,0.017799999999999996,0,0.030099999999999995,0.022599999999999995,0.0523,0,False,False,False,False,False,True,False,False,False
2020-07-01,South Korea,449633300000000.0,105.111782073931,4.2,245.7357379014742,1.392,0.79,False,96.61116,96.73626,18.0069574536618,26.84,40.71,359.8,245.2,99.3510025332935,4.3254376930999,109.1863,0.6019999999999999,0,0.22799999999999998,0.34699999999999975,0.47899999999999987,0,False,False,False,False,False,False,True,False,False
2020-07-01,UK,434718000000.0,108.8,4.4,294.32232,0.278,0.19,False,95.41864,97.18063,504.199385995399,26.84,40.71,359.8,245.2,89.4788151443011,11.7084826762248,93.51866,0.08800000000000002,0,0.14370000000000005,0.15710000000000007,0.047200000000000075,0,False,False,False,False,False,False,False,True,False
2020-07-01,USA,19034830000000.0,108.7673,11.0,231.2598,0.73,0.2,False,85.22263,98.6451,8.39524517087691,26.84,40.71,359.8,245.2,94.4087463805646,18.3784814196237,115.0943,0.53,0,0.030000000000000027,1.0100000000000002,0.42999999999999994,0,False,False,False,False,False,False,False,False,True
2020-08-01,Australia,518939000000.0,107.9173,7.443364,213.66018526518835,0.897,0.1,False,109.6795,98.57047,-3.24333474953769,22.89,42.34,383.5,251.4,97.6914929429959,86829600000.0,110.8687,0.797,0,-0.031000000000000028,0.1130000000000001,0.528,0,True,False,False,False,False,False,False,False,False
2020-08-01,Canada,492031500000.0,108.4014,10.9,551.53028,0.516363636363636,0.18,False,94.83833,101.895135929787,13.5053926773635,22.89,42.34,383.5,251.4,97.6765267369686,20.5544422177684,115.52,0.33636363636363603,0,-0.03249999999999992,-0.074779220779221,0.49009090909090586,0,False,True,False,False,False,False,False,False,False
2020-08-01,France,479594900000.0,105.19,8.6,242.34147,-0.15,-0.444130434782609,False,91.54429,98.50109,12.0851526548549,22.89,42.34,383.5,251.4,98.177603830081,8.22072072072018,103.4332,0.29413043478260903,0,-0.04186956521739099,-0.019919565217390967,-0.08700592885375497,0,False,False,True,False,False,False,False,False,False
2020-08-01,Germany,725584660000.0,105.1121,3.8,312.9316,-0.52304347826087,-0.444130434782609,False,89.01418,99.2729,53.571428367725,22.89,42.34,383.5,251.4,97.1536035059745,-0.496524329692194,105.5042,-0.07891304347826106,1,-0.02062732919254706,0.11653695652173895,-0.15641304347826107,0,False,False,False,True,False,False,False,False,False
2020-08-01,Italy,357140200000.0,102.7,10.3,150.86638,1.196,-0.444130434782609,False,91.80558,99.27399,22.8535479700039,22.89,42.34,383.5,251.4,96.3853238660678,10.011641443539,96.39849,1.640130434782609,0,-0.19086956521739107,-0.4129195652173909,-0.026005928853755078,0,False,False,False,False,True,False,False,False,False
2020-08-01,Japan,125611975000000.0,101.8071,2.9,137.94266348206918,0.01,0.017,False,81.92418,95.89619,10.8483590004866,22.89,42.34,383.5,251.4,97.046241586542,11.0679008726735,102.6739,-0.007000000000000001,1,-0.024799999999999996,0.042,0.071,0,False,False,False,False,False,True,False,False,False
2020-08-01,South Korea,449633300000000.0,105.027448079689,4.2,160.69753512247394,1.36,0.79,False,102.7824,97.17339,-21.7976239938358,22.89,42.34,383.5,251.4,99.5682016204627,2.17176702862785,116.9762,0.5700000000000001,0,-0.031999999999999806,0.16600000000000015,0.3840000000000001,0,False,False,False,False,False,False,True,False,False
2020-08-01,UK,434718000000.0,109.2,4.6,343.81095,0.2094,0.1,False,105.5292,97.31718,68.4751692100601,22.89,42.34,383.5,251.4,95.018875823684,12.2994652406419,92.02005,0.1094,0,0.021399999999999975,0.4017,0.12589999999999996,0,False,False,False,False,False,False,False,True,False
2020-08-01,USA,19034830000000.0,109.3175,10.2,305.96355,0.62,0.18,False,90.76313,98.59637,19.0541466758051,22.89,42.34,383.5,251.4,96.2349640334061,5.84439283699882,120.638,0.44,0,-0.09000000000000002,1.1300000000000001,0.3299999999999999,0,False,False,False,False,False,False,False,False,True
2020-09-01,Australia,518939000000.0,107.9173,6.796104,196.51241337929454,0.905,0.1,False,109.955,98.50377,-20.6915036469321,27.65,39.63,394.3,261.0,98.2637764803608,92701200000.0,107.7882,0.805,0,0.008000000000000007,0.0020000000000000018,0.7110000000000001,0,True,False,False,False,False,False,False,False,False
2020-09-01,Canada,492031500000.0,108.2433,10.1,415.31553,0.5635,0.1575,False,97.95603,101.895135929787,7.08423507038913,27.65,39.63,394.3,261.0,98.2723380261368,0.581814151936721,113.2146,0.406,0,0.069636363636364,0.08999999999999997,0.74376315789474,0,False,True,False,False,False,False,False,False,False
2020-09-01,France,479594900000.0,105.09,9.0,202.95087,-0.17,-0.479714285714286,False,95.20214,98.9799,-11.6197429614442,27.65,39.63,394.3,261.0,98.0744813415772,-1.97710718002041,102.9413,0.30971428571428594,0,0.015583850931676912,0.06776428571428592,0.08086428571428594,0,False,False,True,False,False,False,False,False,False
2020-09-01,Germany,725584660000.0,105.1121,3.9,215.73822,-0.523333333333333,-0.479714285714286,False,90.94717,99.67586,2.78938670662678,27.65,39.63,394.3,261.0,98.6814028792419,0.299401197604299,105.9361,-0.043619047619047,1,0.035293995859214056,0.20093095238095293,0.013530952380953032,0,False,False,False,True,False,False,False,False,False
2020-09-01,Italy,357140200000.0,103.0,10.1,160.26182,1.032,-0.479714285714286,False,98.12247,99.72274,14.595548780523,27.65,39.63,394.3,261.0,97.8133715786586,-1.16402116402117,94.87207,1.511714285714286,0,-0.12841614906832288,-0.5222357142857139,0.147864285714286,0,False,False,False,False,True,False,False,False,False
2020-09-01,Japan,125611975000000.0,101.9089,3.0,125.79927495479038,0.045,0.0126,False,86.57172,96.4416,5.2462563145186,27.65,39.63,394.3,261.0,97.7232743601043,-3.03248532289744,105.3336,0.0324,0,0.0394,0.0447,0.19669999999999999,0,False,False,False,False,False,True,False,False,False
2020-09-01,South Korea,449633300000000.0,105.617786039386,3.7,162.82071084079965,1.373,0.68,False,104.4848,97.60503,-8.3925305778475,27.65,39.63,394.3,261.0,99.8677176988977,-4.44444444444443,117.817,0.693,0,0.12299999999999989,0.31900000000000006,0.5729999999999998,0,False,False,False,False,False,False,True,False,False
2020-09-01,UK,434718000000.0,108.8,5.0,293.55097,0.2717,0.07,False,110.4792,97.80187,-14.9332212073049,27.65,39.63,394.3,261.0,99.2488520665276,3.14285714285671,89.9651,0.2017,0,0.0923,0.2574,0.3187,0,False,False,False,False,False,False,False,True,False
2020-09-01,USA,19034830000000.0,109.6622,8.4,224.42637,0.65,0.15,False,94.18489,98.6133,1.95739781232025,27.65,39.63,394.3,261.0,97.846866053981,0.790107369929305,119.7456,0.5,0,0.06,0.0,0.5900000000000001,0,False,False,False,False,False,False,False,False,True
2020-10-01,Australia,538204000000.0,107.9173,6.927265,150.94860891411165,0.894,0.09,False,109.955,98.57712,12.9981225996548,29.44,39.4,401.6,257.4,98.9120442600973,92701200000.0,110.7327,0.804,0,-0.0010000000000000009,-0.02400000000000002,0.45000000000000007,0,True,False,False,False,False,False,False,False,False
2020-10-01,Canada,536725250000.0,108.1643,9.1,422.5006,0.55952380952381,0.142,False,98.30112,101.895135929787,-1.34978405079079,29.44,39.4,401.6,257.4,98.7316995635954,-0.176289114146988,113.2708,0.41752380952380996,0,0.011523809523809936,0.048660173160174014,0.27093290043290097,0,False,True,False,False,False,False,False,False,False
2020-10-01,France,563571900000.0,104.55,9.0,432.69126,-0.21,-0.491363636363636,False,95.89841,99.15891,-3.41247298199554,29.44,39.4,401.6,257.4,98.3356946266158,5.73248407643301,101.2923,0.28136363636363604,0,-0.028350649350649904,-0.05463636363636398,-0.085272727272728,0,False,False,True,False,False,False,False,False,False
2020-10-01,Germany,790267690000.0,105.1121,3.8,295.3185,-0.524090909090909,-0.491363636363636,False,90.85052,99.96133,-5.41259643402466,29.44,39.4,401.6,257.4,99.1363185804523,1.69154228855783,103.7749,-0.03272727272727305,1,0.010891774891773953,0.025558441558440947,0.09199999999999897,0,False,False,False,True,False,False,False,False,False
2020-10-01,Italy,406169800000.0,102.3,10.0,169.11854,0.981,-0.491363636363636,False,104.7552,99.99223,-1.74465589957219,29.44,39.4,401.6,257.4,98.7914259922584,8.02997858672405,93.26896,1.472363636363636,0,-0.03935064935064991,-0.35863636363636386,-0.49527272727272775,0,False,False,False,False,True,False,False,False,False
2020-10-01,Japan,132541125000000.0,101.7053,3.0,121.34243773047213,0.015,0.0108,False,89.1233,96.9056,3.0961494529026,29.44,39.4,401.6,257.4,98.2234156782669,4.7339757017177,105.0107,0.004199999999999999,0,-0.0282,-0.013599999999999998,0.008999999999999998,0,False,False,False,False,False,True,False,False,False
2020-10-01,South Korea,460042100000000.0,106.197582249803,4.1,136.2968058978634,1.5,0.63,False,106.0808,97.89124,17.4451794902449,29.44,39.4,401.6,257.4,100.225572263576,2.62891809908998,117.1766,0.87,0,0.17700000000000005,0.2680000000000001,0.6149999999999999,0,False,False,False,False,False,False,True,False,False
2020-10-01,UK,507643000000.0,109.2,5.2,276.29085,0.273,0.06,False,112.9015,98.007,2.93220433905117,29.44,39.4,401.6,257.4,99.2510952153341,1.20036934441363,88.72897,0.21300000000000002,0,0.011300000000000032,0.125,0.2821000000000001,0,False,False,False,False,False,False,False,True,False
2020-10-01,USA,20511785000000.0,109.8149,7.8,218.05829,0.68,0.13,False,95.05096,98.81078,4.99717673630715,29.44,39.4,401.6,257.4,98.5345255884897,0.0131493700919805,121.4711,0.55,0,0.050000000000000044,0.020000000000000018,1.0300000000000002,0,False,False,False,False,False,False,False,False,True
2020-11-01,Australia,538204000000.0,108.8461,6.947007,188.37811985984382,0.802,0.07,False,109.955,99.24825,10.6236348490626,25.0,40.94,396.3,252.1,99.2831868858202,92701200000.0,116.6687,0.732,0,-0.07200000000000006,-0.06500000000000006,0.04800000000000004,0,True,False,False,False,False,False,False,False,False
2020-11-01,Canada,536725250000.0,108.6384,9.0,497.61172,0.602857142857143,0.1,False,99.38113,101.895135929787,-5.16857151513025,25.0,40.94,396.3,252.1,99.3069169718761,3.48050036791741,116.7689,0.502857142857143,0,0.08533333333333304,0.16649350649350697,0.09171428571428597,0,False,True,False,False,False,False,False,False,False
2020-11-01,France,563571900000.0,104.51,8.3,358.26841,-0.3,-0.509136363636364,False,97.46745,99.09138,4.45159136043301,25.0,40.94,396.3,252.1,98.4631270065385,-3.61445783132496,111.1591,0.20913636363636406,0,-0.07222727272727197,-0.08499407114624496,-0.10491363636363593,0,False,False,True,False,False,False,False,False,False
2020-11-01,Germany,790267690000.0,105.323,3.8,443.74243,-0.607272727272727,-0.509136363636364,False,93.1701,100.0187,7.9276524275836,25.0,40.94,396.3,252.1,99.3848462501137,-0.782778864971023,105.5023,-0.09813636363636291,1,-0.06540909090908986,-0.019223320158101853,0.0973136363636371,0,False,False,False,True,False,False,False,False,False
2020-11-01,Italy,406169800000.0,102.5,10.0,173.76362,0.77,-0.509136363636364,False,100.4387,100.0555,-1.17340853294944,25.0,40.94,396.3,252.1,99.3730084932171,-0.297324083251305,101.1906,1.279136363636364,0,-0.19322727272727214,-0.36099407114624493,-0.7739136363636359,0,False,False,False,False,True,False,False,False,False
2020-11-01,Japan,132541125000000.0,101.6035,3.1,95.72633346528309,0.04,0.0125,False,91.03699,97.31589,5.73825319081027,25.0,40.94,396.3,252.1,98.53630887919,-1.43768768768777,110.2328,0.0275,0,0.0233,0.0345,0.0765,0,False,False,False,False,False,True,False,False,False
2020-11-01,South Korea,460042100000000.0,105.607244290105,4.2,189.37909606061223,1.507,0.63,False,110.8688,98.06468,-9.93589430405235,25.0,40.94,396.3,252.1,100.611013779422,1.57635467980293,124.512,0.8769999999999999,0,0.006999999999999895,0.30699999999999983,0.473,0,False,False,False,False,False,False,True,False,False
2020-11-01,UK,507643000000.0,109.2,5.2,322.77067,0.3058,0.05,False,113.2175,97.83266,-7.0767030478088,25.0,40.94,396.3,252.1,98.3498578720419,1.55109489051084,94.35523,0.2558,0,0.042800000000000005,0.14640000000000003,0.5481,0,False,False,False,False,False,False,False,True,False
2020-11-01,USA,20511785000000.0,109.8605,6.9,249.17362,0.79,0.12,False,95.00764,99.11648,-0.349556332347489,25.0,40.94,396.3,252.1,98.8362026156995,1.63431345860898,128.248,0.67,0,0.12,0.23000000000000004,1.36,0,False,False,False,False,False,False,False,False,True
2020-12-01,Australia,538204000000.0,108.8461,6.807237,192.40132352440946,0.856,0.02,False,109.9124,100.0924,12.6277591347197,22.37,47.02,415.0,253.7,99.7990964776628,94594600000.0,121.2146,0.836,0,0.10399999999999998,0.030999999999999917,0.03299999999999992,0,True,False,False,False,False,False,False,False,False
2020-12-01,Canada,536725250000.0,108.7964,8.6,455.04761,0.6885,0.1075,False,100.247,101.895135929787,0.710173955935645,22.37,47.02,415.0,253.7,99.4271677782492,0.355542914029994,122.2525,0.581,0,0.07814285714285696,0.17499999999999993,0.2649999999999999,0,False,True,False,False,False,False,False,False,False
2020-12-01,France,563571900000.0,104.73,8.1,403.88629,-0.32,-0.520857142857143,False,99.88968,98.76158,-26.0103644378638,22.37,47.02,415.0,253.7,98.7867491572531,2.70833333333265,115.7445,0.200857142857143,0,-0.008279220779221053,-0.10885714285714293,-0.041092857142857014,0,False,False,True,False,False,False,False,False,False
2020-12-01,Germany,790267690000.0,105.1121,3.8,387.49448,-0.614761904761905,-0.520857142857143,False,96.74613,99.8502,-3.42334939068131,22.37,47.02,415.0,253.7,99.6343482431369,2.46548323471416,110.64,-0.09390476190476194,1,0.004231601731600976,-0.05028571428571493,0.150645238095238,0,False,False,False,True,False,False,False,False,False
2020-12-01,Italy,406169800000.0,102.4,9.5,279.38913,0.664,-0.520857142857143,False,102.6496,99.78658,-9.19426901392035,22.37,47.02,415.0,253.7,99.7426846301556,-0.0994035785286673,106.2241,1.184857142857143,0,-0.0942792207792209,-0.32685714285714296,-0.8490928571428569,0,False,False,False,False,True,False,False,False,False
2020-12-01,Japan,132541125000000.0,101.298,3.0,128.84479305112907,0.03,0.0106,False,95.22888,97.51375,-4.54585235038096,22.37,47.02,415.0,253.7,98.8199759391177,-0.584747207023095,114.8566,0.0194,0,-0.0081,-0.012999999999999998,0.0317,0,False,False,False,False,False,True,False,False,False
2020-12-01,South Korea,460042100000000.0,105.512368546583,4.1,287.6910663124305,1.61,0.66,False,110.3368,98.60651,2.7283682846823,22.37,47.02,415.0,253.7,100.994456225021,-0.969932104752669,137.3865,0.9500000000000001,0,0.07300000000000018,0.2570000000000001,0.5760000000000002,0,False,False,False,False,False,False,True,False,False
2020-12-01,UK,507643000000.0,109.1,5.3,313.84183,0.3836,0.04,False,113.0068,97.50163,-23.0244921065285,22.37,47.02,415.0,253.7,97.8668132842227,0.898472596586042,98.82664,0.3436,0,0.08779999999999999,0.14190000000000003,0.39930000000000004,0,False,False,False,False,False,False,False,True,False
2020-12-01,USA,20511785000000.0,109.7934,6.7,246.7071,0.87,0.16,False,95.58734,99.26201,0.485698866702489,22.37,47.02,415.0,253.7,99.2053124870564,-0.524894626881656,134.5941,0.71,0,0.039999999999999925,0.20999999999999996,0.20999999999999996,0,False,False,False,False,False,False,False,False,True
